1da0.1cd8: Log file opened: 7.2.18r175117 g_hStartupLog=00000000000000a4 g_uNtVerCombined=0xa0665800
1da0.1cd8: \SystemRoot\System32\ntdll.dll:
1da0.1cd8:     CreationTime:    2026-09-10T06:50:31.768836000Z
1da0.1cd8:     LastWriteTime:   2026-09-10T06:50:31.872670600Z
1da0.1cd8:     ChangeTime:      2026-09-21T10:41:42.527856300Z
1da0.1cd8:     FileAttributes:  0x20
1da0.1cd8:     Size:            0x267be0
1da0.1cd8:     NT Headers:      0xe0
1da0.1cd8:     Timestamp:       0x6bdf03ca
1da0.1cd8:     Machine:         0x8664 - amd64
1da0.1cd8:     Timestamp:       0x6bdf03ca
1da0.1cd8:     Image Version:   10.0
1da0.1cd8:     SizeOfImage:     0x267000 (2519040)
1da0.1cd8:     Resource Dir:    0x1eb000 LB 0x7a588
1da0.1cd8:     [Version info resource found at 0xd8! (ID/Name: 0x1; SubID/SubName: 0x409)]
1da0.1cd8:     [Raw version resource data: 0x1eb0f0 LB 0x380, codepage 0x0 (reserved 0x0)]
1da0.1cd8:     ProductName:     Microsoft® Windows® Operating System
1da0.1cd8:     ProductVersion:  10.0.26100.9444
1da0.1cd8:     FileVersion:     10.0.26100.9444 (WinBuild.160101.0800)
1da0.1cd8:     FileDescription: NT Layer DLL
1da0.1cd8: \SystemRoot\System32\kernel32.dll:
1da0.1cd8:     CreationTime:    2026-09-10T06:50:27.724018400Z
1da0.1cd8:     LastWriteTime:   2026-09-10T06:50:27.759147900Z
1da0.1cd8:     ChangeTime:      2026-09-21T10:41:42.691408300Z
1da0.1cd8:     FileAttributes:  0x20
1da0.1cd8:     Size:            0xce2d0
1da0.1cd8:     NT Headers:      0xf8
1da0.1cd8:     Timestamp:       0x3ecccf12
1da0.1cd8:     Machine:         0x8664 - amd64
1da0.1cd8:     Timestamp:       0x3ecccf12
1da0.1cd8:     Image Version:   10.0
1da0.1cd8:     SizeOfImage:     0xcb000 (831488)
1da0.1cd8:     Resource Dir:    0xc9000 LB 0x520
1da0.1cd8:     [Version info resource found at 0x90! (ID/Name: 0x1; SubID/SubName: 0x409)]
1da0.1cd8:     [Raw version resource data: 0xc90b0 LB 0x3a4, codepage 0x0 (reserved 0x0)]
1da0.1cd8:     ProductName:     Microsoft® Windows® Operating System
1da0.1cd8:     ProductVersion:  10.0.26100.9444
1da0.1cd8:     FileVersion:     10.0.26100.9444 (WinBuild.160101.0800)
1da0.1cd8:     FileDescription: Windows NT BASE API Client DLL
1da0.1cd8: \SystemRoot\System32\KernelBase.dll:
1da0.1cd8:     CreationTime:    2026-09-10T06:50:27.789912300Z
1da0.1cd8:     LastWriteTime:   2026-09-10T06:50:28.096557800Z
1da0.1cd8:     ChangeTime:      2026-09-21T10:41:42.647548000Z
1da0.1cd8:     FileAttributes:  0x20
1da0.1cd8:     Size:            0x404590
1da0.1cd8:     NT Headers:      0xf8
1da0.1cd8:     Timestamp:       0x28606b21
1da0.1cd8:     Machine:         0x8664 - amd64
1da0.1cd8:     Timestamp:       0x28606b21
1da0.1cd8:     Image Version:   10.0
1da0.1cd8:     SizeOfImage:     0x402000 (4202496)
1da0.1cd8:     Resource Dir:    0x3c7000 LB 0x548
1da0.1cd8:     [Version info resource found at 0x90! (ID/Name: 0x1; SubID/SubName: 0x409)]
1da0.1cd8:     [Raw version resource data: 0x3c70b0 LB 0x3bc, codepage 0x0 (reserved 0x0)]
1da0.1cd8:     ProductName:     Microsoft® Windows® Operating System
1da0.1cd8:     ProductVersion:  10.0.26100.9444
1da0.1cd8:     FileVersion:     10.0.26100.9444 (WinBuild.160101.0800)
1da0.1cd8:     FileDescription: Windows NT BASE API Client DLL
1da0.1cd8: \SystemRoot\System32\apisetschema.dll:
1da0.1cd8:     CreationTime:    2026-09-10T06:50:13.107133100Z
1da0.1cd8:     LastWriteTime:   2026-09-10T06:50:13.118162000Z
1da0.1cd8:     ChangeTime:      2026-09-21T10:41:38.872877700Z
1da0.1cd8:     FileAttributes:  0x20
1da0.1cd8:     Size:            0x2f5e0
1da0.1cd8:     NT Headers:      0xd8
1da0.1cd8:     Timestamp:       0x78baaf65
1da0.1cd8:     Machine:         0x8664 - amd64
1da0.1cd8:     Timestamp:       0x78baaf65
1da0.1cd8:     Image Version:   10.0
1da0.1cd8:     SizeOfImage:     0x2e000 (188416)
1da0.1cd8:     Resource Dir:    0x2d000 LB 0x408
1da0.1cd8:     [Version info resource found at 0x48! (ID/Name: 0x1; SubID/SubName: 0x409)]
1da0.1cd8:     [Raw version resource data: 0x2d060 LB 0x3a8, codepage 0x0 (reserved 0x0)]
1da0.1cd8:     ProductName:     Microsoft® Windows® Operating System
1da0.1cd8:     ProductVersion:  10.0.26100.9278
1da0.1cd8:     FileVersion:     10.0.26100.9278 (WinBuild.160101.0800)
1da0.1cd8:     FileDescription: ApiSet Schema DLL
1da0.1cd8: root name: type=FilterConnectionPort name=UnionfsPort
1da0.1cd8: root name: type=Event name={38F140EC-9956-4E4E-8D22-14BDCDC005D8}
1da0.1cd8: root name: type=Mutant name=PendingRenameMutex
1da0.1cd8: root name: type=Directory name=ObjectTypes
1da0.1cd8: root name: type=Job name=Container_Kaspersky.ShellEx26_1.0.0.15_neutral__78azx59njhjpr-S-1-5-21-3044716791-89837938-1157934026-1007
1da0.1cd8: root name: type=FilterConnectionPort name=storqosfltport
1da0.1cd8: root name: type=FilterConnectionPort name=MicrosoftMalwareProtectionRemoteIoPortWD
1da0.1cd8: root name: type=FilterConnectionPort name=MicrosoftDataLossPreventionPort
1da0.1cd8: root name: type=SymbolicLink name=SystemRoot
1da0.1cd8: root name: type=Section name=Win32kSiloSessionGlobals
1da0.1cd8: root name: type=Directory name=Sessions
1da0.1cd8: root name: type=FilterConnectionPort name=MicrosoftMalwareProtectionVeryLowIoPortWD
1da0.1cd8: root name: type=ALPC Port name=SleepstudyControlPort
1da0.1cd8: root name: type=Directory name=ArcName
1da0.1cd8: root name: type=Job name=Container_Microsoft.GamingApp_2609.1001.16.0_x64__8wekyb3d8bbwe-S-1-5-21-3044716791-89837938-1157934026-1007
1da0.1cd8: root name: type=FilterConnectionPort name=WcifsPort
1da0.1cd8: root name: type=Directory name=NLS
1da0.1cd8: root name: type=Event name=LanmanServerAnnounceEvent
1da0.1cd8: root name: type=ALPC Port name=ThemeApiPort
1da0.1cd8: root name: type=Directory name=Windows
1da0.1cd8: root name: type=Directory name=GLOBAL??
1da0.1cd8: root name: type=Directory name=RPC Control
1da0.1cd8: root name: type=FilterConnectionPort name=MicrosoftDataLossPreventionControlPort
1da0.1cd8: root name: type=ALPC Port name=PdcPort
1da0.1cd8: root name: type=Event name=EFSInitEvent
1da0.1cd8: root name: type=SymbolicLink name=Dfs
1da0.1cd8: root name: type=Device name=clfs
1da0.1cd8: root name: type=FilterConnectionPort name=MicrosoftDataLossPreventionRemoteIoPort
1da0.1cd8: root name: type=Event name=CsrSbSyncEvent
1da0.1cd8: root name: type=ALPC Port name=SeRmCommandPort
1da0.1cd8: root name: type=SymbolicLink name=DosDevices
1da0.1cd8: root name: type=Job name=Container_Microsoft.WindowsNotepad_11.2607.14.0_x64__8wekyb3d8bbwe-S-1-5-21-3044716791-89837938-1157934026-1007
1da0.1cd8: root name: type=Directory name=KnownDlls32
1da0.1cd8: root name: type=Key name=REGISTRY
1da0.1cd8: root name: type=Directory name=BaseNamedObjects
1da0.1cd8: root name: type=FilterConnectionPort name=KlifComm.K4W-21-26
1da0.1cd8: root name: type=FilterConnectionPort name=MicrosoftDataLossPreventionVeryLowIoPort
1da0.1cd8: root name: type=ALPC Port name=PowerPort
1da0.1cd8: root name: type=ALPC Port name=SmSsWinStationApiPort
1da0.1cd8: root name: type=Event name=UniqueInteractiveSessionIdEvent
1da0.1cd8: root name: type=Directory name=UMDFCommunicationPorts
1da0.1cd8: root name: type=Job name=Container_Microsoft.MicrosoftOfficeHub_19.2609.52011.0_x64__8wekyb3d8bbwe-S-1-5-21-3044716791-89837938-1157934026-1007
1da0.1cd8: root name: type=Device name=FatCdrom
1da0.1cd8: root name: type=Device name=Fat
1da0.1cd8: root name: type=Directory name=KnownDlls
1da0.1cd8: root name: type=ALPC Port name=PowerMonitorPort
1da0.1cd8: root name: type=Device name=Ntfs
1da0.1cd8: root name: type=Directory name=FileSystem
1da0.1cd8: root name: type=Directory name=KernelObjects
1da0.1cd8: root name: type=FilterConnectionPort name=MicrosoftMalwareProtectionControlPortWD
1da0.1cd8: root name: type=ALPC Port name=SeLsaCommandPort
1da0.1cd8: root name: type=SymbolicLink name=KlifComm
1da0.1cd8: root name: type=Directory name=Callback
1da0.1cd8: root name: type=FilterConnectionPort name=MicrosoftDataLossPreventionAsyncPort
1da0.1cd8: root name: type=FilterConnectionPort name=BindFltPort
1da0.1cd8: root name: type=Directory name=DriverStore
1da0.1cd8: root name: type=Directory name=Security
1da0.1cd8: root name: type=FilterConnectionPort name=MicrosoftMalwareProtectionAsyncPortWD
1da0.1cd8: root name: type=Directory name=Device
1da0.1cd8: root name: type=Directory name=Kaspersky
1da0.1cd8: root name: type=SymbolicLink name=DriverData
1da0.1cd8: root name: type=Job name=Container_MicrosoftWindows.CrossDevice_1.26072.116.0_x64__cw5n1h2txyewy-S-1-5-21-3044716791-89837938-1157934026-1007
1da0.1cd8: root name: type=Job name=Container_MicrosoftWindows.Client.CBS_1000.26100.360.0_x64__cw5n1h2txyewy-S-1-5-21-3044716791-89837938-1157934026-1007
1da0.1cd8: root name: type=ALPC Port name=SmApiPort
1da0.1cd8: root name: type=FilterConnectionPort name=CLDMSGPORT
1da0.1cd8: root name: type=FilterConnectionPort name=MicrosoftMalwareProtectionPortWD
1da0.1cd8: root name: type=SymbolicLink name=OSDataRoot
1da0.1cd8: root name: type=Event name=SAM_SERVICE_STARTED
1da0.1cd8: root name: type=Directory name=Driver
1da0.1cd8: root name: type=SymbolicLink name=DriverStores
1da0.1cd8: NtOpenDirectoryObject failed on '\Driver': 0xc0000022
1da0.1cd8: \SystemRoot\System32\drivers\klim6.sys: (new adversary 0x40)
1da0.1cd8:     CreationTime:    2025-01-18T13:38:32.000000000Z
1da0.1cd8:     LastWriteTime:   2026-07-08T16:30:30.000000000Z
1da0.1cd8:     ChangeTime:      2026-09-09T01:33:32.557807000Z
1da0.1cd8:     FileAttributes:  0x20
1da0.1cd8:     Size:            0x166b8
1da0.1cd8:     NT Headers:      0xd8
1da0.1cd8:     Timestamp:       0x69fd1cbb
1da0.1cd8:     Machine:         0x8664 - amd64
1da0.1cd8:     Timestamp:       0x69fd1cbb
1da0.1cd8:     Image Version:   6.1
1da0.1cd8:     SizeOfImage:     0x16000 (90112)
1da0.1cd8:     Resource Dir:    0x14000 LB 0x498
1da0.1cd8:     [Version info resource found at 0x48! (ID/Name: 0x1; SubID/SubName: 0x409)]
1da0.1cd8:     [Raw version resource data: 0x14060 LB 0x438, codepage 0x0 (reserved 0x0)]
1da0.1cd8:     ProductName:     Kaspersky
1da0.1cd8:     ProductVersion:  30.1942.0.1057-20a5a57547ec76491df6ce5df618052e511d4ab5
1da0.1cd8:     FileVersion:     30.1942.0.1057
1da0.1cd8:     FileDescription: Packet Network Filter [fre_win7_x64]
1da0.1cd8: supR3HardenedWinFindAdversaries: 0x40
1da0.1cd8: supR3HardenedWinInitAppBin(0x0): '\Device\HarddiskVolume3\Program Files\Oracle\VirtualBox'
1da0.1cd8: Calling main()
1da0.1cd8: SUPR3HardenedMain: pszProgName=VirtualBoxVM fFlags=0x2
1da0.1cd8: supR3HardenedWinInitAppBin(0x2): '\Device\HarddiskVolume3\Program Files\Oracle\VirtualBox'
1da0.1cd8: SUPR3HardenedMain: Respawn #1
1da0.1cd8: System32:  \Device\HarddiskVolume3\Windows\System32
1da0.1cd8: WinSxS:    \Device\HarddiskVolume3\Windows\WinSxS
1da0.1cd8: KnownDllPath: C:\WINDOWS\System32
1da0.1cd8: supR3HardenedWinInit: Performing a limited self purification...
1da0.1cd8: supHardNtVpScanVirtualMemory: enmKind=SELF_PURIFICATION
1da0.1cd8:  *0000000000000000-000000007ffdffff 0x0001/0x0000 0x0000000
1da0.1cd8:  *000000007ffe0000-000000007ffe0fff 0x0002/0x0002 0x0020000
1da0.1cd8:   000000007ffe1000-000000007ffe1fff 0x0001/0x0000 0x0000000
1da0.1cd8:  *000000007ffe2000-000000007ffe2fff 0x0002/0x0002 0x0020000
1da0.1cd8:   000000007ffe3000-000000ddf63fffff 0x0001/0x0000 0x0000000
1da0.1cd8:  *000000ddf6400000-000000ddf6493fff 0x0000/0x0004 0x0020000
1da0.1cd8:   000000ddf6494000-000000ddf6496fff 0x0004/0x0004 0x0020000
1da0.1cd8:   000000ddf6497000-000000ddf65fffff 0x0000/0x0004 0x0020000
1da0.1cd8:  *000000ddf6600000-000000ddf66b0fff 0x0000/0x0004 0x0020000
1da0.1cd8:   000000ddf66b1000-000000ddf66b3fff 0x0104/0x0004 0x0020000
1da0.1cd8:   000000ddf66b4000-000000ddf66fffff 0x0004/0x0004 0x0020000
1da0.1cd8:  *000000ddf6700000-000000ddf67fcfff 0x0000/0x0002 0x0020000
1da0.1cd8:   000000ddf67fd000-000000ddf67fdfff 0x0102/0x0002 0x0020000
1da0.1cd8:   000000ddf67fe000-000000ddf67fefff 0x0002/0x0002 0x0020000
1da0.1cd8:   000000ddf67ff000-000000ddf67fffff 0x0000/0x0002 0x0020000
1da0.1cd8:   000000ddf6800000-0000028f1670ffff 0x0001/0x0000 0x0000000
1da0.1cd8:  *0000028f16710000-0000028f16710fff 0x0004/0x0004 0x0040000
1da0.1cd8:   0000028f16711000-0000028f16711fff 0x0000/0x0004 0x0040000
1da0.1cd8:   0000028f16712000-0000028f1671ffff 0x0001/0x0000 0x0000000
1da0.1cd8:  *0000028f16720000-0000028f1672ffff 0x0004/0x0004 0x0040000
1da0.1cd8:  *0000028f16730000-0000028f16759fff 0x0002/0x0002 0x0040000
1da0.1cd8:   0000028f1675a000-0000028f1675ffff 0x0001/0x0000 0x0000000
1da0.1cd8:  *0000028f16760000-0000028f16763fff 0x0002/0x0002 0x0040000
1da0.1cd8:   0000028f16764000-0000028f1676ffff 0x0001/0x0000 0x0000000
1da0.1cd8:  *0000028f16770000-0000028f16770fff 0x0002/0x0002 0x0040000
1da0.1cd8:   0000028f16771000-0000028f1677ffff 0x0001/0x0000 0x0000000
1da0.1cd8:  *0000028f16780000-0000028f16781fff 0x0004/0x0004 0x0020000
1da0.1cd8:   0000028f16782000-0000028f1678ffff 0x0001/0x0000 0x0000000
1da0.1cd8:  *0000028f16790000-0000028f16792fff 0x0002/0x0002 0x0040000
1da0.1cd8:   0000028f16793000-0000028f1679ffff 0x0001/0x0000 0x0000000
1da0.1cd8:  *0000028f167a0000-0000028f167abfff 0x0002/0x0002 0x0040000
1da0.1cd8:   0000028f167ac000-0000028f167affff 0x0001/0x0000 0x0000000
1da0.1cd8:  *0000028f167b0000-0000028f167bbfff 0x0002/0x0002 0x0040000
1da0.1cd8:   0000028f167bc000-0000028f167bffff 0x0001/0x0000 0x0000000
1da0.1cd8:  *0000028f167c0000-0000028f167cafff 0x0002/0x0002 0x0040000
1da0.1cd8:   0000028f167cb000-0000028f167cffff 0x0001/0x0000 0x0000000
1da0.1cd8:  *0000028f167d0000-0000028f167d2fff 0x0002/0x0002 0x0040000
1da0.1cd8:   0000028f167d3000-0000028f167dffff 0x0001/0x0000 0x0000000
1da0.1cd8:  *0000028f167e0000-0000028f168b2fff 0x0002/0x0002 0x0040000
1da0.1cd8:   0000028f168b3000-0000028f16ffffff 0x0001/0x0000 0x0000000
1da0.1cd8:  *0000028f17000000-0000028f17001fff 0x0004/0x0004 0x0020000
1da0.1cd8:   0000028f17002000-0000028f170fffff 0x0000/0x0004 0x0020000
1da0.1cd8:   0000028f17100000-0000028f17108fff 0x0004/0x0004 0x0020000
1da0.1cd8:   0000028f17109000-0000028f17112fff 0x0000/0x0004 0x0020000
1da0.1cd8:   0000028f17113000-0000028f17113fff 0x0004/0x0004 0x0020000
1da0.1cd8:   0000028f17114000-0000028f171fffff 0x0000/0x0004 0x0020000
1da0.1cd8:   0000028f17200000-0000028f17200fff 0x0004/0x0004 0x0020000
1da0.1cd8:   0000028f17201000-0000028f172fffff 0x0000/0x0004 0x0020000
1da0.1cd8:   0000028f17300000-0000028f17302fff 0x0004/0x0004 0x0020000
1da0.1cd8:   0000028f17303000-0000028f173fffff 0x0000/0x0004 0x0020000
1da0.1cd8:   0000028f17400000-0000028f17401fff 0x0004/0x0004 0x0020000
1da0.1cd8:   0000028f17402000-0000028f174fffff 0x0000/0x0004 0x0020000
1da0.1cd8:   0000028f17500000-0000028f17511fff 0x0004/0x0004 0x0020000
1da0.1cd8:   0000028f17512000-0000028f17512fff 0x0000/0x0004 0x0020000
1da0.1cd8:   0000028f17513000-0000028f1752dfff 0x0004/0x0004 0x0020000
1da0.1cd8:   0000028f1752e000-0000028f1752efff 0x0000/0x0004 0x0020000
1da0.1cd8:   0000028f1752f000-0000028f1753efff 0x0004/0x0004 0x0020000
1da0.1cd8:   0000028f1753f000-0000028f17547fff 0x0000/0x0004 0x0020000
1da0.1cd8:   0000028f17548000-0000028f17548fff 0x0004/0x0004 0x0020000
1da0.1cd8:   0000028f17549000-0000028f17ffffff 0x0000/0x0004 0x0020000
1da0.1cd8:  *0000028f18000000-0000028f18001fff 0x0004/0x0004 0x0020000
1da0.1cd8:   0000028f18002000-0000028f1800ffff 0x0000/0x0004 0x0020000
1da0.1cd8:   0000028f18010000-0000028f18276fff 0x0004/0x0004 0x0020000
1da0.1cd8:   0000028f18277000-0000028f18ffffff 0x0000/0x0004 0x0020000
1da0.1cd8:   0000028f19000000-00007df45f23ffff 0x0001/0x0000 0x0000000
1da0.1cd8:  *00007df45f240000-00007df464421fff 0x0000/0x0004 0x0020000
1da0.1cd8:   00007df464422000-00007df464423fff 0x0004/0x0004 0x0020000
1da0.1cd8:   00007df464424000-00007df55f23ffff 0x0000/0x0004 0x0020000
1da0.1cd8:   00007df55f240000-00007df55f240fff 0x0004/0x0004 0x0020000
1da0.1cd8:   00007df55f241000-00007df55f25ffff 0x0000/0x0004 0x0020000
1da0.1cd8:  *00007df55f260000-00007df560b3ffff 0x0000/0x0001 0x0040000
1da0.1cd8:   00007df560b40000-00007df560b49fff 0x0001/0x0001 0x0040000
1da0.1cd8:   00007df560b4a000-00007df56101afff 0x0000/0x0001 0x0040000
1da0.1cd8:   00007df56101b000-00007df56101bfff 0x0001/0x0001 0x0040000
1da0.1cd8:   00007df56101c000-00007ff53d0effff 0x0000/0x0001 0x0040000
1da0.1cd8:   00007ff53d0f0000-00007ff53d0f4fff 0x0002/0x0001 0x0040000
1da0.1cd8:   00007ff53d0f5000-00007ff54323bfff 0x0000/0x0001 0x0040000
1da0.1cd8:   00007ff54323c000-00007ff546429fff 0x0001/0x0001 0x0040000
1da0.1cd8:   00007ff54642a000-00007ff54643afff 0x0002/0x0001 0x0040000
1da0.1cd8:   00007ff54643b000-00007ff546447fff 0x0001/0x0001 0x0040000
1da0.1cd8:   00007ff546448000-00007ff54644bfff 0x0002/0x0001 0x0040000
1da0.1cd8:   00007ff54644c000-00007ff5464d3fff 0x0001/0x0001 0x0040000
1da0.1cd8:   00007ff5464d4000-00007ff5464ddfff 0x0002/0x0001 0x0040000
1da0.1cd8:   00007ff5464de000-00007ff55f25ffff 0x0000/0x0001 0x0040000
1da0.1cd8:   00007ff55f260000-00007ff5c37effff 0x0001/0x0000 0x0000000
1da0.1cd8:  *00007ff5c37f0000-00007ff5c37f4fff 0x0002/0x0002 0x0040000
1da0.1cd8:   00007ff5c37f5000-00007ff5c38effff 0x0000/0x0002 0x0040000
1da0.1cd8:  *00007ff5c38f0000-00007ff5c3992fff 0x0000/0x0004 0x0020000
1da0.1cd8:   00007ff5c3993000-00007ff5c3993fff 0x0004/0x0004 0x0020000
1da0.1cd8:   00007ff5c3994000-00007ff5c58effff 0x0000/0x0004 0x0020000
1da0.1cd8:   00007ff5c58f0000-00007ff5c58f0fff 0x0004/0x0004 0x0020000
1da0.1cd8:   00007ff5c58f1000-00007ff5c58fffff 0x0001/0x0000 0x0000000
1da0.1cd8:  *00007ff5c5900000-00007ff5c5900fff 0x0002/0x0002 0x0040000
1da0.1cd8:   00007ff5c5901000-00007ff77a41ffff 0x0001/0x0000 0x0000000
1da0.1cd8:  *00007ff77a420000-00007ff77a420fff 0x0002/0x0080 0x1000000  \Device\HarddiskVolume3\Program Files\Oracle\VirtualBox\VirtualBoxVM.exe
1da0.1cd8:   00007ff77a421000-00007ff77a48efff 0x0020/0x0080 0x1000000  \Device\HarddiskVolume3\Program Files\Oracle\VirtualBox\VirtualBoxVM.exe
1da0.1cd8:   00007ff77a48f000-00007ff77a4e4fff 0x0002/0x0080 0x1000000  \Device\HarddiskVolume3\Program Files\Oracle\VirtualBox\VirtualBoxVM.exe
1da0.1cd8:   00007ff77a4e5000-00007ff77a4e7fff 0x0004/0x0080 0x1000000  \Device\HarddiskVolume3\Program Files\Oracle\VirtualBox\VirtualBoxVM.exe
1da0.1cd8:   00007ff77a4e8000-00007ff77a4eafff 0x0008/0x0080 0x1000000  \Device\HarddiskVolume3\Program Files\Oracle\VirtualBox\VirtualBoxVM.exe
1da0.1cd8:   00007ff77a4eb000-00007ff77a4f0fff 0x0004/0x0080 0x1000000  \Device\HarddiskVolume3\Program Files\Oracle\VirtualBox\VirtualBoxVM.exe
1da0.1cd8:   00007ff77a4f1000-00007ff77a4f1fff 0x0008/0x0080 0x1000000  \Device\HarddiskVolume3\Program Files\Oracle\VirtualBox\VirtualBoxVM.exe
1da0.1cd8:   00007ff77a4f2000-00007ff77a52cfff 0x0002/0x0080 0x1000000  \Device\HarddiskVolume3\Program Files\Oracle\VirtualBox\VirtualBoxVM.exe
1da0.1cd8:   00007ff77a52d000-00007ff9c729ffff 0x0001/0x0000 0x0000000
1da0.1cd8:  *00007ff9c72a0000-00007ff9c72a0fff 0x0002/0x0080 0x1000000  \Device\HarddiskVolume3\Windows\System32\KernelBase.dll
1da0.1cd8:   00007ff9c72a1000-00007ff9c7449fff 0x0020/0x0080 0x1000000  \Device\HarddiskVolume3\Windows\System32\KernelBase.dll
1da0.1cd8:   00007ff9c744a000-00007ff9c7647fff 0x0002/0x0080 0x1000000  \Device\HarddiskVolume3\Windows\System32\KernelBase.dll
1da0.1cd8:   00007ff9c7648000-00007ff9c764bfff 0x0004/0x0080 0x1000000  \Device\HarddiskVolume3\Windows\System32\KernelBase.dll
1da0.1cd8:   00007ff9c764c000-00007ff9c764cfff 0x0008/0x0080 0x1000000  \Device\HarddiskVolume3\Windows\System32\KernelBase.dll
1da0.1cd8:   00007ff9c764d000-00007ff9c7650fff 0x0004/0x0080 0x1000000  \Device\HarddiskVolume3\Windows\System32\KernelBase.dll
1da0.1cd8:   00007ff9c7651000-00007ff9c7652fff 0x0008/0x0080 0x1000000  \Device\HarddiskVolume3\Windows\System32\KernelBase.dll
1da0.1cd8:   00007ff9c7653000-00007ff9c76a1fff 0x0002/0x0080 0x1000000  \Device\HarddiskVolume3\Windows\System32\KernelBase.dll
1da0.1cd8:   00007ff9c76a2000-00007ff9c7a1ffff 0x0001/0x0000 0x0000000
1da0.1cd8:  *00007ff9c7a20000-00007ff9c7a20fff 0x0002/0x0080 0x1000000  \Device\HarddiskVolume3\Windows\System32\kernel32.dll
1da0.1cd8:   00007ff9c7a21000-00007ff9c7aa7fff 0x0020/0x0080 0x1000000  \Device\HarddiskVolume3\Windows\System32\kernel32.dll
1da0.1cd8:   00007ff9c7aa8000-00007ff9c7ae0fff 0x0002/0x0080 0x1000000  \Device\HarddiskVolume3\Windows\System32\kernel32.dll
1da0.1cd8:   00007ff9c7ae1000-00007ff9c7ae2fff 0x0004/0x0080 0x1000000  \Device\HarddiskVolume3\Windows\System32\kernel32.dll
1da0.1cd8:   00007ff9c7ae3000-00007ff9c7aeafff 0x0002/0x0080 0x1000000  \Device\HarddiskVolume3\Windows\System32\kernel32.dll
1da0.1cd8:   00007ff9c7aeb000-00007ff9c9cfffff 0x0001/0x0000 0x0000000
1da0.1cd8:  *00007ff9c9d00000-00007ff9c9d00fff 0x0002/0x0080 0x1000000  \Device\HarddiskVolume3\Windows\System32\ntdll.dll
1da0.1cd8:   00007ff9c9d01000-00007ff9c9e72fff 0x0020/0x0080 0x1000000  \Device\HarddiskVolume3\Windows\System32\ntdll.dll
1da0.1cd8:   00007ff9c9e73000-00007ff9c9ecbfff 0x0002/0x0080 0x1000000  \Device\HarddiskVolume3\Windows\System32\ntdll.dll
1da0.1cd8:   00007ff9c9ecc000-00007ff9c9ed4fff 0x0004/0x0080 0x1000000  \Device\HarddiskVolume3\Windows\System32\ntdll.dll
1da0.1cd8:   00007ff9c9ed5000-00007ff9c9f66fff 0x0002/0x0080 0x1000000  \Device\HarddiskVolume3\Windows\System32\ntdll.dll
1da0.1cd8:   00007ff9c9f67000-00007ffffffeffff 0x0001/0x0000 0x0000000
1da0.1cd8: kernel32.dll: timestamp 0x3ecccf12 (rc=VINF_SUCCESS)
1da0.1cd8: kernelbase.dll: timestamp 0x28606b21 (rc=VINF_SUCCESS)
1da0.1cd8: VirtualBoxVM.exe: timestamp 0x6aa81a56 (rc=VINF_SUCCESS)
1da0.1cd8: '\Device\HarddiskVolume3\Program Files\Oracle\VirtualBox\VirtualBoxVM.exe' has no imports
1da0.1cd8: VirtualBoxVM.exe: Differences in section #7 (.0000cfg() between file and memory:
1da0.1cd8:   00007ff77a4f9000 / 0x00d9000: f0 != e0
1da0.1cd8:   00007ff77a4f9001 / 0x00d9001: 24 != 44
1da0.1cd8:   00007ff77a4f9002 / 0x00d9002: 42 != e2
1da0.1cd8:   00007ff77a4f9003 / 0x00d9003: 7a != c9
1da0.1cd8:   00007ff77a4f9004 / 0x00d9004: f7 != f9
1da0.1cd8:   00007ff77a4f9008 / 0x00d9008: f5 != 80
1da0.1cd8:   00007ff77a4f9009 / 0x00d9009: 24 != 45
1da0.1cd8:   00007ff77a4f900a / 0x00d900a: 42 != e2
1da0.1cd8:   00007ff77a4f900b / 0x00d900b: 7a != c9
1da0.1cd8:   00007ff77a4f900c / 0x00d900c: f7 != f9
1da0.1cd8:   00007ff77a4f9010 / 0x00d9010: f0 != e0
1da0.1cd8:   00007ff77a4f9011 / 0x00d9011: 24 != 44
1da0.1cd8:   00007ff77a4f9012 / 0x00d9012: 42 != e2
1da0.1cd8:   00007ff77a4f9013 / 0x00d9013: 7a != c9
1da0.1cd8:   00007ff77a4f9014 / 0x00d9014: f7 != f9
1da0.1cd8:   00007ff77a4f9018 / 0x00d9018: fb != 80
1da0.1cd8:   00007ff77a4f9019 / 0x00d9019: 24 != 45
1da0.1cd8:   00007ff77a4f901a / 0x00d901a: 42 != e2
1da0.1cd8:   00007ff77a4f901b / 0x00d901b: 7a != c9
1da0.1cd8:   00007ff77a4f901c / 0x00d901c: f7 != f9
1da0.1cd8:   00007ff77a4f9020 / 0x00d9020: fb != 80
1da0.1cd8:   00007ff77a4f9021 / 0x00d9021: 24 != 45
1da0.1cd8:   00007ff77a4f9022 / 0x00d9022: 42 != e2
1da0.1cd8:   00007ff77a4f9023 / 0x00d9023: 7a != c9
1da0.1cd8:   00007ff77a4f9024 / 0x00d9024: f7 != f9
1da0.1cd8:   Restored 0x28 bytes of original file content at 00007ff77a4f9000
1da0.1cd8: VirtualBoxVM.exe: Differences in section #8 (.rsrc) between file and memory:
1da0.1cd8:   00007ff77a52ab70 / 0x010ab70: 00 != 50
1da0.1cd8:   00007ff77a52ab71 / 0x010ab71: 00 != 41
1da0.1cd8:   00007ff77a52ab72 / 0x010ab72: 00 != 44
1da0.1cd8:   00007ff77a52ab73 / 0x010ab73: 00 != 44
1da0.1cd8:   00007ff77a52ab74 / 0x010ab74: 00 != 49
1da0.1cd8:   00007ff77a52ab75 / 0x010ab75: 00 != 4e
1da0.1cd8:   00007ff77a52ab76 / 0x010ab76: 00 != 47
1da0.1cd8:   00007ff77a52ab77 / 0x010ab77: 00 != 58
1da0.1cd8:   00007ff77a52ab78 / 0x010ab78: 00 != 58
1da0.1cd8:   00007ff77a52ab79 / 0x010ab79: 00 != 50
1da0.1cd8:   00007ff77a52ab7a / 0x010ab7a: 00 != 41
1da0.1cd8:   00007ff77a52ab7b / 0x010ab7b: 00 != 44
1da0.1cd8:   00007ff77a52ab7c / 0x010ab7c: 00 != 44
1da0.1cd8:   00007ff77a52ab7d / 0x010ab7d: 00 != 49
1da0.1cd8:   00007ff77a52ab7e / 0x010ab7e: 00 != 4e
1da0.1cd8:   00007ff77a52ab7f / 0x010ab7f: 00 != 47
1da0.1cd8:   00007ff77a52ab80 / 0x010ab80: 00 != 50
1da0.1cd8:   00007ff77a52ab81 / 0x010ab81: 00 != 41
1da0.1cd8:   00007ff77a52ab82 / 0x010ab82: 00 != 44
1da0.1cd8:   00007ff77a52ab83 / 0x010ab83: 00 != 44
1da0.1cd8:   00007ff77a52ab84 / 0x010ab84: 00 != 49
1da0.1cd8:   00007ff77a52ab85 / 0x010ab85: 00 != 4e
1da0.1cd8:   00007ff77a52ab86 / 0x010ab86: 00 != 47
1da0.1cd8:   00007ff77a52ab87 / 0x010ab87: 00 != 58
1da0.1cd8:   00007ff77a52ab88 / 0x010ab88: 00 != 58
1da0.1cd8:   00007ff77a52ab89 / 0x010ab89: 00 != 50
1da0.1cd8:   00007ff77a52ab8a / 0x010ab8a: 00 != 41
1da0.1cd8:   00007ff77a52ab8b / 0x010ab8b: 00 != 44
1da0.1cd8:   00007ff77a52ab8c / 0x010ab8c: 00 != 44
1da0.1cd8:   00007ff77a52ab8d / 0x010ab8d: 00 != 49
1da0.1cd8:   00007ff77a52ab8e / 0x010ab8e: 00 != 4e
1da0.1cd8:   00007ff77a52ab8f / 0x010ab8f: 00 != 47
1da0.1cd8:   00007ff77a52ab90 / 0x010ab90: 00 != 50
1da0.1cd8:   00007ff77a52ab91 / 0x010ab91: 00 != 41
1da0.1cd8:   00007ff77a52ab92 / 0x010ab92: 00 != 44
1da0.1cd8:   00007ff77a52ab93 / 0x010ab93: 00 != 44
1da0.1cd8:   00007ff77a52ab94 / 0x010ab94: 00 != 49
1da0.1cd8:   00007ff77a52ab95 / 0x010ab95: 00 != 4e
1da0.1cd8:   00007ff77a52ab96 / 0x010ab96: 00 != 47
1da0.1cd8:   00007ff77a52ab97 / 0x010ab97: 00 != 58
1da0.1cd8:   00007ff77a52ab98 / 0x010ab98: 00 != 58
1da0.1cd8:   00007ff77a52ab99 / 0x010ab99: 00 != 50
1da0.1cd8:   00007ff77a52ab9a / 0x010ab9a: 00 != 41
1da0.1cd8:   00007ff77a52ab9b / 0x010ab9b: 00 != 44
1da0.1cd8:   00007ff77a52ab9c / 0x010ab9c: 00 != 44
1da0.1cd8:   00007ff77a52ab9d / 0x010ab9d: 00 != 49
1da0.1cd8:   00007ff77a52ab9e / 0x010ab9e: 00 != 4e
1da0.1cd8:   00007ff77a52ab9f / 0x010ab9f: 00 != 47
1da0.1cd8:   00007ff77a52aba0 / 0x010aba0: 00 != 50
1da0.1cd8:   00007ff77a52aba1 / 0x010aba1: 00 != 41
1da0.1cd8:   00007ff77a52aba2 / 0x010aba2: 00 != 44
1da0.1cd8:   00007ff77a52aba3 / 0x010aba3: 00 != 44
1da0.1cd8:   00007ff77a52aba4 / 0x010aba4: 00 != 49
1da0.1cd8:   00007ff77a52aba5 / 0x010aba5: 00 != 4e
1da0.1cd8:   00007ff77a52aba6 / 0x010aba6: 00 != 47
1da0.1cd8:   00007ff77a52aba7 / 0x010aba7: 00 != 58
1da0.1cd8:   00007ff77a52aba8 / 0x010aba8: 00 != 58
1da0.1cd8:   00007ff77a52aba9 / 0x010aba9: 00 != 50
1da0.1cd8:   00007ff77a52abaa / 0x010abaa: 00 != 41
1da0.1cd8:   00007ff77a52abab / 0x010abab: 00 != 44
1da0.1cd8:   00007ff77a52abac / 0x010abac: 00 != 44
1da0.1cd8:   00007ff77a52abad / 0x010abad: 00 != 49
1da0.1cd8:   00007ff77a52abae / 0x010abae: 00 != 4e
1da0.1cd8:   00007ff77a52abaf / 0x010abaf: 00 != 47
1da0.1cd8:   00007ff77a52abb0 / 0x010abb0: 00 != 50
1da0.1cd8:   00007ff77a52abb1 / 0x010abb1: 00 != 41
1da0.1cd8:   00007ff77a52abb2 / 0x010abb2: 00 != 44
1da0.1cd8:   00007ff77a52abb3 / 0x010abb3: 00 != 44
1da0.1cd8:   00007ff77a52abb4 / 0x010abb4: 00 != 49
1da0.1cd8:   00007ff77a52abb5 / 0x010abb5: 00 != 4e
1da0.1cd8:   00007ff77a52abb6 / 0x010abb6: 00 != 47
1da0.1cd8:   00007ff77a52abb7 / 0x010abb7: 00 != 58
1da0.1cd8:   00007ff77a52abb8 / 0x010abb8: 00 != 58
1da0.1cd8:   00007ff77a52abb9 / 0x010abb9: 00 != 50
1da0.1cd8:   00007ff77a52abba / 0x010abba: 00 != 41
1da0.1cd8:   00007ff77a52abbb / 0x010abbb: 00 != 44
1da0.1cd8:   00007ff77a52abbc / 0x010abbc: 00 != 44
1da0.1cd8:   00007ff77a52abbd / 0x010abbd: 00 != 49
1da0.1cd8:   00007ff77a52abbe / 0x010abbe: 00 != 4e
1da0.1cd8:   00007ff77a52abbf / 0x010abbf: 00 != 47
1da0.1cd8:   00007ff77a52abc0 / 0x010abc0: 00 != 50
1da0.1cd8:   00007ff77a52abc1 / 0x010abc1: 00 != 41
1da0.1cd8:   00007ff77a52abc2 / 0x010abc2: 00 != 44
1da0.1cd8:   00007ff77a52abc3 / 0x010abc3: 00 != 44
1da0.1cd8:   00007ff77a52abc4 / 0x010abc4: 00 != 49
1da0.1cd8:   00007ff77a52abc5 / 0x010abc5: 00 != 4e
1da0.1cd8:   00007ff77a52abc6 / 0x010abc6: 00 != 47
1da0.1cd8:   00007ff77a52abc7 / 0x010abc7: 00 != 58
1da0.1cd8:   00007ff77a52abc8 / 0x010abc8: 00 != 58
1da0.1cd8:   00007ff77a52abc9 / 0x010abc9: 00 != 50
1da0.1cd8:   00007ff77a52abca / 0x010abca: 00 != 41
1da0.1cd8:   00007ff77a52abcb / 0x010abcb: 00 != 44
1da0.1cd8:   00007ff77a52abcc / 0x010abcc: 00 != 44
1da0.1cd8:   00007ff77a52abcd / 0x010abcd: 00 != 49
1da0.1cd8:   00007ff77a52abce / 0x010abce: 00 != 4e
1da0.1cd8:   00007ff77a52abcf / 0x010abcf: 00 != 47
1da0.1cd8:   00007ff77a52abd0 / 0x010abd0: 00 != 50
1da0.1cd8:   00007ff77a52abd1 / 0x010abd1: 00 != 41
1da0.1cd8:   00007ff77a52abd2 / 0x010abd2: 00 != 44
1da0.1cd8:   00007ff77a52abd3 / 0x010abd3: 00 != 44
1da0.1cd8:   00007ff77a52abd4 / 0x010abd4: 00 != 49
1da0.1cd8:   00007ff77a52abd5 / 0x010abd5: 00 != 4e
1da0.1cd8:   00007ff77a52abd6 / 0x010abd6: 00 != 47
1da0.1cd8:   00007ff77a52abd7 / 0x010abd7: 00 != 58
1da0.1cd8:   00007ff77a52abd8 / 0x010abd8: 00 != 58
1da0.1cd8:   00007ff77a52abd9 / 0x010abd9: 00 != 50
1da0.1cd8:   00007ff77a52abda / 0x010abda: 00 != 41
1da0.1cd8:   00007ff77a52abdb / 0x010abdb: 00 != 44
1da0.1cd8:   00007ff77a52abdc / 0x010abdc: 00 != 44
1da0.1cd8:   00007ff77a52abdd / 0x010abdd: 00 != 49
1da0.1cd8:   00007ff77a52abde / 0x010abde: 00 != 4e
1da0.1cd8:   00007ff77a52abdf / 0x010abdf: 00 != 47
1da0.1cd8:   00007ff77a52abe0 / 0x010abe0: 00 != 50
1da0.1cd8:   00007ff77a52abe1 / 0x010abe1: 00 != 41
1da0.1cd8:   00007ff77a52abe2 / 0x010abe2: 00 != 44
1da0.1cd8:   00007ff77a52abe3 / 0x010abe3: 00 != 44
1da0.1cd8:   00007ff77a52abe4 / 0x010abe4: 00 != 49
1da0.1cd8:   00007ff77a52abe5 / 0x010abe5: 00 != 4e
1da0.1cd8:   00007ff77a52abe6 / 0x010abe6: 00 != 47
1da0.1cd8:   00007ff77a52abe7 / 0x010abe7: 00 != 58
1da0.1cd8:   00007ff77a52abe8 / 0x010abe8: 00 != 58
1da0.1cd8:   00007ff77a52abe9 / 0x010abe9: 00 != 50
1da0.1cd8:   00007ff77a52abea / 0x010abea: 00 != 41
1da0.1cd8:   00007ff77a52abeb / 0x010abeb: 00 != 44
1da0.1cd8:   00007ff77a52abec / 0x010abec: 00 != 44
1da0.1cd8:   00007ff77a52abed / 0x010abed: 00 != 49
1da0.1cd8:   00007ff77a52abee / 0x010abee: 00 != 4e
1da0.1cd8:   00007ff77a52abef / 0x010abef: 00 != 47
1da0.1cd8:   00007ff77a52abf0 / 0x010abf0: 00 != 50
1da0.1cd8:   00007ff77a52abf1 / 0x010abf1: 00 != 41
1da0.1cd8:   00007ff77a52abf2 / 0x010abf2: 00 != 44
1da0.1cd8:   00007ff77a52abf3 / 0x010abf3: 00 != 44
1da0.1cd8:   00007ff77a52abf4 / 0x010abf4: 00 != 49
1da0.1cd8:   00007ff77a52abf5 / 0x010abf5: 00 != 4e
1da0.1cd8:   00007ff77a52abf6 / 0x010abf6: 00 != 47
1da0.1cd8:   00007ff77a52abf7 / 0x010abf7: 00 != 58
1da0.1cd8:   00007ff77a52abf8 / 0x010abf8: 00 != 58
1da0.1cd8:   00007ff77a52abf9 / 0x010abf9: 00 != 50
1da0.1cd8:   00007ff77a52abfa / 0x010abfa: 00 != 41
1da0.1cd8:   00007ff77a52abfb / 0x010abfb: 00 != 44
1da0.1cd8:   00007ff77a52abfc / 0x010abfc: 00 != 44
1da0.1cd8:   00007ff77a52abfd / 0x010abfd: 00 != 49
1da0.1cd8:   00007ff77a52abfe / 0x010abfe: 00 != 4e
1da0.1cd8:   00007ff77a52abff / 0x010abff: 00 != 47
1da0.1cd8:   Restored 0x490 bytes of original file content at 00007ff77a52ab70
1da0.1cd8: '\Device\HarddiskVolume3\Windows\System32\ntdll.dll' has no imports
1da0.1cd8: ntdll.dll: Differences in section #12 (.00cfg) between file and memory:
1da0.1cd8:   00007ff9c9ee6001 / 0x01e6001: 64 != 45
1da0.1cd8:   00007ff9c9ee6002 / 0x01e6002: e6 != e2
1da0.1cd8:   00007ff9c9ee6008 / 0x01e6008: 60 != e0
1da0.1cd8:   00007ff9c9ee6009 / 0x01e6009: ac != 44
1da0.1cd8:   00007ff9c9ee600a / 0x01e600a: df != e2
1da0.1cd8:   00007ff9c9ee6010 / 0x01e6010: b0 != 80
1da0.1cd8:   00007ff9c9ee6011 / 0x01e6011: 64 != 45
1da0.1cd8:   00007ff9c9ee6012 / 0x01e6012: e6 != e2
1da0.1cd8:   00007ff9c9ee6018 / 0x01e6018: b0 != 80
1da0.1cd8:   00007ff9c9ee6019 / 0x01e6019: 64 != 45
1da0.1cd8:   00007ff9c9ee601a / 0x01e601a: e6 != e2
1da0.1cd8:   Restored 0x28 bytes of original file content at 00007ff9c9ee6000
1da0.1cd8: kernel32.dll: Differences in section #3 (.rdata) between file and memory:
1da0.1cd8:   00007ff9c7aad098 / 0x008d098: 80 != e0
1da0.1cd8:   00007ff9c7aad099 / 0x008d099: 85 != 44
1da0.1cd8:   00007ff9c7aad09a / 0x008d09a: a7 != e2
1da0.1cd8:   00007ff9c7aad09b / 0x008d09b: c7 != c9
1da0.1cd8:   00007ff9c7aad0a0 / 0x008d0a0: b0 != 80
1da0.1cd8:   00007ff9c7aad0a1 / 0x008d0a1: 4a != 45
1da0.1cd8:   00007ff9c7aad0a2 / 0x008d0a2: aa != e2
1da0.1cd8:   00007ff9c7aad0a3 / 0x008d0a3: c7 != c9
1da0.1cd8:   00007ff9c7aad0a8 / 0x008d0a8: 80 != e0
1da0.1cd8:   00007ff9c7aad0a9 / 0x008d0a9: 85 != 44
1da0.1cd8:   00007ff9c7aad0aa / 0x008d0aa: a7 != e2
1da0.1cd8:   00007ff9c7aad0ab / 0x008d0ab: c7 != c9
1da0.1cd8:   00007ff9c7aad0b0 / 0x008d0b0: e0 != 80
1da0.1cd8:   00007ff9c7aad0b1 / 0x008d0b1: 4a != 45
1da0.1cd8:   00007ff9c7aad0b2 / 0x008d0b2: aa != e2
1da0.1cd8:   00007ff9c7aad0b3 / 0x008d0b3: c7 != c9
1da0.1cd8:   00007ff9c7aad0b8 / 0x008d0b8: e0 != 80
1da0.1cd8:   00007ff9c7aad0b9 / 0x008d0b9: 4a != 45
1da0.1cd8:   00007ff9c7aad0ba / 0x008d0ba: aa != e2
1da0.1cd8:   00007ff9c7aad0bb / 0x008d0bb: c7 != c9
1da0.1cd8:   Restored 0x2000 bytes of original file content at 00007ff9c7aac000
1da0.1cd8: kernelbase.dll: Differences in section #3 (.rdata) between file and memory:
1da0.1cd8:   00007ff9c753be20 / 0x029be20: 10 != e0
1da0.1cd8:   00007ff9c753be21 / 0x029be21: 02 != 44
1da0.1cd8:   00007ff9c753be22 / 0x029be22: 3c != e2
1da0.1cd8:   00007ff9c753be23 / 0x029be23: c7 != c9
1da0.1cd8:   00007ff9c753be28 / 0x029be28: d0 != 80
1da0.1cd8:   00007ff9c753be29 / 0x029be29: 71 != 45
1da0.1cd8:   00007ff9c753be2a / 0x029be2a: 43 != e2
1da0.1cd8:   00007ff9c753be2b / 0x029be2b: c7 != c9
1da0.1cd8:   00007ff9c753be30 / 0x029be30: 10 != e0
1da0.1cd8:   00007ff9c753be31 / 0x029be31: 02 != 44
1da0.1cd8:   00007ff9c753be32 / 0x029be32: 3c != e2
1da0.1cd8:   00007ff9c753be33 / 0x029be33: c7 != c9
1da0.1cd8:   00007ff9c753be38 / 0x029be38: 00 != 80
1da0.1cd8:   00007ff9c753be39 / 0x029be39: 72 != 45
1da0.1cd8:   00007ff9c753be3a / 0x029be3a: 43 != e2
1da0.1cd8:   00007ff9c753be3b / 0x029be3b: c7 != c9
1da0.1cd8:   00007ff9c753be40 / 0x029be40: 00 != 80
1da0.1cd8:   00007ff9c753be41 / 0x029be41: 72 != 45
1da0.1cd8:   00007ff9c753be42 / 0x029be42: 43 != e2
1da0.1cd8:   00007ff9c753be43 / 0x029be43: c7 != c9
1da0.1cd8:   Restored 0x2000 bytes of original file content at 00007ff9c753a000
1da0.1cd8: supHardNtVpCheckHandles:
1da0.1cd8: supHardNtVpCheckHandles: Marked Mutant handle non-inheritable: 0000000000001d24
1da0.1cd8: supR3HardenedWinInit: SUPHARDNTVPKIND_SELF_PURIFICATION_LIMITED -> VINF_SUCCESS, cFixes=6
1da0.1cd8: '\Device\HarddiskVolume3\Program Files\Oracle\VirtualBox\VirtualBoxVM.exe' has no imports
1da0.1cd8: supHardenedWinVerifyImageByHandle: -> 0 (\Device\HarddiskVolume3\Program Files\Oracle\VirtualBox\VirtualBoxVM.exe)
1da0.1cd8: SUPR3HardenedMain: Respawn #1 - opening vboxsup stub...
1da0.1cd8: supR3HardenedWinDoReSpawn(1): Spawning ...
1da0.1cd8: supR3HardNtEnableThreadCreationEx:
1da0.1cd8: supR3HardNtDisableThreadCreation: pvLdrInitThunk=00007ff9c9de1420 pvNtTerminateThread=00007ff9c9e61810 g_LdrInitThunkSelfBackup.cb=10
1da0.1cd8: supR3HardenedWinDoReSpawn(1): New child 17d0.2a14 [kernel32].
1da0.1cd8: supR3HardenedWinReSpawn: NtSetInformationThread/ThreadHideFromDebugger failed: 0xc0000022 (harmless)
1da0.1cd8: supR3HardNtChildGatherData: PebBaseAddress=0000009aeb984000 cbPeb=0x388
1da0.1cd8: supR3HardNtPuChFindNtdll: uNtDllParentAddr=00007ff9c9d00000 uNtDllChildAddr=00007ff9c9d00000
1da0.1cd8: supR3HardenedWinSetupChildInit: uLdrInitThunk=00007ff9c9de1420
1da0.1cd8: supR3HardenedWinSetupChildInit: Initial context:
  rax=0000000000000000 rbx=0000000000000000 rcx=00007ff77a42c940 rdx=0000009aeb984000
  rsi=0000000000000000 rdi=0000000000000000 r8 =0000000000000000 r9 =0000000000000000
  r10=0000000000000000 r11=0000000000000000 r12=0000000000000000 r13=0000000000000000
  r14=0000000000000000 r15=0000000000000000  P1=0000000000000000  P2=0000000000000000
  rip=00007ff9c9dacac0 rsp=0000009aebafff38 rbp=0000000000000000    ctxflags=0010001b
  cs=0033 ss=002b ds=0000 es=0000 fs=0000 gs=0000    eflags=00000200   mxcrx=00001f80
   P3=0000000000000000  P4=0000000000000000  P5=0000000000000000  P6=0000000000000000
  dr0=0000000000000000 dr1=0000000000000000 dr2=0000000000000000 dr3=0000000000000000
  dr6=0000000000000000 dr7=0000000000000000 vcr=0000000000000000 dcr=0000000000000000
  lbt=0000000000000000 lbf=0000000000000000 lxt=0000000000000000 lxf=0000000000000000
1da0.1cd8: supR3HardenedWinSetupChildInit: Start child.
1da0.1cd8: supR3HardNtChildWaitFor: Found expected request 0 (PurifyChildAndCloseHandles) after 0 ms.
1da0.1cd8: supR3HardNtChildPurify: Startup delay kludge #1/0: 523 ms, 33 sleeps
1da0.1cd8: supHardNtVpScanVirtualMemory: enmKind=CHILD_PURIFICATION
1da0.1cd8:  *0000000000000000-000000007ffdffff 0x0001/0x0000 0x0000000
1da0.1cd8:  *000000007ffe0000-000000007ffe0fff 0x0002/0x0002 0x0020000
1da0.1cd8:   000000007ffe1000-000000007ffe1fff 0x0001/0x0000 0x0000000
1da0.1cd8:  *000000007ffe2000-000000007ffe2fff 0x0002/0x0002 0x0020000
1da0.1cd8:   000000007ffe3000-0000009aeb7fffff 0x0001/0x0000 0x0000000
1da0.1cd8:  *0000009aeb800000-0000009aeb983fff 0x0000/0x0004 0x0020000
1da0.1cd8:   0000009aeb984000-0000009aeb986fff 0x0004/0x0004 0x0020000
1da0.1cd8:   0000009aeb987000-0000009aeb9fffff 0x0000/0x0004 0x0020000
1da0.1cd8:  *0000009aeba00000-0000009aebafafff 0x0000/0x0004 0x0020000
1da0.1cd8:   0000009aebafb000-0000009aebafdfff 0x0104/0x0004 0x0020000
1da0.1cd8:   0000009aebafe000-0000009aebafffff 0x0004/0x0004 0x0020000
1da0.1cd8:  *0000009aebb00000-0000009aebbfcfff 0x0000/0x0002 0x0020000
1da0.1cd8:   0000009aebbfd000-0000009aebbfdfff 0x0102/0x0002 0x0020000
1da0.1cd8:   0000009aebbfe000-0000009aebbfefff 0x0002/0x0002 0x0020000
1da0.1cd8:   0000009aebbff000-0000009aebbfffff 0x0000/0x0002 0x0020000
1da0.1cd8:   0000009aebc00000-000001fef6faffff 0x0001/0x0000 0x0000000
1da0.1cd8:  *000001fef6fb0000-000001fef6fcffff 0x0004/0x0004 0x0020000
1da0.1cd8:  *000001fef6fd0000-000001fef6ff9fff 0x0002/0x0002 0x0040000
1da0.1cd8:   000001fef6ffa000-000001fef6ffffff 0x0001/0x0000 0x0000000
1da0.1cd8:  *000001fef7000000-000001fef7003fff 0x0002/0x0002 0x0040000
1da0.1cd8:   000001fef7004000-000001fef700ffff 0x0001/0x0000 0x0000000
1da0.1cd8:  *000001fef7010000-000001fef7010fff 0x0002/0x0002 0x0040000
1da0.1cd8:   000001fef7011000-000001fef701ffff 0x0001/0x0000 0x0000000
1da0.1cd8:  *000001fef7020000-000001fef7021fff 0x0004/0x0004 0x0020000
1da0.1cd8:   000001fef7022000-00007df55f24ffff 0x0001/0x0000 0x0000000
1da0.1cd8:  *00007df55f250000-00007df55f250fff 0x0002/0x0002 0x0040000
1da0.1cd8:   00007df55f251000-00007df55f25ffff 0x0001/0x0000 0x0000000
1da0.1cd8:  *00007df55f260000-00007df560b3ffff 0x0000/0x0001 0x0040000
1da0.1cd8:   00007df560b40000-00007df560b49fff 0x0001/0x0001 0x0040000
1da0.1cd8:   00007df560b4a000-00007df56101afff 0x0000/0x0001 0x0040000
1da0.1cd8:   00007df56101b000-00007df56101bfff 0x0001/0x0001 0x0040000
1da0.1cd8:   00007df56101c000-00007ff53d0effff 0x0000/0x0001 0x0040000
1da0.1cd8:   00007ff53d0f0000-00007ff53d0f4fff 0x0002/0x0001 0x0040000
1da0.1cd8:   00007ff53d0f5000-00007ff54323bfff 0x0000/0x0001 0x0040000
1da0.1cd8:   00007ff54323c000-00007ff5464d3fff 0x0001/0x0001 0x0040000
1da0.1cd8:   00007ff5464d4000-00007ff5464ddfff 0x0002/0x0001 0x0040000
1da0.1cd8:   00007ff5464de000-00007ff55f25ffff 0x0000/0x0001 0x0040000
1da0.1cd8:   00007ff55f260000-00007ff77a41ffff 0x0001/0x0000 0x0000000
1da0.1cd8:  *00007ff77a420000-00007ff77a420fff 0x0002/0x0080 0x1000000  \Device\HarddiskVolume3\Program Files\Oracle\VirtualBox\VirtualBoxVM.exe
1da0.1cd8:   00007ff77a421000-00007ff77a48dfff 0x0020/0x0080 0x1000000  \Device\HarddiskVolume3\Program Files\Oracle\VirtualBox\VirtualBoxVM.exe
1da0.1cd8:   00007ff77a48e000-00007ff77a48efff 0x0080/0x0080 0x1000000  \Device\HarddiskVolume3\Program Files\Oracle\VirtualBox\VirtualBoxVM.exe
1da0.1cd8:   00007ff77a48f000-00007ff77a4e4fff 0x0002/0x0080 0x1000000  \Device\HarddiskVolume3\Program Files\Oracle\VirtualBox\VirtualBoxVM.exe
1da0.1cd8:   00007ff77a4e5000-00007ff77a4e5fff 0x0004/0x0080 0x1000000  \Device\HarddiskVolume3\Program Files\Oracle\VirtualBox\VirtualBoxVM.exe
1da0.1cd8:   00007ff77a4e6000-00007ff77a4e6fff 0x0008/0x0080 0x1000000  \Device\HarddiskVolume3\Program Files\Oracle\VirtualBox\VirtualBoxVM.exe
1da0.1cd8:   00007ff77a4e7000-00007ff77a4ecfff 0x0004/0x0080 0x1000000  \Device\HarddiskVolume3\Program Files\Oracle\VirtualBox\VirtualBoxVM.exe
1da0.1cd8:   00007ff77a4ed000-00007ff77a4f1fff 0x0008/0x0080 0x1000000  \Device\HarddiskVolume3\Program Files\Oracle\VirtualBox\VirtualBoxVM.exe
1da0.1cd8:   00007ff77a4f2000-00007ff77a52cfff 0x0002/0x0080 0x1000000  \Device\HarddiskVolume3\Program Files\Oracle\VirtualBox\VirtualBoxVM.exe
1da0.1cd8:   00007ff77a52d000-00007ff9c9cfffff 0x0001/0x0000 0x0000000
1da0.1cd8:  *00007ff9c9d00000-00007ff9c9d00fff 0x0002/0x0080 0x1000000  \Device\HarddiskVolume3\Windows\System32\ntdll.dll
1da0.1cd8:   00007ff9c9d01000-00007ff9c9e72fff 0x0020/0x0080 0x1000000  \Device\HarddiskVolume3\Windows\System32\ntdll.dll
1da0.1cd8:   00007ff9c9e73000-00007ff9c9ecbfff 0x0002/0x0080 0x1000000  \Device\HarddiskVolume3\Windows\System32\ntdll.dll
1da0.1cd8:   00007ff9c9ecc000-00007ff9c9ed4fff 0x0008/0x0080 0x1000000  \Device\HarddiskVolume3\Windows\System32\ntdll.dll
1da0.1cd8:   00007ff9c9ed5000-00007ff9c9ee6fff 0x0002/0x0080 0x1000000  \Device\HarddiskVolume3\Windows\System32\ntdll.dll
1da0.1cd8:   00007ff9c9ee7000-00007ff9c9ee9fff 0x0008/0x0080 0x1000000  \Device\HarddiskVolume3\Windows\System32\ntdll.dll
1da0.1cd8:   00007ff9c9eea000-00007ff9c9eeafff 0x0004/0x0080 0x1000000  \Device\HarddiskVolume3\Windows\System32\ntdll.dll
1da0.1cd8:   00007ff9c9eeb000-00007ff9c9f66fff 0x0002/0x0080 0x1000000  \Device\HarddiskVolume3\Windows\System32\ntdll.dll
1da0.1cd8:   00007ff9c9f67000-00007ffffffeffff 0x0001/0x0000 0x0000000
1da0.1cd8: VirtualBoxVM.exe: Differences in section #8 (.rsrc) between file and memory:
1da0.1cd8:   00007ff77a52ab70 / 0x010ab70: 00 != 50
1da0.1cd8:   00007ff77a52ab71 / 0x010ab71: 00 != 41
1da0.1cd8:   00007ff77a52ab72 / 0x010ab72: 00 != 44
1da0.1cd8:   00007ff77a52ab73 / 0x010ab73: 00 != 44
1da0.1cd8:   00007ff77a52ab74 / 0x010ab74: 00 != 49
1da0.1cd8:   00007ff77a52ab75 / 0x010ab75: 00 != 4e
1da0.1cd8:   00007ff77a52ab76 / 0x010ab76: 00 != 47
1da0.1cd8:   00007ff77a52ab77 / 0x010ab77: 00 != 58
1da0.1cd8:   00007ff77a52ab78 / 0x010ab78: 00 != 58
1da0.1cd8:   00007ff77a52ab79 / 0x010ab79: 00 != 50
1da0.1cd8:   00007ff77a52ab7a / 0x010ab7a: 00 != 41
1da0.1cd8:   00007ff77a52ab7b / 0x010ab7b: 00 != 44
1da0.1cd8:   00007ff77a52ab7c / 0x010ab7c: 00 != 44
1da0.1cd8:   00007ff77a52ab7d / 0x010ab7d: 00 != 49
1da0.1cd8:   00007ff77a52ab7e / 0x010ab7e: 00 != 4e
1da0.1cd8:   00007ff77a52ab7f / 0x010ab7f: 00 != 47
1da0.1cd8:   00007ff77a52ab80 / 0x010ab80: 00 != 50
1da0.1cd8:   00007ff77a52ab81 / 0x010ab81: 00 != 41
1da0.1cd8:   00007ff77a52ab82 / 0x010ab82: 00 != 44
1da0.1cd8:   00007ff77a52ab83 / 0x010ab83: 00 != 44
1da0.1cd8:   00007ff77a52ab84 / 0x010ab84: 00 != 49
1da0.1cd8:   00007ff77a52ab85 / 0x010ab85: 00 != 4e
1da0.1cd8:   00007ff77a52ab86 / 0x010ab86: 00 != 47
1da0.1cd8:   00007ff77a52ab87 / 0x010ab87: 00 != 58
1da0.1cd8:   00007ff77a52ab88 / 0x010ab88: 00 != 58
1da0.1cd8:   00007ff77a52ab89 / 0x010ab89: 00 != 50
1da0.1cd8:   00007ff77a52ab8a / 0x010ab8a: 00 != 41
1da0.1cd8:   00007ff77a52ab8b / 0x010ab8b: 00 != 44
1da0.1cd8:   00007ff77a52ab8c / 0x010ab8c: 00 != 44
1da0.1cd8:   00007ff77a52ab8d / 0x010ab8d: 00 != 49
1da0.1cd8:   00007ff77a52ab8e / 0x010ab8e: 00 != 4e
1da0.1cd8:   00007ff77a52ab8f / 0x010ab8f: 00 != 47
1da0.1cd8:   00007ff77a52ab90 / 0x010ab90: 00 != 50
1da0.1cd8:   00007ff77a52ab91 / 0x010ab91: 00 != 41
1da0.1cd8:   00007ff77a52ab92 / 0x010ab92: 00 != 44
1da0.1cd8:   00007ff77a52ab93 / 0x010ab93: 00 != 44
1da0.1cd8:   00007ff77a52ab94 / 0x010ab94: 00 != 49
1da0.1cd8:   00007ff77a52ab95 / 0x010ab95: 00 != 4e
1da0.1cd8:   00007ff77a52ab96 / 0x010ab96: 00 != 47
1da0.1cd8:   00007ff77a52ab97 / 0x010ab97: 00 != 58
1da0.1cd8:   00007ff77a52ab98 / 0x010ab98: 00 != 58
1da0.1cd8:   00007ff77a52ab99 / 0x010ab99: 00 != 50
1da0.1cd8:   00007ff77a52ab9a / 0x010ab9a: 00 != 41
1da0.1cd8:   00007ff77a52ab9b / 0x010ab9b: 00 != 44
1da0.1cd8:   00007ff77a52ab9c / 0x010ab9c: 00 != 44
1da0.1cd8:   00007ff77a52ab9d / 0x010ab9d: 00 != 49
1da0.1cd8:   00007ff77a52ab9e / 0x010ab9e: 00 != 4e
1da0.1cd8:   00007ff77a52ab9f / 0x010ab9f: 00 != 47
1da0.1cd8:   00007ff77a52aba0 / 0x010aba0: 00 != 50
1da0.1cd8:   00007ff77a52aba1 / 0x010aba1: 00 != 41
1da0.1cd8:   00007ff77a52aba2 / 0x010aba2: 00 != 44
1da0.1cd8:   00007ff77a52aba3 / 0x010aba3: 00 != 44
1da0.1cd8:   00007ff77a52aba4 / 0x010aba4: 00 != 49
1da0.1cd8:   00007ff77a52aba5 / 0x010aba5: 00 != 4e
1da0.1cd8:   00007ff77a52aba6 / 0x010aba6: 00 != 47
1da0.1cd8:   00007ff77a52aba7 / 0x010aba7: 00 != 58
1da0.1cd8:   00007ff77a52aba8 / 0x010aba8: 00 != 58
1da0.1cd8:   00007ff77a52aba9 / 0x010aba9: 00 != 50
1da0.1cd8:   00007ff77a52abaa / 0x010abaa: 00 != 41
1da0.1cd8:   00007ff77a52abab / 0x010abab: 00 != 44
1da0.1cd8:   00007ff77a52abac / 0x010abac: 00 != 44
1da0.1cd8:   00007ff77a52abad / 0x010abad: 00 != 49
1da0.1cd8:   00007ff77a52abae / 0x010abae: 00 != 4e
1da0.1cd8:   00007ff77a52abaf / 0x010abaf: 00 != 47
1da0.1cd8:   00007ff77a52abb0 / 0x010abb0: 00 != 50
1da0.1cd8:   00007ff77a52abb1 / 0x010abb1: 00 != 41
1da0.1cd8:   00007ff77a52abb2 / 0x010abb2: 00 != 44
1da0.1cd8:   00007ff77a52abb3 / 0x010abb3: 00 != 44
1da0.1cd8:   00007ff77a52abb4 / 0x010abb4: 00 != 49
1da0.1cd8:   00007ff77a52abb5 / 0x010abb5: 00 != 4e
1da0.1cd8:   00007ff77a52abb6 / 0x010abb6: 00 != 47
1da0.1cd8:   00007ff77a52abb7 / 0x010abb7: 00 != 58
1da0.1cd8:   00007ff77a52abb8 / 0x010abb8: 00 != 58
1da0.1cd8:   00007ff77a52abb9 / 0x010abb9: 00 != 50
1da0.1cd8:   00007ff77a52abba / 0x010abba: 00 != 41
1da0.1cd8:   00007ff77a52abbb / 0x010abbb: 00 != 44
1da0.1cd8:   00007ff77a52abbc / 0x010abbc: 00 != 44
1da0.1cd8:   00007ff77a52abbd / 0x010abbd: 00 != 49
1da0.1cd8:   00007ff77a52abbe / 0x010abbe: 00 != 4e
1da0.1cd8:   00007ff77a52abbf / 0x010abbf: 00 != 47
1da0.1cd8:   00007ff77a52abc0 / 0x010abc0: 00 != 50
1da0.1cd8:   00007ff77a52abc1 / 0x010abc1: 00 != 41
1da0.1cd8:   00007ff77a52abc2 / 0x010abc2: 00 != 44
1da0.1cd8:   00007ff77a52abc3 / 0x010abc3: 00 != 44
1da0.1cd8:   00007ff77a52abc4 / 0x010abc4: 00 != 49
1da0.1cd8:   00007ff77a52abc5 / 0x010abc5: 00 != 4e
1da0.1cd8:   00007ff77a52abc6 / 0x010abc6: 00 != 47
1da0.1cd8:   00007ff77a52abc7 / 0x010abc7: 00 != 58
1da0.1cd8:   00007ff77a52abc8 / 0x010abc8: 00 != 58
1da0.1cd8:   00007ff77a52abc9 / 0x010abc9: 00 != 50
1da0.1cd8:   00007ff77a52abca / 0x010abca: 00 != 41
1da0.1cd8:   00007ff77a52abcb / 0x010abcb: 00 != 44
1da0.1cd8:   00007ff77a52abcc / 0x010abcc: 00 != 44
1da0.1cd8:   00007ff77a52abcd / 0x010abcd: 00 != 49
1da0.1cd8:   00007ff77a52abce / 0x010abce: 00 != 4e
1da0.1cd8:   00007ff77a52abcf / 0x010abcf: 00 != 47
1da0.1cd8:   00007ff77a52abd0 / 0x010abd0: 00 != 50
1da0.1cd8:   00007ff77a52abd1 / 0x010abd1: 00 != 41
1da0.1cd8:   00007ff77a52abd2 / 0x010abd2: 00 != 44
1da0.1cd8:   00007ff77a52abd3 / 0x010abd3: 00 != 44
1da0.1cd8:   00007ff77a52abd4 / 0x010abd4: 00 != 49
1da0.1cd8:   00007ff77a52abd5 / 0x010abd5: 00 != 4e
1da0.1cd8:   00007ff77a52abd6 / 0x010abd6: 00 != 47
1da0.1cd8:   00007ff77a52abd7 / 0x010abd7: 00 != 58
1da0.1cd8:   00007ff77a52abd8 / 0x010abd8: 00 != 58
1da0.1cd8:   00007ff77a52abd9 / 0x010abd9: 00 != 50
1da0.1cd8:   00007ff77a52abda / 0x010abda: 00 != 41
1da0.1cd8:   00007ff77a52abdb / 0x010abdb: 00 != 44
1da0.1cd8:   00007ff77a52abdc / 0x010abdc: 00 != 44
1da0.1cd8:   00007ff77a52abdd / 0x010abdd: 00 != 49
1da0.1cd8:   00007ff77a52abde / 0x010abde: 00 != 4e
1da0.1cd8:   00007ff77a52abdf / 0x010abdf: 00 != 47
1da0.1cd8:   00007ff77a52abe0 / 0x010abe0: 00 != 50
1da0.1cd8:   00007ff77a52abe1 / 0x010abe1: 00 != 41
1da0.1cd8:   00007ff77a52abe2 / 0x010abe2: 00 != 44
1da0.1cd8:   00007ff77a52abe3 / 0x010abe3: 00 != 44
1da0.1cd8:   00007ff77a52abe4 / 0x010abe4: 00 != 49
1da0.1cd8:   00007ff77a52abe5 / 0x010abe5: 00 != 4e
1da0.1cd8:   00007ff77a52abe6 / 0x010abe6: 00 != 47
1da0.1cd8:   00007ff77a52abe7 / 0x010abe7: 00 != 58
1da0.1cd8:   00007ff77a52abe8 / 0x010abe8: 00 != 58
1da0.1cd8:   00007ff77a52abe9 / 0x010abe9: 00 != 50
1da0.1cd8:   00007ff77a52abea / 0x010abea: 00 != 41
1da0.1cd8:   00007ff77a52abeb / 0x010abeb: 00 != 44
1da0.1cd8:   00007ff77a52abec / 0x010abec: 00 != 44
1da0.1cd8:   00007ff77a52abed / 0x010abed: 00 != 49
1da0.1cd8:   00007ff77a52abee / 0x010abee: 00 != 4e
1da0.1cd8:   00007ff77a52abef / 0x010abef: 00 != 47
1da0.1cd8:   00007ff77a52abf0 / 0x010abf0: 00 != 50
1da0.1cd8:   00007ff77a52abf1 / 0x010abf1: 00 != 41
1da0.1cd8:   00007ff77a52abf2 / 0x010abf2: 00 != 44
1da0.1cd8:   00007ff77a52abf3 / 0x010abf3: 00 != 44
1da0.1cd8:   00007ff77a52abf4 / 0x010abf4: 00 != 49
1da0.1cd8:   00007ff77a52abf5 / 0x010abf5: 00 != 4e
1da0.1cd8:   00007ff77a52abf6 / 0x010abf6: 00 != 47
1da0.1cd8:   00007ff77a52abf7 / 0x010abf7: 00 != 58
1da0.1cd8:   00007ff77a52abf8 / 0x010abf8: 00 != 58
1da0.1cd8:   00007ff77a52abf9 / 0x010abf9: 00 != 50
1da0.1cd8:   00007ff77a52abfa / 0x010abfa: 00 != 41
1da0.1cd8:   00007ff77a52abfb / 0x010abfb: 00 != 44
1da0.1cd8:   00007ff77a52abfc / 0x010abfc: 00 != 44
1da0.1cd8:   00007ff77a52abfd / 0x010abfd: 00 != 49
1da0.1cd8:   00007ff77a52abfe / 0x010abfe: 00 != 4e
1da0.1cd8:   00007ff77a52abff / 0x010abff: 00 != 47
1da0.1cd8:   Restored 0x490 bytes of original file content at 00007ff77a52ab70
1da0.1cd8: supR3HardNtChildPurify: cFixes=1 g_fSupAdversaries=0x40
1da0.1cd8: supR3HardNtChildPurify: Startup delay kludge #1/1: 524 ms, 33 sleeps
1da0.1cd8: supHardNtVpScanVirtualMemory: enmKind=CHILD_PURIFICATION
1da0.1cd8:  *0000000000000000-000000007ffdffff 0x0001/0x0000 0x0000000
1da0.1cd8:  *000000007ffe0000-000000007ffe0fff 0x0002/0x0002 0x0020000
1da0.1cd8:   000000007ffe1000-000000007ffe1fff 0x0001/0x0000 0x0000000
1da0.1cd8:  *000000007ffe2000-000000007ffe2fff 0x0002/0x0002 0x0020000
1da0.1cd8:   000000007ffe3000-0000009aeb7fffff 0x0001/0x0000 0x0000000
1da0.1cd8:  *0000009aeb800000-0000009aeb983fff 0x0000/0x0004 0x0020000
1da0.1cd8:   0000009aeb984000-0000009aeb986fff 0x0004/0x0004 0x0020000
1da0.1cd8:   0000009aeb987000-0000009aeb9fffff 0x0000/0x0004 0x0020000
1da0.1cd8:  *0000009aeba00000-0000009aebafafff 0x0000/0x0004 0x0020000
1da0.1cd8:   0000009aebafb000-0000009aebafdfff 0x0104/0x0004 0x0020000
1da0.1cd8:   0000009aebafe000-0000009aebafffff 0x0004/0x0004 0x0020000
1da0.1cd8:  *0000009aebb00000-0000009aebbfcfff 0x0000/0x0002 0x0020000
1da0.1cd8:   0000009aebbfd000-0000009aebbfdfff 0x0102/0x0002 0x0020000
1da0.1cd8:   0000009aebbfe000-0000009aebbfefff 0x0002/0x0002 0x0020000
1da0.1cd8:   0000009aebbff000-0000009aebbfffff 0x0000/0x0002 0x0020000
1da0.1cd8:   0000009aebc00000-000001fef6faffff 0x0001/0x0000 0x0000000
1da0.1cd8:  *000001fef6fb0000-000001fef6fcffff 0x0004/0x0004 0x0020000
1da0.1cd8:  *000001fef6fd0000-000001fef6ff9fff 0x0002/0x0002 0x0040000
1da0.1cd8:   000001fef6ffa000-000001fef6ffffff 0x0001/0x0000 0x0000000
1da0.1cd8:  *000001fef7000000-000001fef7003fff 0x0002/0x0002 0x0040000
1da0.1cd8:   000001fef7004000-000001fef700ffff 0x0001/0x0000 0x0000000
1da0.1cd8:  *000001fef7010000-000001fef7010fff 0x0002/0x0002 0x0040000
1da0.1cd8:   000001fef7011000-000001fef701ffff 0x0001/0x0000 0x0000000
1da0.1cd8:  *000001fef7020000-000001fef7021fff 0x0004/0x0004 0x0020000
1da0.1cd8:   000001fef7022000-00007df55f24ffff 0x0001/0x0000 0x0000000
1da0.1cd8:  *00007df55f250000-00007df55f250fff 0x0002/0x0002 0x0040000
1da0.1cd8:   00007df55f251000-00007df55f25ffff 0x0001/0x0000 0x0000000
1da0.1cd8:  *00007df55f260000-00007df560b3ffff 0x0000/0x0001 0x0040000
1da0.1cd8:   00007df560b40000-00007df560b49fff 0x0001/0x0001 0x0040000
1da0.1cd8:   00007df560b4a000-00007df56101afff 0x0000/0x0001 0x0040000
1da0.1cd8:   00007df56101b000-00007df56101bfff 0x0001/0x0001 0x0040000
1da0.1cd8:   00007df56101c000-00007ff53d0effff 0x0000/0x0001 0x0040000
1da0.1cd8:   00007ff53d0f0000-00007ff53d0f4fff 0x0002/0x0001 0x0040000
1da0.1cd8:   00007ff53d0f5000-00007ff54323bfff 0x0000/0x0001 0x0040000
1da0.1cd8:   00007ff54323c000-00007ff5464d3fff 0x0001/0x0001 0x0040000
1da0.1cd8:   00007ff5464d4000-00007ff5464ddfff 0x0002/0x0001 0x0040000
1da0.1cd8:   00007ff5464de000-00007ff55f25ffff 0x0000/0x0001 0x0040000
1da0.1cd8:   00007ff55f260000-00007ff77a41ffff 0x0001/0x0000 0x0000000
1da0.1cd8:  *00007ff77a420000-00007ff77a420fff 0x0002/0x0080 0x1000000  \Device\HarddiskVolume3\Program Files\Oracle\VirtualBox\VirtualBoxVM.exe
1da0.1cd8:   00007ff77a421000-00007ff77a48dfff 0x0020/0x0080 0x1000000  \Device\HarddiskVolume3\Program Files\Oracle\VirtualBox\VirtualBoxVM.exe
1da0.1cd8:   00007ff77a48e000-00007ff77a48efff 0x0040/0x0080 0x1000000  \Device\HarddiskVolume3\Program Files\Oracle\VirtualBox\VirtualBoxVM.exe
1da0.1cd8:   00007ff77a48f000-00007ff77a4e4fff 0x0002/0x0080 0x1000000  \Device\HarddiskVolume3\Program Files\Oracle\VirtualBox\VirtualBoxVM.exe
1da0.1cd8:   00007ff77a4e5000-00007ff77a4f1fff 0x0004/0x0080 0x1000000  \Device\HarddiskVolume3\Program Files\Oracle\VirtualBox\VirtualBoxVM.exe
1da0.1cd8:   00007ff77a4f2000-00007ff77a52cfff 0x0002/0x0080 0x1000000  \Device\HarddiskVolume3\Program Files\Oracle\VirtualBox\VirtualBoxVM.exe
1da0.1cd8:   00007ff77a52d000-00007ff9c9cfffff 0x0001/0x0000 0x0000000
1da0.1cd8:  *00007ff9c9d00000-00007ff9c9d00fff 0x0002/0x0080 0x1000000  \Device\HarddiskVolume3\Windows\System32\ntdll.dll
1da0.1cd8:   00007ff9c9d01000-00007ff9c9e72fff 0x0020/0x0080 0x1000000  \Device\HarddiskVolume3\Windows\System32\ntdll.dll
1da0.1cd8:   00007ff9c9e73000-00007ff9c9ecbfff 0x0002/0x0080 0x1000000  \Device\HarddiskVolume3\Windows\System32\ntdll.dll
1da0.1cd8:   00007ff9c9ecc000-00007ff9c9eccfff 0x0004/0x0080 0x1000000  \Device\HarddiskVolume3\Windows\System32\ntdll.dll
1da0.1cd8:   00007ff9c9ecd000-00007ff9c9ecdfff 0x0008/0x0080 0x1000000  \Device\HarddiskVolume3\Windows\System32\ntdll.dll
1da0.1cd8:   00007ff9c9ece000-00007ff9c9ed4fff 0x0004/0x0080 0x1000000  \Device\HarddiskVolume3\Windows\System32\ntdll.dll
1da0.1cd8:   00007ff9c9ed5000-00007ff9c9ee6fff 0x0002/0x0080 0x1000000  \Device\HarddiskVolume3\Windows\System32\ntdll.dll
1da0.1cd8:   00007ff9c9ee7000-00007ff9c9ee7fff 0x0004/0x0080 0x1000000  \Device\HarddiskVolume3\Windows\System32\ntdll.dll
1da0.1cd8:   00007ff9c9ee8000-00007ff9c9ee9fff 0x0008/0x0080 0x1000000  \Device\HarddiskVolume3\Windows\System32\ntdll.dll
1da0.1cd8:   00007ff9c9eea000-00007ff9c9eeafff 0x0004/0x0080 0x1000000  \Device\HarddiskVolume3\Windows\System32\ntdll.dll
1da0.1cd8:   00007ff9c9eeb000-00007ff9c9f66fff 0x0002/0x0080 0x1000000  \Device\HarddiskVolume3\Windows\System32\ntdll.dll
1da0.1cd8:   00007ff9c9f67000-00007ffffffeffff 0x0001/0x0000 0x0000000
1da0.1cd8: supR3HardNtChildPurify: Done after 1054 ms and 1 fixes (loop #1).
17d0.2a14: Log file opened: 7.2.18r175117 g_hStartupLog=0000000000000004 g_uNtVerCombined=0xa0665800
17d0.2a14: supR3HardenedVmProcessInit: uNtDllAddr=00007ff9c9d00000 g_uNtVerCombined=0xa0665800 (stack ~0000009aebafec60)
17d0.2a14: ntdll.dll: timestamp 0x6bdf03ca (rc=VINF_SUCCESS)
17d0.2a14: New simple heap: #1 000001fef7130000 LB 0x800000 (for 2519040 allocation)
1da0.1cd8: supR3HardNtEnableThreadCreationEx:
17d0.2a14: supR3HardenedWinInitAppBin(0x0): '\Device\HarddiskVolume3\Program Files\Oracle\VirtualBox'
17d0.2a14: System32:  \Device\HarddiskVolume3\Windows\System32
17d0.2a14: WinSxS:    \Device\HarddiskVolume3\Windows\WinSxS
17d0.2a14: KnownDllPath: C:\WINDOWS\System32
17d0.2a14: supR3HardenedVmProcessInit: Opening vboxsup stub...
17d0.2a14: supR3HardenedVmProcessInit: Restoring LdrInitializeThunk...
17d0.2a14: supR3HardenedVmProcessInit: Returning to LdrInitializeThunk...
17d0.2a14: Registered Dll notification callback with NTDLL.
17d0.2a14: supHardenedWinVerifyImageByHandle: -> 0 (\Device\HarddiskVolume3\Windows\System32\kernel32.dll)
17d0.2a14: supR3HardenedWinVerifyCacheInsert: \Device\HarddiskVolume3\Windows\System32\kernel32.dll
17d0.2a14: supR3HardenedMonitor_LdrLoadDll: pName=C:\WINDOWS\System32\KERNEL32.DLL (Input=KERNEL32.DLL, rcNtResolve=0xc0150008) *pfFlags=0xffffffff pwszSearchPath=0000000000004001:<flags> [calling]
17d0.2a14: supR3HardenedDllNotificationCallback: load   00007ff9c72a0000 LB 0x00402000 C:\WINDOWS\System32\KERNELBASE.dll [fFlags=0x0]
17d0.2a14: supHardenedWinVerifyImageByHandle: -> 0 (\Device\HarddiskVolume3\Windows\System32\KernelBase.dll)
17d0.2a14: supR3HardenedWinVerifyCacheInsert: \Device\HarddiskVolume3\Windows\System32\KernelBase.dll
17d0.2a14: supR3HardenedDllNotificationCallback: load   00007ff9c7a20000 LB 0x000cb000 C:\WINDOWS\System32\KERNEL32.DLL [fFlags=0x0]
17d0.2a14: supR3HardenedScreenImage/LdrLoadDll: cache hit (VINF_SUCCESS) on \Device\HarddiskVolume3\Windows\System32\kernel32.dll [lacks WinVerifyTrust]
17d0.2a14: supR3HardenedMonitor_LdrLoadDll: returns rcNt=0x0 hMod=00007ff9c7a20000 'C:\WINDOWS\System32\KERNEL32.DLL'
17d0.2a14: supR3HardenedScreenImage/LdrLoadDll: cache hit (VINF_SUCCESS) on \Device\HarddiskVolume3\Windows\System32\KernelBase.dll [lacks WinVerifyTrust]
17d0.2a14: supR3HardenedMonitor_LdrLoadDll: pName=C:\WINDOWS\System32\KERNELBASE.dll (Input=KERNELBASE.dll, rcNtResolve=0xc0150008) *pfFlags=0xffffffff pwszSearchPath=0000000000004001:<flags> [calling]
17d0.2a14: supR3HardenedMonitor_LdrLoadDll: returns rcNt=0x0 hMod=00007ff9c72a0000 'C:\WINDOWS\System32\KERNELBASE.dll'
17d0.2a14: supR3HardenedDllNotificationCallback: load   00007ff77a420000 LB 0x0010d000 C:\Program Files\Oracle\VirtualBox\VirtualBoxVM.exe [fFlags=0x0]
17d0.2a14: '\Device\HarddiskVolume3\Program Files\Oracle\VirtualBox\VirtualBoxVM.exe' has no imports
17d0.2a14: supHardenedWinVerifyImageByHandle: -> 0 (\Device\HarddiskVolume3\Program Files\Oracle\VirtualBox\VirtualBoxVM.exe)
17d0.2a14: supR3HardenedWinVerifyCacheInsert: \Device\HarddiskVolume3\Program Files\Oracle\VirtualBox\VirtualBoxVM.exe
17d0.2a14: supR3HardNtDisableThreadCreation: pvLdrInitThunk=00007ff9c9de1420 pvNtTerminateThread=00007ff9c9e61810 g_LdrInitThunkSelfBackup.cb=0
17d0.2a14: supR3HardNtDisableThreadCreationEx: Backup=40 53 48 83 ec 20 48 8b d9 e8 1a 00 00 00 b2 01
17d0.2a14: \SystemRoot\System32\ntdll.dll:
17d0.2a14:     CreationTime:    2026-09-10T06:50:31.768836000Z
17d0.2a14:     LastWriteTime:   2026-09-10T06:50:31.872670600Z
17d0.2a14:     ChangeTime:      2026-09-21T10:41:42.527856300Z
17d0.2a14:     FileAttributes:  0x20
17d0.2a14:     Size:            0x267be0
1da0.1cd8: supR3HardNtChildWaitFor: Found expected request 1 (CloseEvents) after 82 ms.
17d0.2a14:     NT Headers:      0xe0
17d0.2a14:     Timestamp:       0x6bdf03ca
17d0.2a14:     Machine:         0x8664 - amd64
17d0.2a14:     Timestamp:       0x6bdf03ca
17d0.2a14:     Image Version:   10.0
17d0.2a14:     SizeOfImage:     0x267000 (2519040)
17d0.2a14:     Resource Dir:    0x1eb000 LB 0x7a588
17d0.2a14:     [Version info resource found at 0xd8! (ID/Name: 0x1; SubID/SubName: 0x409)]
17d0.2a14:     [Raw version resource data: 0x1eb0f0 LB 0x380, codepage 0x0 (reserved 0x0)]
17d0.2a14:     ProductName:     Microsoft® Windows® Operating System
17d0.2a14:     ProductVersion:  10.0.26100.9444
17d0.2a14:     FileVersion:     10.0.26100.9444 (WinBuild.160101.0800)
17d0.2a14:     FileDescription: NT Layer DLL
17d0.2a14: \SystemRoot\System32\kernel32.dll:
17d0.2a14:     CreationTime:    2026-09-10T06:50:27.724018400Z
17d0.2a14:     LastWriteTime:   2026-09-10T06:50:27.759147900Z
17d0.2a14:     ChangeTime:      2026-09-21T10:41:42.691408300Z
17d0.2a14:     FileAttributes:  0x20
17d0.2a14:     Size:            0xce2d0
17d0.2a14:     NT Headers:      0xf8
17d0.2a14:     Timestamp:       0x3ecccf12
17d0.2a14:     Machine:         0x8664 - amd64
17d0.2a14:     Timestamp:       0x3ecccf12
17d0.2a14:     Image Version:   10.0
17d0.2a14:     SizeOfImage:     0xcb000 (831488)
17d0.2a14:     Resource Dir:    0xc9000 LB 0x520
17d0.2a14:     [Version info resource found at 0x90! (ID/Name: 0x1; SubID/SubName: 0x409)]
17d0.2a14:     [Raw version resource data: 0xc90b0 LB 0x3a4, codepage 0x0 (reserved 0x0)]
17d0.2a14:     ProductName:     Microsoft® Windows® Operating System
17d0.2a14:     ProductVersion:  10.0.26100.9444
17d0.2a14:     FileVersion:     10.0.26100.9444 (WinBuild.160101.0800)
17d0.2a14:     FileDescription: Windows NT BASE API Client DLL
17d0.2a14: \SystemRoot\System32\KernelBase.dll:
17d0.2a14:     CreationTime:    2026-09-10T06:50:27.789912300Z
17d0.2a14:     LastWriteTime:   2026-09-10T06:50:28.096557800Z
17d0.2a14:     ChangeTime:      2026-09-21T10:41:42.647548000Z
17d0.2a14:     FileAttributes:  0x20
17d0.2a14:     Size:            0x404590
17d0.2a14:     NT Headers:      0xf8
17d0.2a14:     Timestamp:       0x28606b21
17d0.2a14:     Machine:         0x8664 - amd64
17d0.2a14:     Timestamp:       0x28606b21
17d0.2a14:     Image Version:   10.0
17d0.2a14:     SizeOfImage:     0x402000 (4202496)
17d0.2a14:     Resource Dir:    0x3c7000 LB 0x548
17d0.2a14:     [Version info resource found at 0x90! (ID/Name: 0x1; SubID/SubName: 0x409)]
17d0.2a14:     [Raw version resource data: 0x3c70b0 LB 0x3bc, codepage 0x0 (reserved 0x0)]
17d0.2a14:     ProductName:     Microsoft® Windows® Operating System
17d0.2a14:     ProductVersion:  10.0.26100.9444
17d0.2a14:     FileVersion:     10.0.26100.9444 (WinBuild.160101.0800)
17d0.2a14:     FileDescription: Windows NT BASE API Client DLL
17d0.2a14: \SystemRoot\System32\apisetschema.dll:
17d0.2a14:     CreationTime:    2026-09-10T06:50:13.107133100Z
17d0.2a14:     LastWriteTime:   2026-09-10T06:50:13.118162000Z
17d0.2a14:     ChangeTime:      2026-09-21T10:41:38.872877700Z
17d0.2a14:     FileAttributes:  0x20
17d0.2a14:     Size:            0x2f5e0
17d0.2a14:     NT Headers:      0xd8
17d0.2a14:     Timestamp:       0x78baaf65
17d0.2a14:     Machine:         0x8664 - amd64
17d0.2a14:     Timestamp:       0x78baaf65
17d0.2a14:     Image Version:   10.0
17d0.2a14:     SizeOfImage:     0x2e000 (188416)
17d0.2a14:     Resource Dir:    0x2d000 LB 0x408
17d0.2a14:     [Version info resource found at 0x48! (ID/Name: 0x1; SubID/SubName: 0x409)]
17d0.2a14:     [Raw version resource data: 0x2d060 LB 0x3a8, codepage 0x0 (reserved 0x0)]
17d0.2a14:     ProductName:     Microsoft® Windows® Operating System
17d0.2a14:     ProductVersion:  10.0.26100.9278
17d0.2a14:     FileVersion:     10.0.26100.9278 (WinBuild.160101.0800)
17d0.2a14:     FileDescription: ApiSet Schema DLL
17d0.2a14: root name: type=FilterConnectionPort name=UnionfsPort
17d0.2a14: root name: type=Event name={38F140EC-9956-4E4E-8D22-14BDCDC005D8}
17d0.2a14: root name: type=Mutant name=PendingRenameMutex
17d0.2a14: root name: type=Directory name=ObjectTypes
17d0.2a14: root name: type=Job name=Container_Kaspersky.ShellEx26_1.0.0.15_neutral__78azx59njhjpr-S-1-5-21-3044716791-89837938-1157934026-1007
17d0.2a14: root name: type=FilterConnectionPort name=storqosfltport
17d0.2a14: root name: type=FilterConnectionPort name=MicrosoftMalwareProtectionRemoteIoPortWD
17d0.2a14: root name: type=FilterConnectionPort name=MicrosoftDataLossPreventionPort
17d0.2a14: root name: type=SymbolicLink name=SystemRoot
17d0.2a14: root name: type=Section name=Win32kSiloSessionGlobals
17d0.2a14: root name: type=Directory name=Sessions
17d0.2a14: root name: type=FilterConnectionPort name=MicrosoftMalwareProtectionVeryLowIoPortWD
17d0.2a14: root name: type=ALPC Port name=SleepstudyControlPort
17d0.2a14: root name: type=Directory name=ArcName
17d0.2a14: root name: type=Job name=Container_Microsoft.GamingApp_2609.1001.16.0_x64__8wekyb3d8bbwe-S-1-5-21-3044716791-89837938-1157934026-1007
17d0.2a14: root name: type=FilterConnectionPort name=WcifsPort
17d0.2a14: root name: type=Directory name=NLS
17d0.2a14: root name: type=Event name=LanmanServerAnnounceEvent
17d0.2a14: root name: type=ALPC Port name=ThemeApiPort
17d0.2a14: root name: type=Directory name=Windows
17d0.2a14: root name: type=Directory name=GLOBAL??
17d0.2a14: root name: type=Directory name=RPC Control
17d0.2a14: root name: type=FilterConnectionPort name=MicrosoftDataLossPreventionControlPort
17d0.2a14: root name: type=ALPC Port name=PdcPort
17d0.2a14: root name: type=Event name=EFSInitEvent
17d0.2a14: root name: type=SymbolicLink name=Dfs
17d0.2a14: root name: type=Device name=clfs
17d0.2a14: root name: type=FilterConnectionPort name=MicrosoftDataLossPreventionRemoteIoPort
17d0.2a14: root name: type=Event name=CsrSbSyncEvent
17d0.2a14: root name: type=ALPC Port name=SeRmCommandPort
17d0.2a14: root name: type=SymbolicLink name=DosDevices
17d0.2a14: root name: type=Job name=Container_Microsoft.WindowsNotepad_11.2607.14.0_x64__8wekyb3d8bbwe-S-1-5-21-3044716791-89837938-1157934026-1007
17d0.2a14: root name: type=Directory name=KnownDlls32
17d0.2a14: root name: type=Key name=REGISTRY
17d0.2a14: root name: type=Directory name=BaseNamedObjects
17d0.2a14: root name: type=FilterConnectionPort name=KlifComm.K4W-21-26
17d0.2a14: root name: type=FilterConnectionPort name=MicrosoftDataLossPreventionVeryLowIoPort
17d0.2a14: root name: type=ALPC Port name=PowerPort
17d0.2a14: root name: type=ALPC Port name=SmSsWinStationApiPort
17d0.2a14: root name: type=Event name=UniqueInteractiveSessionIdEvent
17d0.2a14: root name: type=Directory name=UMDFCommunicationPorts
17d0.2a14: root name: type=Job name=Container_Microsoft.MicrosoftOfficeHub_19.2609.52011.0_x64__8wekyb3d8bbwe-S-1-5-21-3044716791-89837938-1157934026-1007
17d0.2a14: root name: type=Device name=FatCdrom
17d0.2a14: root name: type=Device name=Fat
17d0.2a14: root name: type=Directory name=KnownDlls
17d0.2a14: root name: type=ALPC Port name=PowerMonitorPort
17d0.2a14: root name: type=Device name=Ntfs
17d0.2a14: root name: type=Directory name=FileSystem
17d0.2a14: root name: type=Directory name=KernelObjects
17d0.2a14: root name: type=FilterConnectionPort name=MicrosoftMalwareProtectionControlPortWD
17d0.2a14: root name: type=ALPC Port name=SeLsaCommandPort
17d0.2a14: root name: type=SymbolicLink name=KlifComm
17d0.2a14: root name: type=Directory name=Callback
17d0.2a14: root name: type=FilterConnectionPort name=MicrosoftDataLossPreventionAsyncPort
17d0.2a14: root name: type=FilterConnectionPort name=BindFltPort
17d0.2a14: root name: type=Directory name=DriverStore
17d0.2a14: root name: type=Directory name=Security
17d0.2a14: root name: type=FilterConnectionPort name=MicrosoftMalwareProtectionAsyncPortWD
17d0.2a14: root name: type=Directory name=Device
17d0.2a14: root name: type=Directory name=Kaspersky
17d0.2a14: root name: type=SymbolicLink name=DriverData
17d0.2a14: root name: type=Job name=Container_MicrosoftWindows.CrossDevice_1.26072.116.0_x64__cw5n1h2txyewy-S-1-5-21-3044716791-89837938-1157934026-1007
17d0.2a14: root name: type=Job name=Container_MicrosoftWindows.Client.CBS_1000.26100.360.0_x64__cw5n1h2txyewy-S-1-5-21-3044716791-89837938-1157934026-1007
17d0.2a14: root name: type=ALPC Port name=SmApiPort
17d0.2a14: root name: type=FilterConnectionPort name=CLDMSGPORT
17d0.2a14: root name: type=FilterConnectionPort name=MicrosoftMalwareProtectionPortWD
17d0.2a14: root name: type=SymbolicLink name=OSDataRoot
17d0.2a14: root name: type=Event name=SAM_SERVICE_STARTED
17d0.2a14: root name: type=Directory name=Driver
17d0.2a14: root name: type=SymbolicLink name=DriverStores
17d0.2a14: NtOpenDirectoryObject failed on '\Driver': 0xc0000022
17d0.2a14: \SystemRoot\System32\drivers\klim6.sys: (new adversary 0x40)
17d0.2a14:     CreationTime:    2025-01-18T13:38:32.000000000Z
17d0.2a14:     LastWriteTime:   2026-07-08T16:30:30.000000000Z
17d0.2a14:     ChangeTime:      2026-09-09T01:33:32.557807000Z
17d0.2a14:     FileAttributes:  0x20
17d0.2a14:     Size:            0x166b8
17d0.2a14:     NT Headers:      0xd8
17d0.2a14:     Timestamp:       0x69fd1cbb
17d0.2a14:     Machine:         0x8664 - amd64
17d0.2a14:     Timestamp:       0x69fd1cbb
17d0.2a14:     Image Version:   6.1
17d0.2a14:     SizeOfImage:     0x16000 (90112)
17d0.2a14:     Resource Dir:    0x14000 LB 0x498
17d0.2a14:     [Version info resource found at 0x48! (ID/Name: 0x1; SubID/SubName: 0x409)]
17d0.2a14:     [Raw version resource data: 0x14060 LB 0x438, codepage 0x0 (reserved 0x0)]
17d0.2a14:     ProductName:     Kaspersky
17d0.2a14:     ProductVersion:  30.1942.0.1057-20a5a57547ec76491df6ce5df618052e511d4ab5
17d0.2a14:     FileVersion:     30.1942.0.1057
17d0.2a14:     FileDescription: Packet Network Filter [fre_win7_x64]
17d0.2a14: supR3HardenedWinFindAdversaries: 0x40
17d0.2a14: supR3HardenedWinInitAppBin(0x0): '\Device\HarddiskVolume3\Program Files\Oracle\VirtualBox'
17d0.2a14: Calling main()
17d0.2a14: SUPR3HardenedMain: pszProgName=VirtualBoxVM fFlags=0x2
17d0.2a14: supR3HardenedWinInitAppBin(0x2): '\Device\HarddiskVolume3\Program Files\Oracle\VirtualBox'
17d0.2a14: '\Device\HarddiskVolume3\Program Files\Oracle\VirtualBox\VirtualBoxVM.exe' has no imports
17d0.2a14: supHardenedWinVerifyImageByHandle: -> 0 (\Device\HarddiskVolume3\Program Files\Oracle\VirtualBox\VirtualBoxVM.exe)
17d0.2a14: SUPR3HardenedMain: Respawn #2
17d0.2a14: supR3HardenedWinDoReSpawn(2): Spawning ...
17d0.2a14: supR3HardNtEnableThreadCreationEx:
17d0.2a14: supR3HardenedDllNotificationCallback: load   00007ff9c9560000 LB 0x000a9000 C:\WINDOWS\System32\sechost.dll [fFlags=0x0]
17d0.2a14: supHardenedWinVerifyImageByHandle: -> 0 (\Device\HarddiskVolume3\Windows\System32\sechost.dll)
17d0.2a14: supR3HardenedWinVerifyCacheInsert: \Device\HarddiskVolume3\Windows\System32\sechost.dll
17d0.2a14: '\Device\HarddiskVolume3\Windows\System32\ntdll.dll' has no imports
17d0.2a14: supHardenedWinVerifyImageByHandle: -> 0 (\Device\HarddiskVolume3\Windows\System32\ntdll.dll)
17d0.2a14: supR3HardenedWinVerifyCacheInsert: \Device\HarddiskVolume3\Windows\System32\ntdll.dll
17d0.2a14: supR3HardenedMonitor_LdrLoadDll: pName=C:\WINDOWS\System32\ntdll.dll (Input=ntdll.dll, rcNtResolve=0xc0150008) *pfFlags=0x0 pwszSearchPath=0000000000000801:<flags> [calling]
17d0.2a14: supR3HardenedMonitor_LdrLoadDll: returns rcNt=0x0 hMod=00007ff9c9d00000 'C:\WINDOWS\System32\ntdll.dll'
17d0.2a14: supR3HardenedScreenImage/LdrLoadDll: cache hit (VINF_SUCCESS) on \Device\HarddiskVolume3\Windows\System32\KernelBase.dll [lacks WinVerifyTrust]
17d0.2a14: supR3HardenedMonitor_LdrLoadDll: pName=C:\WINDOWS\System32\KernelBase.dll (Input=KernelBase, rcNtResolve=0xc0150008) *pfFlags=0x0 pwszSearchPath=0000000000000801:<flags> [calling]
17d0.2a14: supR3HardenedMonitor_LdrLoadDll: returns rcNt=0x0 hMod=00007ff9c72a0000 'C:\WINDOWS\System32\KernelBase.dll'
17d0.2a14: supR3HardNtDisableThreadCreation: pvLdrInitThunk=00007ff9c9de1420 pvNtTerminateThread=00007ff9c9e61810 g_LdrInitThunkSelfBackup.cb=10
17d0.2a14: supR3HardenedWinDoReSpawn(2): New child 4488.f0c [kernel32].
17d0.2a14: supR3HardenedWinReSpawn: NtSetInformationThread/ThreadHideFromDebugger failed: 0xc0000022 (harmless)
17d0.2a14: supR3HardNtChildGatherData: PebBaseAddress=000000cb2301e000 cbPeb=0x388
17d0.2a14: supR3HardNtPuChFindNtdll: uNtDllParentAddr=00007ff9c9d00000 uNtDllChildAddr=00007ff9c9d00000
17d0.2a14: supR3HardenedWinSetupChildInit: uLdrInitThunk=00007ff9c9de1420
17d0.2a14: supR3HardenedWinSetupChildInit: Initial context:
  rax=0000000000000000 rbx=0000000000000000 rcx=00007ff77a42c940 rdx=000000cb2301e000
  rsi=0000000000000000 rdi=0000000000000000 r8 =0000000000000000 r9 =0000000000000000
  r10=0000000000000000 r11=0000000000000000 r12=0000000000000000 r13=0000000000000000
  r14=0000000000000000 r15=0000000000000000  P1=0000000000000000  P2=0000000000000000
  rip=00007ff9c9dacac0 rsp=000000cb22fdf998 rbp=0000000000000000    ctxflags=0010001b
  cs=0033 ss=002b ds=0000 es=0000 fs=0000 gs=0000    eflags=00000200   mxcrx=00001f80
   P3=0000000000000000  P4=0000000000000000  P5=0000000000000000  P6=0000000000000000
  dr0=0000000000000000 dr1=0000000000000000 dr2=0000000000000000 dr3=0000000000000000
  dr6=0000000000000000 dr7=0000000000000000 vcr=0000000000000000 dcr=0000000000000000
  lbt=0000000000000000 lbf=0000000000000000 lxt=0000000000000000 lxf=0000000000000000
17d0.2a14: kernel32.dll: timestamp 0x3ecccf12 (rc=VINF_SUCCESS)
17d0.2a14: supR3HardenedWinSetupChildInit: Start child.
17d0.2a14: supR3HardNtChildWaitFor: Found expected request 0 (PurifyChildAndCloseHandles) after 0 ms.
17d0.2a14: supR3HardNtChildPurify: Startup delay kludge #1/0: 522 ms, 33 sleeps
17d0.2a14: supHardNtVpScanVirtualMemory: enmKind=CHILD_PURIFICATION
17d0.2a14:  *0000000000000000-000000007ffdffff 0x0001/0x0000 0x0000000
17d0.2a14:  *000000007ffe0000-000000007ffe0fff 0x0002/0x0002 0x0020000
17d0.2a14:   000000007ffe1000-000000007ffe1fff 0x0001/0x0000 0x0000000
17d0.2a14:  *000000007ffe2000-000000007ffe2fff 0x0002/0x0002 0x0020000
17d0.2a14:   000000007ffe3000-000000cb22edffff 0x0001/0x0000 0x0000000
17d0.2a14:  *000000cb22ee0000-000000cb22fdafff 0x0000/0x0004 0x0020000
17d0.2a14:   000000cb22fdb000-000000cb22fddfff 0x0104/0x0004 0x0020000
17d0.2a14:   000000cb22fde000-000000cb22fdffff 0x0004/0x0004 0x0020000
17d0.2a14:   000000cb22fe0000-000000cb22ffffff 0x0001/0x0000 0x0000000
17d0.2a14:  *000000cb23000000-000000cb2301dfff 0x0000/0x0004 0x0020000
17d0.2a14:   000000cb2301e000-000000cb23020fff 0x0004/0x0004 0x0020000
17d0.2a14:   000000cb23021000-000000cb231fffff 0x0000/0x0004 0x0020000
17d0.2a14:  *000000cb23200000-000000cb232fcfff 0x0000/0x0002 0x0020000
17d0.2a14:   000000cb232fd000-000000cb232fdfff 0x0102/0x0002 0x0020000
17d0.2a14:   000000cb232fe000-000000cb232fefff 0x0002/0x0002 0x0020000
17d0.2a14:   000000cb232ff000-000000cb232fffff 0x0000/0x0002 0x0020000
17d0.2a14:   000000cb23300000-00000207bd4fffff 0x0001/0x0000 0x0000000
17d0.2a14:  *00000207bd500000-00000207bd51ffff 0x0004/0x0004 0x0020000
17d0.2a14:  *00000207bd520000-00000207bd549fff 0x0002/0x0002 0x0040000
17d0.2a14:   00000207bd54a000-00000207bd54ffff 0x0001/0x0000 0x0000000
17d0.2a14:  *00000207bd550000-00000207bd553fff 0x0002/0x0002 0x0040000
17d0.2a14:   00000207bd554000-00000207bd55ffff 0x0001/0x0000 0x0000000
17d0.2a14:  *00000207bd560000-00000207bd560fff 0x0002/0x0002 0x0040000
17d0.2a14:   00000207bd561000-00000207bd56ffff 0x0001/0x0000 0x0000000
17d0.2a14:  *00000207bd570000-00000207bd571fff 0x0004/0x0004 0x0020000
17d0.2a14:   00000207bd572000-00007df55f25ffff 0x0001/0x0000 0x0000000
17d0.2a14:  *00007df55f260000-00007df560b3ffff 0x0000/0x0001 0x0040000
17d0.2a14:   00007df560b40000-00007df560b49fff 0x0001/0x0001 0x0040000
17d0.2a14:   00007df560b4a000-00007df56101afff 0x0000/0x0001 0x0040000
17d0.2a14:   00007df56101b000-00007df56101bfff 0x0001/0x0001 0x0040000
17d0.2a14:   00007df56101c000-00007ff53d0effff 0x0000/0x0001 0x0040000
17d0.2a14:   00007ff53d0f0000-00007ff53d0f4fff 0x0002/0x0001 0x0040000
17d0.2a14:   00007ff53d0f5000-00007ff54323bfff 0x0000/0x0001 0x0040000
17d0.2a14:   00007ff54323c000-00007ff5464d3fff 0x0001/0x0001 0x0040000
17d0.2a14:   00007ff5464d4000-00007ff5464ddfff 0x0002/0x0001 0x0040000
17d0.2a14:   00007ff5464de000-00007ff55f25ffff 0x0000/0x0001 0x0040000
17d0.2a14:   00007ff55f260000-00007ff5901bffff 0x0001/0x0000 0x0000000
17d0.2a14:  *00007ff5901c0000-00007ff5901c0fff 0x0002/0x0002 0x0040000
17d0.2a14:   00007ff5901c1000-00007ff77a41ffff 0x0001/0x0000 0x0000000
17d0.2a14:  *00007ff77a420000-00007ff77a420fff 0x0002/0x0080 0x1000000  \Device\HarddiskVolume3\Program Files\Oracle\VirtualBox\VirtualBoxVM.exe
17d0.2a14:   00007ff77a421000-00007ff77a48dfff 0x0020/0x0080 0x1000000  \Device\HarddiskVolume3\Program Files\Oracle\VirtualBox\VirtualBoxVM.exe
17d0.2a14:   00007ff77a48e000-00007ff77a48efff 0x0080/0x0080 0x1000000  \Device\HarddiskVolume3\Program Files\Oracle\VirtualBox\VirtualBoxVM.exe
17d0.2a14:   00007ff77a48f000-00007ff77a4e4fff 0x0002/0x0080 0x1000000  \Device\HarddiskVolume3\Program Files\Oracle\VirtualBox\VirtualBoxVM.exe
17d0.2a14:   00007ff77a4e5000-00007ff77a4e5fff 0x0004/0x0080 0x1000000  \Device\HarddiskVolume3\Program Files\Oracle\VirtualBox\VirtualBoxVM.exe
17d0.2a14:   00007ff77a4e6000-00007ff77a4e6fff 0x0008/0x0080 0x1000000  \Device\HarddiskVolume3\Program Files\Oracle\VirtualBox\VirtualBoxVM.exe
17d0.2a14:   00007ff77a4e7000-00007ff77a4ecfff 0x0004/0x0080 0x1000000  \Device\HarddiskVolume3\Program Files\Oracle\VirtualBox\VirtualBoxVM.exe
17d0.2a14:   00007ff77a4ed000-00007ff77a4f1fff 0x0008/0x0080 0x1000000  \Device\HarddiskVolume3\Program Files\Oracle\VirtualBox\VirtualBoxVM.exe
17d0.2a14:   00007ff77a4f2000-00007ff77a52cfff 0x0002/0x0080 0x1000000  \Device\HarddiskVolume3\Program Files\Oracle\VirtualBox\VirtualBoxVM.exe
17d0.2a14:   00007ff77a52d000-00007ff9c9cfffff 0x0001/0x0000 0x0000000
17d0.2a14:  *00007ff9c9d00000-00007ff9c9d00fff 0x0002/0x0080 0x1000000  \Device\HarddiskVolume3\Windows\System32\ntdll.dll
17d0.2a14:   00007ff9c9d01000-00007ff9c9e72fff 0x0020/0x0080 0x1000000  \Device\HarddiskVolume3\Windows\System32\ntdll.dll
17d0.2a14:   00007ff9c9e73000-00007ff9c9ecbfff 0x0002/0x0080 0x1000000  \Device\HarddiskVolume3\Windows\System32\ntdll.dll
17d0.2a14:   00007ff9c9ecc000-00007ff9c9ed4fff 0x0008/0x0080 0x1000000  \Device\HarddiskVolume3\Windows\System32\ntdll.dll
17d0.2a14:   00007ff9c9ed5000-00007ff9c9ee6fff 0x0002/0x0080 0x1000000  \Device\HarddiskVolume3\Windows\System32\ntdll.dll
17d0.2a14:   00007ff9c9ee7000-00007ff9c9ee9fff 0x0008/0x0080 0x1000000  \Device\HarddiskVolume3\Windows\System32\ntdll.dll
17d0.2a14:   00007ff9c9eea000-00007ff9c9eeafff 0x0004/0x0080 0x1000000  \Device\HarddiskVolume3\Windows\System32\ntdll.dll
17d0.2a14:   00007ff9c9eeb000-00007ff9c9f66fff 0x0002/0x0080 0x1000000  \Device\HarddiskVolume3\Windows\System32\ntdll.dll
17d0.2a14:   00007ff9c9f67000-00007ffffffeffff 0x0001/0x0000 0x0000000
17d0.2a14: VirtualBoxVM.exe: timestamp 0x6aa81a56 (rc=VINF_SUCCESS)
17d0.2a14: '\Device\HarddiskVolume3\Program Files\Oracle\VirtualBox\VirtualBoxVM.exe' has no imports
17d0.2a14: VirtualBoxVM.exe: Differences in section #8 (.rsrc) between file and memory:
17d0.2a14:   00007ff77a52ab70 / 0x010ab70: 00 != 50
17d0.2a14:   00007ff77a52ab71 / 0x010ab71: 00 != 41
17d0.2a14:   00007ff77a52ab72 / 0x010ab72: 00 != 44
17d0.2a14:   00007ff77a52ab73 / 0x010ab73: 00 != 44
17d0.2a14:   00007ff77a52ab74 / 0x010ab74: 00 != 49
17d0.2a14:   00007ff77a52ab75 / 0x010ab75: 00 != 4e
17d0.2a14:   00007ff77a52ab76 / 0x010ab76: 00 != 47
17d0.2a14:   00007ff77a52ab77 / 0x010ab77: 00 != 58
17d0.2a14:   00007ff77a52ab78 / 0x010ab78: 00 != 58
17d0.2a14:   00007ff77a52ab79 / 0x010ab79: 00 != 50
17d0.2a14:   00007ff77a52ab7a / 0x010ab7a: 00 != 41
17d0.2a14:   00007ff77a52ab7b / 0x010ab7b: 00 != 44
17d0.2a14:   00007ff77a52ab7c / 0x010ab7c: 00 != 44
17d0.2a14:   00007ff77a52ab7d / 0x010ab7d: 00 != 49
17d0.2a14:   00007ff77a52ab7e / 0x010ab7e: 00 != 4e
17d0.2a14:   00007ff77a52ab7f / 0x010ab7f: 00 != 47
17d0.2a14:   00007ff77a52ab80 / 0x010ab80: 00 != 50
17d0.2a14:   00007ff77a52ab81 / 0x010ab81: 00 != 41
17d0.2a14:   00007ff77a52ab82 / 0x010ab82: 00 != 44
17d0.2a14:   00007ff77a52ab83 / 0x010ab83: 00 != 44
17d0.2a14:   00007ff77a52ab84 / 0x010ab84: 00 != 49
17d0.2a14:   00007ff77a52ab85 / 0x010ab85: 00 != 4e
17d0.2a14:   00007ff77a52ab86 / 0x010ab86: 00 != 47
17d0.2a14:   00007ff77a52ab87 / 0x010ab87: 00 != 58
17d0.2a14:   00007ff77a52ab88 / 0x010ab88: 00 != 58
17d0.2a14:   00007ff77a52ab89 / 0x010ab89: 00 != 50
17d0.2a14:   00007ff77a52ab8a / 0x010ab8a: 00 != 41
17d0.2a14:   00007ff77a52ab8b / 0x010ab8b: 00 != 44
17d0.2a14:   00007ff77a52ab8c / 0x010ab8c: 00 != 44
17d0.2a14:   00007ff77a52ab8d / 0x010ab8d: 00 != 49
17d0.2a14:   00007ff77a52ab8e / 0x010ab8e: 00 != 4e
17d0.2a14:   00007ff77a52ab8f / 0x010ab8f: 00 != 47
17d0.2a14:   00007ff77a52ab90 / 0x010ab90: 00 != 50
17d0.2a14:   00007ff77a52ab91 / 0x010ab91: 00 != 41
17d0.2a14:   00007ff77a52ab92 / 0x010ab92: 00 != 44
17d0.2a14:   00007ff77a52ab93 / 0x010ab93: 00 != 44
17d0.2a14:   00007ff77a52ab94 / 0x010ab94: 00 != 49
17d0.2a14:   00007ff77a52ab95 / 0x010ab95: 00 != 4e
17d0.2a14:   00007ff77a52ab96 / 0x010ab96: 00 != 47
17d0.2a14:   00007ff77a52ab97 / 0x010ab97: 00 != 58
17d0.2a14:   00007ff77a52ab98 / 0x010ab98: 00 != 58
17d0.2a14:   00007ff77a52ab99 / 0x010ab99: 00 != 50
17d0.2a14:   00007ff77a52ab9a / 0x010ab9a: 00 != 41
17d0.2a14:   00007ff77a52ab9b / 0x010ab9b: 00 != 44
17d0.2a14:   00007ff77a52ab9c / 0x010ab9c: 00 != 44
17d0.2a14:   00007ff77a52ab9d / 0x010ab9d: 00 != 49
17d0.2a14:   00007ff77a52ab9e / 0x010ab9e: 00 != 4e
17d0.2a14:   00007ff77a52ab9f / 0x010ab9f: 00 != 47
17d0.2a14:   00007ff77a52aba0 / 0x010aba0: 00 != 50
17d0.2a14:   00007ff77a52aba1 / 0x010aba1: 00 != 41
17d0.2a14:   00007ff77a52aba2 / 0x010aba2: 00 != 44
17d0.2a14:   00007ff77a52aba3 / 0x010aba3: 00 != 44
17d0.2a14:   00007ff77a52aba4 / 0x010aba4: 00 != 49
17d0.2a14:   00007ff77a52aba5 / 0x010aba5: 00 != 4e
17d0.2a14:   00007ff77a52aba6 / 0x010aba6: 00 != 47
17d0.2a14:   00007ff77a52aba7 / 0x010aba7: 00 != 58
17d0.2a14:   00007ff77a52aba8 / 0x010aba8: 00 != 58
17d0.2a14:   00007ff77a52aba9 / 0x010aba9: 00 != 50
17d0.2a14:   00007ff77a52abaa / 0x010abaa: 00 != 41
17d0.2a14:   00007ff77a52abab / 0x010abab: 00 != 44
17d0.2a14:   00007ff77a52abac / 0x010abac: 00 != 44
17d0.2a14:   00007ff77a52abad / 0x010abad: 00 != 49
17d0.2a14:   00007ff77a52abae / 0x010abae: 00 != 4e
17d0.2a14:   00007ff77a52abaf / 0x010abaf: 00 != 47
17d0.2a14:   00007ff77a52abb0 / 0x010abb0: 00 != 50
17d0.2a14:   00007ff77a52abb1 / 0x010abb1: 00 != 41
17d0.2a14:   00007ff77a52abb2 / 0x010abb2: 00 != 44
17d0.2a14:   00007ff77a52abb3 / 0x010abb3: 00 != 44
17d0.2a14:   00007ff77a52abb4 / 0x010abb4: 00 != 49
17d0.2a14:   00007ff77a52abb5 / 0x010abb5: 00 != 4e
17d0.2a14:   00007ff77a52abb6 / 0x010abb6: 00 != 47
17d0.2a14:   00007ff77a52abb7 / 0x010abb7: 00 != 58
17d0.2a14:   00007ff77a52abb8 / 0x010abb8: 00 != 58
17d0.2a14:   00007ff77a52abb9 / 0x010abb9: 00 != 50
17d0.2a14:   00007ff77a52abba / 0x010abba: 00 != 41
17d0.2a14:   00007ff77a52abbb / 0x010abbb: 00 != 44
17d0.2a14:   00007ff77a52abbc / 0x010abbc: 00 != 44
17d0.2a14:   00007ff77a52abbd / 0x010abbd: 00 != 49
17d0.2a14:   00007ff77a52abbe / 0x010abbe: 00 != 4e
17d0.2a14:   00007ff77a52abbf / 0x010abbf: 00 != 47
17d0.2a14:   00007ff77a52abc0 / 0x010abc0: 00 != 50
17d0.2a14:   00007ff77a52abc1 / 0x010abc1: 00 != 41
17d0.2a14:   00007ff77a52abc2 / 0x010abc2: 00 != 44
17d0.2a14:   00007ff77a52abc3 / 0x010abc3: 00 != 44
17d0.2a14:   00007ff77a52abc4 / 0x010abc4: 00 != 49
17d0.2a14:   00007ff77a52abc5 / 0x010abc5: 00 != 4e
17d0.2a14:   00007ff77a52abc6 / 0x010abc6: 00 != 47
17d0.2a14:   00007ff77a52abc7 / 0x010abc7: 00 != 58
17d0.2a14:   00007ff77a52abc8 / 0x010abc8: 00 != 58
17d0.2a14:   00007ff77a52abc9 / 0x010abc9: 00 != 50
17d0.2a14:   00007ff77a52abca / 0x010abca: 00 != 41
17d0.2a14:   00007ff77a52abcb / 0x010abcb: 00 != 44
17d0.2a14:   00007ff77a52abcc / 0x010abcc: 00 != 44
17d0.2a14:   00007ff77a52abcd / 0x010abcd: 00 != 49
17d0.2a14:   00007ff77a52abce / 0x010abce: 00 != 4e
17d0.2a14:   00007ff77a52abcf / 0x010abcf: 00 != 47
17d0.2a14:   00007ff77a52abd0 / 0x010abd0: 00 != 50
17d0.2a14:   00007ff77a52abd1 / 0x010abd1: 00 != 41
17d0.2a14:   00007ff77a52abd2 / 0x010abd2: 00 != 44
17d0.2a14:   00007ff77a52abd3 / 0x010abd3: 00 != 44
17d0.2a14:   00007ff77a52abd4 / 0x010abd4: 00 != 49
17d0.2a14:   00007ff77a52abd5 / 0x010abd5: 00 != 4e
17d0.2a14:   00007ff77a52abd6 / 0x010abd6: 00 != 47
17d0.2a14:   00007ff77a52abd7 / 0x010abd7: 00 != 58
17d0.2a14:   00007ff77a52abd8 / 0x010abd8: 00 != 58
17d0.2a14:   00007ff77a52abd9 / 0x010abd9: 00 != 50
17d0.2a14:   00007ff77a52abda / 0x010abda: 00 != 41
17d0.2a14:   00007ff77a52abdb / 0x010abdb: 00 != 44
17d0.2a14:   00007ff77a52abdc / 0x010abdc: 00 != 44
17d0.2a14:   00007ff77a52abdd / 0x010abdd: 00 != 49
17d0.2a14:   00007ff77a52abde / 0x010abde: 00 != 4e
17d0.2a14:   00007ff77a52abdf / 0x010abdf: 00 != 47
17d0.2a14:   00007ff77a52abe0 / 0x010abe0: 00 != 50
17d0.2a14:   00007ff77a52abe1 / 0x010abe1: 00 != 41
17d0.2a14:   00007ff77a52abe2 / 0x010abe2: 00 != 44
17d0.2a14:   00007ff77a52abe3 / 0x010abe3: 00 != 44
17d0.2a14:   00007ff77a52abe4 / 0x010abe4: 00 != 49
17d0.2a14:   00007ff77a52abe5 / 0x010abe5: 00 != 4e
17d0.2a14:   00007ff77a52abe6 / 0x010abe6: 00 != 47
17d0.2a14:   00007ff77a52abe7 / 0x010abe7: 00 != 58
17d0.2a14:   00007ff77a52abe8 / 0x010abe8: 00 != 58
17d0.2a14:   00007ff77a52abe9 / 0x010abe9: 00 != 50
17d0.2a14:   00007ff77a52abea / 0x010abea: 00 != 41
17d0.2a14:   00007ff77a52abeb / 0x010abeb: 00 != 44
17d0.2a14:   00007ff77a52abec / 0x010abec: 00 != 44
17d0.2a14:   00007ff77a52abed / 0x010abed: 00 != 49
17d0.2a14:   00007ff77a52abee / 0x010abee: 00 != 4e
17d0.2a14:   00007ff77a52abef / 0x010abef: 00 != 47
17d0.2a14:   00007ff77a52abf0 / 0x010abf0: 00 != 50
17d0.2a14:   00007ff77a52abf1 / 0x010abf1: 00 != 41
17d0.2a14:   00007ff77a52abf2 / 0x010abf2: 00 != 44
17d0.2a14:   00007ff77a52abf3 / 0x010abf3: 00 != 44
17d0.2a14:   00007ff77a52abf4 / 0x010abf4: 00 != 49
17d0.2a14:   00007ff77a52abf5 / 0x010abf5: 00 != 4e
17d0.2a14:   00007ff77a52abf6 / 0x010abf6: 00 != 47
17d0.2a14:   00007ff77a52abf7 / 0x010abf7: 00 != 58
17d0.2a14:   00007ff77a52abf8 / 0x010abf8: 00 != 58
17d0.2a14:   00007ff77a52abf9 / 0x010abf9: 00 != 50
17d0.2a14:   00007ff77a52abfa / 0x010abfa: 00 != 41
17d0.2a14:   00007ff77a52abfb / 0x010abfb: 00 != 44
17d0.2a14:   00007ff77a52abfc / 0x010abfc: 00 != 44
17d0.2a14:   00007ff77a52abfd / 0x010abfd: 00 != 49
17d0.2a14:   00007ff77a52abfe / 0x010abfe: 00 != 4e
17d0.2a14:   00007ff77a52abff / 0x010abff: 00 != 47
17d0.2a14:   Restored 0x490 bytes of original file content at 00007ff77a52ab70
17d0.2a14: '\Device\HarddiskVolume3\Windows\System32\ntdll.dll' has no imports
17d0.2a14: supR3HardNtChildPurify: cFixes=1 g_fSupAdversaries=0x40
17d0.2a14: supR3HardNtChildPurify: Startup delay kludge #1/1: 527 ms, 33 sleeps
17d0.2a14: supHardNtVpScanVirtualMemory: enmKind=CHILD_PURIFICATION
17d0.2a14:  *0000000000000000-000000007ffdffff 0x0001/0x0000 0x0000000
17d0.2a14:  *000000007ffe0000-000000007ffe0fff 0x0002/0x0002 0x0020000
17d0.2a14:   000000007ffe1000-000000007ffe1fff 0x0001/0x0000 0x0000000
17d0.2a14:  *000000007ffe2000-000000007ffe2fff 0x0002/0x0002 0x0020000
17d0.2a14:   000000007ffe3000-000000cb22edffff 0x0001/0x0000 0x0000000
17d0.2a14:  *000000cb22ee0000-000000cb22fdafff 0x0000/0x0004 0x0020000
17d0.2a14:   000000cb22fdb000-000000cb22fddfff 0x0104/0x0004 0x0020000
17d0.2a14:   000000cb22fde000-000000cb22fdffff 0x0004/0x0004 0x0020000
17d0.2a14:   000000cb22fe0000-000000cb22ffffff 0x0001/0x0000 0x0000000
17d0.2a14:  *000000cb23000000-000000cb2301dfff 0x0000/0x0004 0x0020000
17d0.2a14:   000000cb2301e000-000000cb23020fff 0x0004/0x0004 0x0020000
17d0.2a14:   000000cb23021000-000000cb231fffff 0x0000/0x0004 0x0020000
17d0.2a14:  *000000cb23200000-000000cb232fcfff 0x0000/0x0002 0x0020000
17d0.2a14:   000000cb232fd000-000000cb232fdfff 0x0102/0x0002 0x0020000
17d0.2a14:   000000cb232fe000-000000cb232fefff 0x0002/0x0002 0x0020000
17d0.2a14:   000000cb232ff000-000000cb232fffff 0x0000/0x0002 0x0020000
17d0.2a14:   000000cb23300000-00000207bd4fffff 0x0001/0x0000 0x0000000
17d0.2a14:  *00000207bd500000-00000207bd51ffff 0x0004/0x0004 0x0020000
17d0.2a14:  *00000207bd520000-00000207bd549fff 0x0002/0x0002 0x0040000
17d0.2a14:   00000207bd54a000-00000207bd54ffff 0x0001/0x0000 0x0000000
17d0.2a14:  *00000207bd550000-00000207bd553fff 0x0002/0x0002 0x0040000
17d0.2a14:   00000207bd554000-00000207bd55ffff 0x0001/0x0000 0x0000000
17d0.2a14:  *00000207bd560000-00000207bd560fff 0x0002/0x0002 0x0040000
17d0.2a14:   00000207bd561000-00000207bd56ffff 0x0001/0x0000 0x0000000
17d0.2a14:  *00000207bd570000-00000207bd571fff 0x0004/0x0004 0x0020000
17d0.2a14:   00000207bd572000-00007df55f25ffff 0x0001/0x0000 0x0000000
17d0.2a14:  *00007df55f260000-00007df560b3ffff 0x0000/0x0001 0x0040000
17d0.2a14:   00007df560b40000-00007df560b49fff 0x0001/0x0001 0x0040000
17d0.2a14:   00007df560b4a000-00007df56101afff 0x0000/0x0001 0x0040000
17d0.2a14:   00007df56101b000-00007df56101bfff 0x0001/0x0001 0x0040000
17d0.2a14:   00007df56101c000-00007ff53d0effff 0x0000/0x0001 0x0040000
17d0.2a14:   00007ff53d0f0000-00007ff53d0f4fff 0x0002/0x0001 0x0040000
17d0.2a14:   00007ff53d0f5000-00007ff54323bfff 0x0000/0x0001 0x0040000
17d0.2a14:   00007ff54323c000-00007ff5464d3fff 0x0001/0x0001 0x0040000
17d0.2a14:   00007ff5464d4000-00007ff5464ddfff 0x0002/0x0001 0x0040000
17d0.2a14:   00007ff5464de000-00007ff55f25ffff 0x0000/0x0001 0x0040000
17d0.2a14:   00007ff55f260000-00007ff5901bffff 0x0001/0x0000 0x0000000
17d0.2a14:  *00007ff5901c0000-00007ff5901c0fff 0x0002/0x0002 0x0040000
17d0.2a14:   00007ff5901c1000-00007ff77a41ffff 0x0001/0x0000 0x0000000
17d0.2a14:  *00007ff77a420000-00007ff77a420fff 0x0002/0x0080 0x1000000  \Device\HarddiskVolume3\Program Files\Oracle\VirtualBox\VirtualBoxVM.exe
17d0.2a14:   00007ff77a421000-00007ff77a48dfff 0x0020/0x0080 0x1000000  \Device\HarddiskVolume3\Program Files\Oracle\VirtualBox\VirtualBoxVM.exe
17d0.2a14:   00007ff77a48e000-00007ff77a48efff 0x0040/0x0080 0x1000000  \Device\HarddiskVolume3\Program Files\Oracle\VirtualBox\VirtualBoxVM.exe
17d0.2a14:   00007ff77a48f000-00007ff77a4e4fff 0x0002/0x0080 0x1000000  \Device\HarddiskVolume3\Program Files\Oracle\VirtualBox\VirtualBoxVM.exe
17d0.2a14:   00007ff77a4e5000-00007ff77a4f1fff 0x0004/0x0080 0x1000000  \Device\HarddiskVolume3\Program Files\Oracle\VirtualBox\VirtualBoxVM.exe
17d0.2a14:   00007ff77a4f2000-00007ff77a52cfff 0x0002/0x0080 0x1000000  \Device\HarddiskVolume3\Program Files\Oracle\VirtualBox\VirtualBoxVM.exe
17d0.2a14:   00007ff77a52d000-00007ff9c9cfffff 0x0001/0x0000 0x0000000
17d0.2a14:  *00007ff9c9d00000-00007ff9c9d00fff 0x0002/0x0080 0x1000000  \Device\HarddiskVolume3\Windows\System32\ntdll.dll
17d0.2a14:   00007ff9c9d01000-00007ff9c9e72fff 0x0020/0x0080 0x1000000  \Device\HarddiskVolume3\Windows\System32\ntdll.dll
17d0.2a14:   00007ff9c9e73000-00007ff9c9ecbfff 0x0002/0x0080 0x1000000  \Device\HarddiskVolume3\Windows\System32\ntdll.dll
17d0.2a14:   00007ff9c9ecc000-00007ff9c9eccfff 0x0004/0x0080 0x1000000  \Device\HarddiskVolume3\Windows\System32\ntdll.dll
17d0.2a14:   00007ff9c9ecd000-00007ff9c9ecdfff 0x0008/0x0080 0x1000000  \Device\HarddiskVolume3\Windows\System32\ntdll.dll
17d0.2a14:   00007ff9c9ece000-00007ff9c9ed4fff 0x0004/0x0080 0x1000000  \Device\HarddiskVolume3\Windows\System32\ntdll.dll
17d0.2a14:   00007ff9c9ed5000-00007ff9c9ee6fff 0x0002/0x0080 0x1000000  \Device\HarddiskVolume3\Windows\System32\ntdll.dll
17d0.2a14:   00007ff9c9ee7000-00007ff9c9ee7fff 0x0004/0x0080 0x1000000  \Device\HarddiskVolume3\Windows\System32\ntdll.dll
17d0.2a14:   00007ff9c9ee8000-00007ff9c9ee9fff 0x0008/0x0080 0x1000000  \Device\HarddiskVolume3\Windows\System32\ntdll.dll
17d0.2a14:   00007ff9c9eea000-00007ff9c9eeafff 0x0004/0x0080 0x1000000  \Device\HarddiskVolume3\Windows\System32\ntdll.dll
17d0.2a14:   00007ff9c9eeb000-00007ff9c9f66fff 0x0002/0x0080 0x1000000  \Device\HarddiskVolume3\Windows\System32\ntdll.dll
17d0.2a14:   00007ff9c9f67000-00007ffffffeffff 0x0001/0x0000 0x0000000
17d0.2a14: supR3HardNtChildPurify: Done after 1081 ms and 1 fixes (loop #1).
17d0.2a14: supR3HardenedEarlyCompact: Removed heap 1 (0x0001fef7130000 LB 0x800000)
4488.f0c: Log file opened: 7.2.18r175117 g_hStartupLog=0000000000000004 g_uNtVerCombined=0xa0665800
4488.f0c: supR3HardenedVmProcessInit: uNtDllAddr=00007ff9c9d00000 g_uNtVerCombined=0xa0665800 (stack ~000000cb22fde6c0)
17d0.2a14: supR3HardNtEnableThreadCreationEx:
4488.f0c: ntdll.dll: timestamp 0x6bdf03ca (rc=VINF_SUCCESS)
4488.f0c: New simple heap: #1 00000207bd680000 LB 0x800000 (for 2519040 allocation)
4488.f0c: supR3HardenedWinInitAppBin(0x0): '\Device\HarddiskVolume3\Program Files\Oracle\VirtualBox'
4488.f0c: System32:  \Device\HarddiskVolume3\Windows\System32
4488.f0c: WinSxS:    \Device\HarddiskVolume3\Windows\WinSxS
4488.f0c: KnownDllPath: C:\WINDOWS\System32
4488.f0c: supR3HardenedVmProcessInit: Opening vboxsup...
4488.f0c: supR3HardenedVmProcessInit: Restoring LdrInitializeThunk...
4488.f0c: supR3HardenedVmProcessInit: Returning to LdrInitializeThunk...
4488.f0c: Registered Dll notification callback with NTDLL.
4488.f0c: supHardenedWinVerifyImageByHandle: -> 0 (\Device\HarddiskVolume3\Windows\System32\kernel32.dll)
4488.f0c: supR3HardenedWinVerifyCacheInsert: \Device\HarddiskVolume3\Windows\System32\kernel32.dll
4488.f0c: supR3HardenedMonitor_LdrLoadDll: pName=C:\WINDOWS\System32\KERNEL32.DLL (Input=KERNEL32.DLL, rcNtResolve=0xc0150008) *pfFlags=0xffffffff pwszSearchPath=0000000000004001:<flags> [calling]
4488.f0c: supR3HardenedDllNotificationCallback: load   00007ff9c72a0000 LB 0x00402000 C:\WINDOWS\System32\KERNELBASE.dll [fFlags=0x0]
4488.f0c: supHardenedWinVerifyImageByHandle: -> 0 (\Device\HarddiskVolume3\Windows\System32\KernelBase.dll)
4488.f0c: supR3HardenedWinVerifyCacheInsert: \Device\HarddiskVolume3\Windows\System32\KernelBase.dll
4488.f0c: supR3HardenedDllNotificationCallback: load   00007ff9c7a20000 LB 0x000cb000 C:\WINDOWS\System32\KERNEL32.DLL [fFlags=0x0]
4488.f0c: supR3HardenedScreenImage/LdrLoadDll: cache hit (VINF_SUCCESS) on \Device\HarddiskVolume3\Windows\System32\kernel32.dll [lacks WinVerifyTrust]
4488.f0c: supR3HardenedMonitor_LdrLoadDll: returns rcNt=0x0 hMod=00007ff9c7a20000 'C:\WINDOWS\System32\KERNEL32.DLL'
4488.f0c: supR3HardenedScreenImage/LdrLoadDll: cache hit (VINF_SUCCESS) on \Device\HarddiskVolume3\Windows\System32\KernelBase.dll [lacks WinVerifyTrust]
4488.f0c: supR3HardenedMonitor_LdrLoadDll: pName=C:\WINDOWS\System32\KERNELBASE.dll (Input=KERNELBASE.dll, rcNtResolve=0xc0150008) *pfFlags=0xffffffff pwszSearchPath=0000000000004001:<flags> [calling]
4488.f0c: supR3HardenedMonitor_LdrLoadDll: returns rcNt=0x0 hMod=00007ff9c72a0000 'C:\WINDOWS\System32\KERNELBASE.dll'
4488.f0c: supR3HardenedDllNotificationCallback: load   00007ff77a420000 LB 0x0010d000 C:\Program Files\Oracle\VirtualBox\VirtualBoxVM.exe [fFlags=0x0]
4488.f0c: '\Device\HarddiskVolume3\Program Files\Oracle\VirtualBox\VirtualBoxVM.exe' has no imports
4488.f0c: supHardenedWinVerifyImageByHandle: -> 0 (\Device\HarddiskVolume3\Program Files\Oracle\VirtualBox\VirtualBoxVM.exe)
4488.f0c: supR3HardenedWinVerifyCacheInsert: \Device\HarddiskVolume3\Program Files\Oracle\VirtualBox\VirtualBoxVM.exe
4488.f0c: supR3HardNtDisableThreadCreation: pvLdrInitThunk=00007ff9c9de1420 pvNtTerminateThread=00007ff9c9e61810 g_LdrInitThunkSelfBackup.cb=0
4488.f0c: supR3HardNtDisableThreadCreationEx: Backup=40 53 48 83 ec 20 48 8b d9 e8 1a 00 00 00 b2 01
4488.f0c: \SystemRoot\System32\ntdll.dll:
4488.f0c:     CreationTime:    2026-09-10T06:50:31.768836000Z
4488.f0c:     LastWriteTime:   2026-09-10T06:50:31.872670600Z
4488.f0c:     ChangeTime:      2026-09-21T10:41:42.527856300Z
4488.f0c:     FileAttributes:  0x20
4488.f0c:     Size:            0x267be0
17d0.2a14: supR3HardNtChildWaitFor: Found expected request 1 (CloseEvents) after 81 ms.
4488.f0c:     NT Headers:      0xe0
4488.f0c:     Timestamp:       0x6bdf03ca
4488.f0c:     Machine:         0x8664 - amd64
4488.f0c:     Timestamp:       0x6bdf03ca
4488.f0c:     Image Version:   10.0
4488.f0c:     SizeOfImage:     0x267000 (2519040)
4488.f0c:     Resource Dir:    0x1eb000 LB 0x7a588
4488.f0c:     [Version info resource found at 0xd8! (ID/Name: 0x1; SubID/SubName: 0x409)]
4488.f0c:     [Raw version resource data: 0x1eb0f0 LB 0x380, codepage 0x0 (reserved 0x0)]
4488.f0c:     ProductName:     Microsoft® Windows® Operating System
4488.f0c:     ProductVersion:  10.0.26100.9444
4488.f0c:     FileVersion:     10.0.26100.9444 (WinBuild.160101.0800)
4488.f0c:     FileDescription: NT Layer DLL
4488.f0c: \SystemRoot\System32\kernel32.dll:
4488.f0c:     CreationTime:    2026-09-10T06:50:27.724018400Z
4488.f0c:     LastWriteTime:   2026-09-10T06:50:27.759147900Z
4488.f0c:     ChangeTime:      2026-09-21T10:41:42.691408300Z
4488.f0c:     FileAttributes:  0x20
4488.f0c:     Size:            0xce2d0
4488.f0c:     NT Headers:      0xf8
4488.f0c:     Timestamp:       0x3ecccf12
4488.f0c:     Machine:         0x8664 - amd64
4488.f0c:     Timestamp:       0x3ecccf12
4488.f0c:     Image Version:   10.0
4488.f0c:     SizeOfImage:     0xcb000 (831488)
4488.f0c:     Resource Dir:    0xc9000 LB 0x520
4488.f0c:     [Version info resource found at 0x90! (ID/Name: 0x1; SubID/SubName: 0x409)]
4488.f0c:     [Raw version resource data: 0xc90b0 LB 0x3a4, codepage 0x0 (reserved 0x0)]
4488.f0c:     ProductName:     Microsoft® Windows® Operating System
4488.f0c:     ProductVersion:  10.0.26100.9444
4488.f0c:     FileVersion:     10.0.26100.9444 (WinBuild.160101.0800)
4488.f0c:     FileDescription: Windows NT BASE API Client DLL
4488.f0c: \SystemRoot\System32\KernelBase.dll:
4488.f0c:     CreationTime:    2026-09-10T06:50:27.789912300Z
4488.f0c:     LastWriteTime:   2026-09-10T06:50:28.096557800Z
4488.f0c:     ChangeTime:      2026-09-21T10:41:42.647548000Z
4488.f0c:     FileAttributes:  0x20
4488.f0c:     Size:            0x404590
4488.f0c:     NT Headers:      0xf8
4488.f0c:     Timestamp:       0x28606b21
4488.f0c:     Machine:         0x8664 - amd64
4488.f0c:     Timestamp:       0x28606b21
4488.f0c:     Image Version:   10.0
4488.f0c:     SizeOfImage:     0x402000 (4202496)
4488.f0c:     Resource Dir:    0x3c7000 LB 0x548
4488.f0c:     [Version info resource found at 0x90! (ID/Name: 0x1; SubID/SubName: 0x409)]
4488.f0c:     [Raw version resource data: 0x3c70b0 LB 0x3bc, codepage 0x0 (reserved 0x0)]
4488.f0c:     ProductName:     Microsoft® Windows® Operating System
4488.f0c:     ProductVersion:  10.0.26100.9444
4488.f0c:     FileVersion:     10.0.26100.9444 (WinBuild.160101.0800)
4488.f0c:     FileDescription: Windows NT BASE API Client DLL
4488.f0c: \SystemRoot\System32\apisetschema.dll:
4488.f0c:     CreationTime:    2026-09-10T06:50:13.107133100Z
4488.f0c:     LastWriteTime:   2026-09-10T06:50:13.118162000Z
4488.f0c:     ChangeTime:      2026-09-21T10:41:38.872877700Z
4488.f0c:     FileAttributes:  0x20
4488.f0c:     Size:            0x2f5e0
4488.f0c:     NT Headers:      0xd8
4488.f0c:     Timestamp:       0x78baaf65
4488.f0c:     Machine:         0x8664 - amd64
4488.f0c:     Timestamp:       0x78baaf65
4488.f0c:     Image Version:   10.0
4488.f0c:     SizeOfImage:     0x2e000 (188416)
4488.f0c:     Resource Dir:    0x2d000 LB 0x408
4488.f0c:     [Version info resource found at 0x48! (ID/Name: 0x1; SubID/SubName: 0x409)]
4488.f0c:     [Raw version resource data: 0x2d060 LB 0x3a8, codepage 0x0 (reserved 0x0)]
4488.f0c:     ProductName:     Microsoft® Windows® Operating System
4488.f0c:     ProductVersion:  10.0.26100.9278
4488.f0c:     FileVersion:     10.0.26100.9278 (WinBuild.160101.0800)
4488.f0c:     FileDescription: ApiSet Schema DLL
4488.f0c: root name: type=FilterConnectionPort name=UnionfsPort
4488.f0c: root name: type=Event name={38F140EC-9956-4E4E-8D22-14BDCDC005D8}
4488.f0c: root name: type=Mutant name=PendingRenameMutex
4488.f0c: root name: type=Directory name=ObjectTypes
4488.f0c: root name: type=Job name=Container_Kaspersky.ShellEx26_1.0.0.15_neutral__78azx59njhjpr-S-1-5-21-3044716791-89837938-1157934026-1007
4488.f0c: root name: type=FilterConnectionPort name=storqosfltport
4488.f0c: root name: type=FilterConnectionPort name=MicrosoftMalwareProtectionRemoteIoPortWD
4488.f0c: root name: type=FilterConnectionPort name=MicrosoftDataLossPreventionPort
4488.f0c: root name: type=SymbolicLink name=SystemRoot
4488.f0c: root name: type=Section name=Win32kSiloSessionGlobals
4488.f0c: root name: type=Directory name=Sessions
4488.f0c: root name: type=FilterConnectionPort name=MicrosoftMalwareProtectionVeryLowIoPortWD
4488.f0c: root name: type=ALPC Port name=SleepstudyControlPort
4488.f0c: root name: type=Directory name=ArcName
4488.f0c: root name: type=Job name=Container_Microsoft.GamingApp_2609.1001.16.0_x64__8wekyb3d8bbwe-S-1-5-21-3044716791-89837938-1157934026-1007
4488.f0c: root name: type=FilterConnectionPort name=WcifsPort
4488.f0c: root name: type=Directory name=NLS
4488.f0c: root name: type=Event name=LanmanServerAnnounceEvent
4488.f0c: root name: type=ALPC Port name=ThemeApiPort
4488.f0c: root name: type=Directory name=Windows
4488.f0c: root name: type=Directory name=GLOBAL??
4488.f0c: root name: type=Directory name=RPC Control
4488.f0c: root name: type=FilterConnectionPort name=MicrosoftDataLossPreventionControlPort
4488.f0c: root name: type=ALPC Port name=PdcPort
4488.f0c: root name: type=Event name=EFSInitEvent
4488.f0c: root name: type=SymbolicLink name=Dfs
4488.f0c: root name: type=Device name=clfs
4488.f0c: root name: type=FilterConnectionPort name=MicrosoftDataLossPreventionRemoteIoPort
4488.f0c: root name: type=Event name=CsrSbSyncEvent
4488.f0c: root name: type=ALPC Port name=SeRmCommandPort
4488.f0c: root name: type=SymbolicLink name=DosDevices
4488.f0c: root name: type=Job name=Container_Microsoft.WindowsNotepad_11.2607.14.0_x64__8wekyb3d8bbwe-S-1-5-21-3044716791-89837938-1157934026-1007
4488.f0c: root name: type=Directory name=KnownDlls32
4488.f0c: root name: type=Key name=REGISTRY
4488.f0c: root name: type=Directory name=BaseNamedObjects
4488.f0c: root name: type=FilterConnectionPort name=KlifComm.K4W-21-26
4488.f0c: root name: type=FilterConnectionPort name=MicrosoftDataLossPreventionVeryLowIoPort
4488.f0c: root name: type=ALPC Port name=PowerPort
4488.f0c: root name: type=ALPC Port name=SmSsWinStationApiPort
4488.f0c: root name: type=Event name=UniqueInteractiveSessionIdEvent
4488.f0c: root name: type=Directory name=UMDFCommunicationPorts
4488.f0c: root name: type=Job name=Container_Microsoft.MicrosoftOfficeHub_19.2609.52011.0_x64__8wekyb3d8bbwe-S-1-5-21-3044716791-89837938-1157934026-1007
4488.f0c: root name: type=Device name=FatCdrom
4488.f0c: root name: type=Device name=Fat
4488.f0c: root name: type=Directory name=KnownDlls
4488.f0c: root name: type=ALPC Port name=PowerMonitorPort
4488.f0c: root name: type=Device name=Ntfs
4488.f0c: root name: type=Directory name=FileSystem
4488.f0c: root name: type=Directory name=KernelObjects
4488.f0c: root name: type=FilterConnectionPort name=MicrosoftMalwareProtectionControlPortWD
4488.f0c: root name: type=ALPC Port name=SeLsaCommandPort
4488.f0c: root name: type=SymbolicLink name=KlifComm
4488.f0c: root name: type=Directory name=Callback
4488.f0c: root name: type=FilterConnectionPort name=MicrosoftDataLossPreventionAsyncPort
4488.f0c: root name: type=FilterConnectionPort name=BindFltPort
4488.f0c: root name: type=Directory name=DriverStore
4488.f0c: root name: type=Directory name=Security
4488.f0c: root name: type=FilterConnectionPort name=MicrosoftMalwareProtectionAsyncPortWD
4488.f0c: root name: type=Directory name=Device
4488.f0c: root name: type=Directory name=Kaspersky
4488.f0c: root name: type=SymbolicLink name=DriverData
4488.f0c: root name: type=Job name=Container_MicrosoftWindows.CrossDevice_1.26072.116.0_x64__cw5n1h2txyewy-S-1-5-21-3044716791-89837938-1157934026-1007
4488.f0c: root name: type=Job name=Container_MicrosoftWindows.Client.CBS_1000.26100.360.0_x64__cw5n1h2txyewy-S-1-5-21-3044716791-89837938-1157934026-1007
4488.f0c: root name: type=ALPC Port name=SmApiPort
4488.f0c: root name: type=FilterConnectionPort name=CLDMSGPORT
4488.f0c: root name: type=FilterConnectionPort name=MicrosoftMalwareProtectionPortWD
4488.f0c: root name: type=SymbolicLink name=OSDataRoot
4488.f0c: root name: type=Event name=SAM_SERVICE_STARTED
4488.f0c: root name: type=Directory name=Driver
4488.f0c: root name: type=SymbolicLink name=DriverStores
4488.f0c: NtOpenDirectoryObject failed on '\Driver': 0xc0000022
4488.f0c: \SystemRoot\System32\drivers\klim6.sys: (new adversary 0x40)
4488.f0c:     CreationTime:    2025-01-18T13:38:32.000000000Z
4488.f0c:     LastWriteTime:   2026-07-08T16:30:30.000000000Z
4488.f0c:     ChangeTime:      2026-09-09T01:33:32.557807000Z
4488.f0c:     FileAttributes:  0x20
4488.f0c:     Size:            0x166b8
4488.f0c:     NT Headers:      0xd8
4488.f0c:     Timestamp:       0x69fd1cbb
4488.f0c:     Machine:         0x8664 - amd64
4488.f0c:     Timestamp:       0x69fd1cbb
4488.f0c:     Image Version:   6.1
4488.f0c:     SizeOfImage:     0x16000 (90112)
4488.f0c:     Resource Dir:    0x14000 LB 0x498
4488.f0c:     [Version info resource found at 0x48! (ID/Name: 0x1; SubID/SubName: 0x409)]
4488.f0c:     [Raw version resource data: 0x14060 LB 0x438, codepage 0x0 (reserved 0x0)]
4488.f0c:     ProductName:     Kaspersky
4488.f0c:     ProductVersion:  30.1942.0.1057-20a5a57547ec76491df6ce5df618052e511d4ab5
4488.f0c:     FileVersion:     30.1942.0.1057
4488.f0c:     FileDescription: Packet Network Filter [fre_win7_x64]
4488.f0c: supR3HardenedWinFindAdversaries: 0x40
4488.f0c: supR3HardenedWinInitAppBin(0x0): '\Device\HarddiskVolume3\Program Files\Oracle\VirtualBox'
4488.f0c: Calling main()
4488.f0c: SUPR3HardenedMain: pszProgName=VirtualBoxVM fFlags=0x2
4488.f0c: supR3HardenedWinInitAppBin(0x2): '\Device\HarddiskVolume3\Program Files\Oracle\VirtualBox'
4488.f0c: '\Device\HarddiskVolume3\Program Files\Oracle\VirtualBox\VirtualBoxVM.exe' has no imports
4488.f0c: supHardenedWinVerifyImageByHandle: -> 0 (\Device\HarddiskVolume3\Program Files\Oracle\VirtualBox\VirtualBoxVM.exe)
4488.f0c: SUPR3HardenedMain: Final process, opening VBoxDrv...
4488.f0c: supR3HardenedEarlyCompact: Removed heap 1 (0x000207bd680000 LB 0x800000)
4488.f0c: supR3HardNtEnableThreadCreationEx:
4488.f0c: supHardenedWinVerifyImageByHandle: -> 0 (\Device\HarddiskVolume3\Program Files\Oracle\VirtualBox\VBoxSupLib.dll)
4488.f0c: supR3HardenedWinVerifyCacheInsert: \Device\HarddiskVolume3\Program Files\Oracle\VirtualBox\VBoxSupLib.dll
4488.f0c: supR3HardenedMonitor_LdrLoadDll: pName=C:\Program Files\Oracle\VirtualBox\VBoxSupLib.DLL (rcNtResolve=0xc0150008) *pfFlags=0x0 pwszSearchPath=0000000000000801:<flags> [calling]
4488.f0c: supR3HardenedScreenImage/NtCreateSection: cache hit (VINF_SUCCESS) on \Device\HarddiskVolume3\Program Files\Oracle\VirtualBox\VBoxSupLib.dll [lacks WinVerifyTrust]
4488.f0c: supR3HardenedDllNotificationCallback: load   00007ff9c0e20000 LB 0x00005000 C:\Program Files\Oracle\VirtualBox\VBoxSupLib.DLL [fFlags=0x0]
4488.f0c: supR3HardenedScreenImage/LdrLoadDll: cache hit (VINF_SUCCESS) on \Device\HarddiskVolume3\Program Files\Oracle\VirtualBox\VBoxSupLib.dll [lacks WinVerifyTrust]
4488.f0c: supR3HardenedScreenImage/LdrLoadDll: cache hit (VINF_SUCCESS) on \Device\HarddiskVolume3\Program Files\Oracle\VirtualBox\VBoxSupLib.dll [lacks WinVerifyTrust]
4488.f0c: supR3HardenedMonitor_LdrLoadDll: pName=C:\Program Files\Oracle\VirtualBox\VBoxSupLib.DLL (rcNtResolve=0xc0150008) *pfFlags=0x0 pwszSearchPath=0000000000000001:<flags> [calling]
4488.f0c: supR3HardenedMonitor_LdrLoadDll: returns rcNt=0x0 hMod=00007ff9c0e20000 'C:\Program Files\Oracle\VirtualBox\VBoxSupLib.DLL'
4488.f0c: supR3HardenedScreenImage/LdrLoadDll: cache hit (VINF_SUCCESS) on \Device\HarddiskVolume3\Program Files\Oracle\VirtualBox\VBoxSupLib.dll [lacks WinVerifyTrust]
4488.f0c: supR3HardenedMonitor_LdrLoadDll: pName=C:\Program Files\Oracle\VirtualBox\VBoxSupLib.DLL (rcNtResolve=0xc0150008) *pfFlags=0x0 pwszSearchPath=0000000000000001:<flags> [calling]
4488.f0c: supR3HardenedMonitor_LdrLoadDll: returns rcNt=0x0 hMod=00007ff9c0e20000 'C:\Program Files\Oracle\VirtualBox\VBoxSupLib.DLL'
4488.f0c: supR3HardenedMonitor_LdrLoadDll: returns rcNt=0x0 hMod=00007ff9c0e20000 'C:\Program Files\Oracle\VirtualBox\VBoxSupLib.DLL'
4488.f0c: supR3HardenedWinVerifyCacheScheduleImports: Import todo: #0 'msvcrt.dll'.
4488.f0c: supR3HardenedWinVerifyCacheScheduleImports: Import todo: #30 'rpcrt4.dll'.
4488.f0c: supHardenedWinVerifyImageByHandle: -> 0 (\Device\HarddiskVolume3\Windows\System32\wintrust.dll)
4488.f0c: supR3HardenedWinVerifyCacheInsert: \Device\HarddiskVolume3\Windows\System32\wintrust.dll
4488.f0c: supR3HardenedWinVerifyCacheProcessImportTodos: Processing 'rpcrt4.dll'...
4488.f0c: supR3HardenedWinVerifyCacheProcessImportTodos: 'rpcrt4.dll' -> '\Device\HarddiskVolume3\Windows\System32\rpcrt4.dll' [rcNtRedir=0xc0150008]
4488.f0c: supHardenedWinVerifyImageByHandle: -> 0 (\Device\HarddiskVolume3\Windows\System32\rpcrt4.dll)
4488.f0c: supR3HardenedWinVerifyCacheInsert: \Device\HarddiskVolume3\Windows\System32\rpcrt4.dll
4488.f0c: supR3HardenedWinVerifyCacheProcessImportTodos: Processing 'msvcrt.dll'...
4488.f0c: supR3HardenedWinVerifyCacheProcessImportTodos: 'msvcrt.dll' -> '\Device\HarddiskVolume3\Windows\System32\msvcrt.dll' [rcNtRedir=0xc0150008]
4488.f0c: supHardenedWinVerifyImageByHandle: -> 0 (\Device\HarddiskVolume3\Windows\System32\msvcrt.dll)
4488.f0c: supR3HardenedWinVerifyCacheInsert: \Device\HarddiskVolume3\Windows\System32\msvcrt.dll
4488.f0c: supR3HardenedMonitor_LdrLoadDll: pName=C:\WINDOWS\system32\Wintrust.dll (rcNtResolve=0xc0150008) *pfFlags=0x0 pwszSearchPath=0000000000000801:<flags> [calling]
4488.f0c: supR3HardenedDllNotificationCallback: load   00007ff9c9b50000 LB 0x000a9000 C:\WINDOWS\System32\msvcrt.dll [fFlags=0x0]
4488.f0c: supR3HardenedScreenImage/LdrLoadDll: cache hit (VINF_SUCCESS) on \Device\HarddiskVolume3\Windows\System32\msvcrt.dll [lacks WinVerifyTrust]
4488.f0c: supR3HardenedDllNotificationCallback: load   00007ff9c93b0000 LB 0x00118000 C:\WINDOWS\System32\RPCRT4.dll [fFlags=0x0]
4488.f0c: supR3HardenedScreenImage/LdrLoadDll: cache hit (VINF_SUCCESS) on \Device\HarddiskVolume3\Windows\System32\rpcrt4.dll [lacks WinVerifyTrust]
4488.f0c: supR3HardenedDllNotificationCallback: load   00007ff9c6f00000 LB 0x00082000 C:\WINDOWS\System32\Wintrust.dll [fFlags=0x0]
4488.f0c: supR3HardenedScreenImage/LdrLoadDll: cache hit (VINF_SUCCESS) on \Device\HarddiskVolume3\Windows\System32\wintrust.dll [lacks WinVerifyTrust]
4488.f0c: supR3HardenedDllNotificationCallback: load   00007ff9c7760000 LB 0x0014c000 C:\WINDOWS\System32\ucrtbase.dll [fFlags=0x0]
4488.f0c: supHardenedWinVerifyImageByHandle: -> 0 (\Device\HarddiskVolume3\Windows\System32\ucrtbase.dll)
4488.f0c: supR3HardenedWinVerifyCacheInsert: \Device\HarddiskVolume3\Windows\System32\ucrtbase.dll
4488.f0c: supR3HardenedDllNotificationCallback: load   00007ff9c7050000 LB 0x0017e000 C:\WINDOWS\System32\CRYPT32.dll [fFlags=0x0]
4488.f0c: supHardenedWinVerifyImageByHandle: -> 0 (\Device\HarddiskVolume3\Windows\System32\crypt32.dll)
4488.f0c: supR3HardenedWinVerifyCacheInsert: \Device\HarddiskVolume3\Windows\System32\crypt32.dll
4488.f0c: supR3HardenedIsApiSetDll: ApiSetQueryApiSetPresence(api-ms-win-core-synch-l1-2-0) -> 0x0, fPresent=1
4488.f0c: supR3HardenedMonitor_LdrLoadDll: pName=api-ms-win-core-synch-l1-2-0 (rcNtResolve=0x0) *pfFlags=0x0 pwszSearchPath=0000000000000801:<flags> [calling]
4488.f0c: supR3HardenedMonitor_LdrLoadDll: returns rcNt=0x0 hMod=00007ff9c72a0000 'api-ms-win-core-synch-l1-2-0'
4488.f0c: supR3HardenedIsApiSetDll: ApiSetQueryApiSetPresence(api-ms-win-core-fibers-l1-1-1) -> 0x0, fPresent=1
4488.f0c: supR3HardenedMonitor_LdrLoadDll: pName=api-ms-win-core-fibers-l1-1-1 (rcNtResolve=0x0) *pfFlags=0x0 pwszSearchPath=0000000000000801:<flags> [calling]
4488.f0c: supR3HardenedMonitor_LdrLoadDll: returns rcNt=0x0 hMod=00007ff9c72a0000 'api-ms-win-core-fibers-l1-1-1'
4488.f0c: supR3HardenedIsApiSetDll: ApiSetQueryApiSetPresence(api-ms-win-core-fibers-l1-1-2) -> 0x0, fPresent=1
4488.f0c: supR3HardenedMonitor_LdrLoadDll: pName=api-ms-win-core-fibers-l1-1-2 (rcNtResolve=0x0) *pfFlags=0x0 pwszSearchPath=0000000000000801:<flags> [calling]
4488.f0c: supR3HardenedMonitor_LdrLoadDll: returns rcNt=0x0 hMod=00007ff9c72a0000 'api-ms-win-core-fibers-l1-1-2'
4488.f0c: supHardenedWinVerifyImageByHandle: -> 0 (\Device\HarddiskVolume3\Windows\System32\msasn1.dll)
4488.f0c: supR3HardenedWinVerifyCacheInsert: \Device\HarddiskVolume3\Windows\System32\msasn1.dll
4488.f0c: supR3HardenedDllNotificationCallback: load   00007ff9c64d0000 LB 0x00013000 C:\WINDOWS\SYSTEM32\MSASN1.dll [fFlags=0x0]
4488.f0c: supR3HardenedScreenImage/LdrLoadDll: cache hit (VINF_SUCCESS) on \Device\HarddiskVolume3\Windows\System32\msasn1.dll [lacks WinVerifyTrust]
4488.f0c: supR3HardenedMonitor_LdrLoadDll: returns rcNt=0x0 hMod=00007ff9c6f00000 'C:\WINDOWS\system32\Wintrust.dll'
4488.f0c: supHardenedWinVerifyImageByHandle: -> 0 (\Device\HarddiskVolume3\Windows\System32\bcrypt.dll)
4488.f0c: supR3HardenedWinVerifyCacheInsert: \Device\HarddiskVolume3\Windows\System32\bcrypt.dll
4488.f0c: supR3HardenedMonitor_LdrLoadDll: pName=C:\WINDOWS\system32\bcrypt.dll (rcNtResolve=0xc0150008) *pfFlags=0x0 pwszSearchPath=0000000000000801:<flags> [calling]
4488.f0c: supR3HardenedScreenImage/NtCreateSection: cache hit (VINF_SUCCESS) on \Device\HarddiskVolume3\Windows\System32\bcrypt.dll [lacks WinVerifyTrust]
4488.f0c: supR3HardenedDllNotificationCallback: load   00007ff9c9560000 LB 0x000a9000 C:\WINDOWS\System32\sechost.dll [fFlags=0x0]
4488.f0c: supHardenedWinVerifyImageByHandle: -> 0 (\Device\HarddiskVolume3\Windows\System32\sechost.dll)
4488.f0c: supR3HardenedWinVerifyCacheInsert: \Device\HarddiskVolume3\Windows\System32\sechost.dll
4488.f0c: supR3HardenedDllNotificationCallback: load   00007ff9c6dc0000 LB 0x0002a000 C:\WINDOWS\system32\bcrypt.dll [fFlags=0x0]
4488.f0c: supR3HardenedScreenImage/LdrLoadDll: cache hit (VINF_SUCCESS) on \Device\HarddiskVolume3\Windows\System32\bcrypt.dll [lacks WinVerifyTrust]
4488.f0c: supR3HardenedMonitor_LdrLoadDll: returns rcNt=0x0 hMod=00007ff9c6dc0000 'C:\WINDOWS\system32\bcrypt.dll'
4488.f0c: bcrypt.dll loaded at 00007ff9c6dc0000, BCryptOpenAlgorithmProvider at 00007ff9c6dc9410, preloading providers:
4488.f0c: supHardenedWinVerifyImageByHandle: -> 0 (\Device\HarddiskVolume3\Windows\System32\bcryptprimitives.dll)
4488.f0c: supR3HardenedWinVerifyCacheInsert: \Device\HarddiskVolume3\Windows\System32\bcryptprimitives.dll
4488.f0c: supR3HardenedMonitor_LdrLoadDll: pName=C:\WINDOWS\system32\bcryptprimitives.dll (rcNtResolve=0xc0150008) *pfFlags=0x0 pwszSearchPath=0000000000000001:<flags> [calling]
4488.f0c: supR3HardenedDllNotificationCallback: load   00007ff9c71e0000 LB 0x000ac000 C:\WINDOWS\System32\bcryptprimitives.dll [fFlags=0x0]
4488.f0c: supR3HardenedScreenImage/LdrLoadDll: cache hit (VINF_SUCCESS) on \Device\HarddiskVolume3\Windows\System32\bcryptprimitives.dll [lacks WinVerifyTrust]
4488.f0c: supR3HardenedMonitor_LdrLoadDll: returns rcNt=0x0 hMod=00007ff9c71e0000 'C:\WINDOWS\system32\bcryptprimitives.dll'
4488.f0c:     BCryptOpenAlgorithmProvider(,'MD2',0,0) -> 0x0 (hAlgo=00000207be10dcb0)
4488.f0c:     BCryptOpenAlgorithmProvider(,'MD4',0,0) -> 0x0 (hAlgo=00000207be10e610)
4488.f0c:     BCryptOpenAlgorithmProvider(,'MD5',0,0) -> 0x0 (hAlgo=00000207be10ece0)
4488.f0c:     BCryptOpenAlgorithmProvider(,'SHA1',0,0) -> 0x0 (hAlgo=00000207be10f3b0)
4488.f0c:     BCryptOpenAlgorithmProvider(,'SHA256',0,0) -> 0x0 (hAlgo=00000207be10fa80)
4488.f0c:     BCryptOpenAlgorithmProvider(,'SHA512',0,0) -> 0x0 (hAlgo=00000207be110150)
4488.f0c:     BCryptOpenAlgorithmProvider(,'RSA',0,0) -> 0x0 (hAlgo=00000207be110820)
4488.f0c:     BCryptOpenAlgorithmProvider(,'DSA',0,0) -> 0x0 (hAlgo=00000207be110ef0)
4488.f0c: supHardenedWinVerifyImageByHandle: -> 0 (\Device\HarddiskVolume3\Windows\System32\cryptsp.dll)
4488.f0c: supR3HardenedWinVerifyCacheInsert: \Device\HarddiskVolume3\Windows\System32\cryptsp.dll
4488.f0c: supR3HardenedDllNotificationCallback: load   00007ff9c6450000 LB 0x0001b000 C:\WINDOWS\SYSTEM32\CRYPTSP.dll [fFlags=0x0]
4488.f0c: supR3HardenedScreenImage/LdrLoadDll: cache hit (VINF_SUCCESS) on \Device\HarddiskVolume3\Windows\System32\cryptsp.dll [lacks WinVerifyTrust]
4488.f0c: supHardenedWinVerifyImageByHandle: -> 0 (\Device\HarddiskVolume3\Windows\System32\rsaenh.dll)
4488.f0c: supR3HardenedWinVerifyCacheInsert: \Device\HarddiskVolume3\Windows\System32\rsaenh.dll
4488.f0c: supR3HardenedMonitor_LdrLoadDll: pName=C:\WINDOWS\system32\rsaenh.dll (rcNtResolve=0xc0150008) *pfFlags=0x0 pwszSearchPath=0000000000000001:<flags> [calling]
4488.f0c: supR3HardenedScreenImage/NtCreateSection: cache hit (VINF_SUCCESS) on \Device\HarddiskVolume3\Windows\System32\rsaenh.dll [lacks WinVerifyTrust]
4488.f0c: supR3HardenedDllNotificationCallback: load   00007ff9c5b00000 LB 0x00039000 C:\WINDOWS\system32\rsaenh.dll [fFlags=0x0]
4488.f0c: supR3HardenedScreenImage/LdrLoadDll: cache hit (VINF_SUCCESS) on \Device\HarddiskVolume3\Windows\System32\rsaenh.dll [lacks WinVerifyTrust]
4488.f0c: supR3HardenedMonitor_LdrLoadDll: returns rcNt=0x0 hMod=00007ff9c5b00000 'C:\WINDOWS\system32\rsaenh.dll'
4488.f0c: supHardenedWinVerifyImageByHandle: -> 0 (\Device\HarddiskVolume3\Windows\System32\cryptbase.dll)
4488.f0c: supR3HardenedWinVerifyCacheInsert: \Device\HarddiskVolume3\Windows\System32\cryptbase.dll
4488.f0c: supR3HardenedDllNotificationCallback: load   00007ff9c6470000 LB 0x0000c000 C:\WINDOWS\SYSTEM32\CRYPTBASE.dll [fFlags=0x0]
4488.f0c: supR3HardenedScreenImage/LdrLoadDll: cache hit (VINF_SUCCESS) on \Device\HarddiskVolume3\Windows\System32\cryptbase.dll [lacks WinVerifyTrust]
4488.f0c: supR3HardenedScreenImage/LdrLoadDll: cache hit (VINF_SUCCESS) on \Device\HarddiskVolume3\Windows\System32\kernel32.dll [lacks WinVerifyTrust]
4488.f0c: supR3HardenedMonitor_LdrLoadDll: pName=C:\WINDOWS\System32\kernel32.dll (Input=kernel32.dll, rcNtResolve=0xc0150008) *pfFlags=0x0 pwszSearchPath=0000000000000001:<flags> [calling]
4488.f0c: supR3HardenedMonitor_LdrLoadDll: returns rcNt=0x0 hMod=00007ff9c7a20000 'C:\WINDOWS\System32\kernel32.dll'
4488.f0c: supR3HardenedScreenImage/LdrLoadDll: cache hit (VINF_SUCCESS) on \Device\HarddiskVolume3\Windows\System32\wintrust.dll [lacks WinVerifyTrust]
4488.f0c: supR3HardenedMonitor_LdrLoadDll: pName=C:\WINDOWS\System32\WINTRUST.DLL (Input=WINTRUST.DLL, rcNtResolve=0xc0150008) *pfFlags=0x0 pwszSearchPath=0000000000000001:<flags> [calling]
4488.f0c: supR3HardenedMonitor_LdrLoadDll: returns rcNt=0x0 hMod=00007ff9c6f00000 'C:\WINDOWS\System32\WINTRUST.DLL'
4488.f0c: supR3HardenedScreenImage/LdrLoadDll: cache hit (VINF_SUCCESS) on \Device\HarddiskVolume3\Windows\System32\crypt32.dll [lacks WinVerifyTrust]
4488.f0c: supR3HardenedMonitor_LdrLoadDll: pName=C:\WINDOWS\System32\CRYPT32.dll (rcNtResolve=0xc0150008) *pfFlags=0x2 pwszSearchPath=0000000000000001:<flags> [calling]
4488.f0c: supR3HardenedMonitor_LdrLoadDll: returns rcNt=0x0 hMod=00007ff9c7050000 'C:\WINDOWS\System32\CRYPT32.dll'
4488.f0c: supR3HardenedDllNotificationCallback: load   00007ff9c79f0000 LB 0x00020000 C:\WINDOWS\System32\imagehlp.dll [fFlags=0x0]
4488.f0c: supHardenedWinVerifyImageByHandle: -> 0 (\Device\HarddiskVolume3\Windows\System32\imagehlp.dll)
4488.f0c: supR3HardenedWinVerifyCacheInsert: \Device\HarddiskVolume3\Windows\System32\imagehlp.dll
4488.f0c: supR3HardenedScreenImage/LdrLoadDll: cache hit (VINF_SUCCESS) on \Device\HarddiskVolume3\Windows\System32\rsaenh.dll [lacks WinVerifyTrust]
4488.f0c: supR3HardenedMonitor_LdrLoadDll: pName=C:\WINDOWS\system32\rsaenh.dll (rcNtResolve=0xc0150008) *pfFlags=0x0 pwszSearchPath=0000000000000001:<flags> [calling]
4488.f0c: supR3HardenedMonitor_LdrLoadDll: returns rcNt=0x0 hMod=00007ff9c5b00000 'C:\WINDOWS\system32\rsaenh.dll'
4488.f0c: supR3HardenedScreenImage/LdrLoadDll: cache hit (VINF_SUCCESS) on \Device\HarddiskVolume3\Windows\System32\crypt32.dll [lacks WinVerifyTrust]
4488.f0c: supR3HardenedMonitor_LdrLoadDll: pName=C:\WINDOWS\System32\crypt32.dll (Input=crypt32.dll, rcNtResolve=0xc0150008) *pfFlags=0x0 pwszSearchPath=0000000000000001:<flags> [calling]
4488.f0c: supR3HardenedMonitor_LdrLoadDll: returns rcNt=0x0 hMod=00007ff9c7050000 'C:\WINDOWS\System32\crypt32.dll'
4488.f0c: supR3HardenedWinVerifyCacheScheduleImports: Import todo: #0 'msvcp_win.dll'.
4488.f0c: supR3HardenedWinVerifyCacheScheduleImports: Import todo: #15 'rpcrt4.dll'.
4488.f0c: supHardenedWinVerifyImageByHandle: -> 0 (\Device\HarddiskVolume3\Windows\System32\gpapi.dll)
4488.f0c: supR3HardenedWinVerifyCacheInsert: \Device\HarddiskVolume3\Windows\System32\gpapi.dll
4488.f0c: supR3HardenedDllNotificationCallback: load   00007ff9c76b0000 LB 0x000a3000 C:\WINDOWS\System32\msvcp_win.dll [fFlags=0x0]
4488.f0c: supHardenedWinVerifyImageByHandle: -> 0 (\Device\HarddiskVolume3\Windows\System32\msvcp_win.dll)
4488.f0c: supR3HardenedWinVerifyCacheInsert: \Device\HarddiskVolume3\Windows\System32\msvcp_win.dll
4488.f0c: supR3HardenedDllNotificationCallback: load   00007ff9c92b0000 LB 0x000fb000 C:\WINDOWS\System32\shcore.dll [fFlags=0x0]
4488.f0c: supHardenedWinVerifyImageByHandle: -> 0 (\Device\HarddiskVolume3\Windows\System32\SHCore.dll)
4488.f0c: supR3HardenedWinVerifyCacheInsert: \Device\HarddiskVolume3\Windows\System32\SHCore.dll
4488.f0c: supR3HardenedDllNotificationCallback: load   00007ff9c61e0000 LB 0x00025000 C:\WINDOWS\SYSTEM32\gpapi.dll [fFlags=0x0]
4488.f0c: supR3HardenedScreenImage/LdrLoadDll: cache hit (VINF_SUCCESS) on \Device\HarddiskVolume3\Windows\System32\gpapi.dll [lacks WinVerifyTrust]
4488.f0c: supR3HardenedScreenImage/LdrLoadDll: cache hit (VINF_SUCCESS) on \Device\HarddiskVolume3\Windows\System32\kernel32.dll [lacks WinVerifyTrust]
4488.f0c: supR3HardenedWinVerifyCacheProcessImportTodos: Processing 'rpcrt4.dll'...
4488.f0c: supR3HardenedWinVerifyCacheProcessImportTodos: 'rpcrt4.dll' -> '\Device\HarddiskVolume3\Windows\System32\rpcrt4.dll' [rcNtRedir=0xc0150008]
4488.f0c: supR3HardenedScreenImage/Imports: cache hit (VINF_SUCCESS) on \Device\HarddiskVolume3\Windows\System32\rpcrt4.dll [lacks WinVerifyTrust]
4488.f0c: supR3HardenedWinVerifyCacheProcessImportTodos: Processing 'msvcp_win.dll'...
4488.f0c: supR3HardenedWinVerifyCacheProcessImportTodos: 'msvcp_win.dll' -> '\Device\HarddiskVolume3\Windows\System32\msvcp_win.dll' [rcNtRedir=0xc0150008]
4488.f0c: supR3HardenedScreenImage/Imports: cache hit (VINF_SUCCESS) on \Device\HarddiskVolume3\Windows\System32\msvcp_win.dll [lacks WinVerifyTrust]
4488.f0c: supR3HardenedMonitor_LdrLoadDll: pName=C:\WINDOWS\System32\kernel32.dll (Input=kernel32, rcNtResolve=0xc0150008) *pfFlags=0x0 pwszSearchPath=0000000000000801:<flags> [calling]
4488.f0c: supR3HardenedMonitor_LdrLoadDll: returns rcNt=0x0 hMod=00007ff9c7a20000 'C:\WINDOWS\System32\kernel32.dll'
4488.f0c: supR3HardenedIsApiSetDll: ApiSetQueryApiSetPresence(api-ms-win-core-string-l1-1-0) -> 0x0, fPresent=1
4488.f0c: supR3HardenedMonitor_LdrLoadDll: pName=api-ms-win-core-string-l1-1-0 (rcNtResolve=0x0) *pfFlags=0x0 pwszSearchPath=0000000000000801:<flags> [calling]
4488.f0c: supR3HardenedMonitor_LdrLoadDll: returns rcNt=0x0 hMod=00007ff9c72a0000 'api-ms-win-core-string-l1-1-0'
4488.f0c: supR3HardenedIsApiSetDll: ApiSetQueryApiSetPresence(api-ms-win-core-localization-l1-2-1) -> 0x0, fPresent=1
4488.f0c: supR3HardenedMonitor_LdrLoadDll: pName=api-ms-win-core-localization-l1-2-1 (rcNtResolve=0x0) *pfFlags=0x0 pwszSearchPath=0000000000000801:<flags> [calling]
4488.f0c: supR3HardenedMonitor_LdrLoadDll: returns rcNt=0x0 hMod=00007ff9c72a0000 'api-ms-win-core-localization-l1-2-1'
4488.f0c: supR3HardenedIsApiSetDll: ApiSetQueryApiSetPresence(api-ms-win-core-datetime-l1-1-1) -> 0x0, fPresent=1
4488.f0c: supR3HardenedMonitor_LdrLoadDll: pName=api-ms-win-core-datetime-l1-1-1 (rcNtResolve=0x0) *pfFlags=0x0 pwszSearchPath=0000000000000801:<flags> [calling]
4488.f0c: supR3HardenedMonitor_LdrLoadDll: returns rcNt=0x0 hMod=00007ff9c72a0000 'api-ms-win-core-datetime-l1-1-1'
4488.f0c: supR3HardenedIsApiSetDll: ApiSetQueryApiSetPresence(api-ms-win-core-localization-obsolete-l1-2-0) -> 0x0, fPresent=1
4488.f0c: supR3HardenedMonitor_LdrLoadDll: pName=api-ms-win-core-localization-obsolete-l1-2-0 (rcNtResolve=0x0) *pfFlags=0x0 pwszSearchPath=0000000000000801:<flags> [calling]
4488.f0c: supR3HardenedMonitor_LdrLoadDll: returns rcNt=0x0 hMod=00007ff9c72a0000 'api-ms-win-core-localization-obsolete-l1-2-0'
4488.f0c: supR3HardenedWinVerifyCacheScheduleImports: Import todo: #0 'msvcrt.dll'.
4488.f0c: supR3HardenedWinVerifyCacheScheduleImports: Import todo: #8 'crypt32.dll'.
4488.f0c: supHardenedWinVerifyImageByHandle: -> 0 (\Device\HarddiskVolume3\Windows\System32\cryptnet.dll)
4488.f0c: supR3HardenedWinVerifyCacheInsert: \Device\HarddiskVolume3\Windows\System32\cryptnet.dll
4488.f0c: supR3HardenedWinVerifyCacheProcessImportTodos: Processing 'crypt32.dll'...
4488.f0c: supR3HardenedWinVerifyCacheProcessImportTodos: 'crypt32.dll' -> '\Device\HarddiskVolume3\Windows\System32\crypt32.dll' [rcNtRedir=0xc0150008]
4488.f0c: supR3HardenedScreenImage/Imports: cache hit (VINF_SUCCESS) on \Device\HarddiskVolume3\Windows\System32\crypt32.dll [lacks WinVerifyTrust]
4488.f0c: supR3HardenedWinVerifyCacheProcessImportTodos: Processing 'msvcrt.dll'...
4488.f0c: supR3HardenedWinVerifyCacheProcessImportTodos: 'msvcrt.dll' -> '\Device\HarddiskVolume3\Windows\System32\msvcrt.dll' [rcNtRedir=0xc0150008]
4488.f0c: supR3HardenedScreenImage/Imports: cache hit (VINF_SUCCESS) on \Device\HarddiskVolume3\Windows\System32\msvcrt.dll [lacks WinVerifyTrust]
4488.f0c: supR3HardenedMonitor_LdrLoadDll: pName=C:\Windows\System32\cryptnet.dll (rcNtResolve=0xc0150008) *pfFlags=0x0 pwszSearchPath=0000000000000001:<flags> [calling]
4488.f0c: supR3HardenedScreenImage/NtCreateSection: cache hit (VINF_SUCCESS) on \Device\HarddiskVolume3\Windows\System32\cryptnet.dll [lacks WinVerifyTrust]
4488.f0c: supR3HardenedDllNotificationCallback: load   00007ff99eb10000 LB 0x0003b000 C:\Windows\System32\cryptnet.dll [fFlags=0x0]
4488.f0c: supR3HardenedScreenImage/LdrLoadDll: cache hit (VINF_SUCCESS) on \Device\HarddiskVolume3\Windows\System32\cryptnet.dll [lacks WinVerifyTrust]
4488.f0c: supR3HardenedScreenImage/LdrLoadDll: cache hit (VINF_SUCCESS) on \Device\HarddiskVolume3\Windows\System32\cryptnet.dll [lacks WinVerifyTrust]
4488.f0c: supR3HardenedMonitor_LdrLoadDll: pName=C:\Windows\System32\cryptnet.dll (rcNtResolve=0xc0150008) *pfFlags=0x2 pwszSearchPath=0000000000000001:<flags> [calling]
4488.f0c: supR3HardenedMonitor_LdrLoadDll: returns rcNt=0x0 hMod=00007ff99eb10000 'C:\Windows\System32\cryptnet.dll'
4488.f0c: supR3HardenedScreenImage/LdrLoadDll: cache hit (VINF_SUCCESS) on \Device\HarddiskVolume3\Windows\System32\cryptnet.dll [lacks WinVerifyTrust]
4488.f0c: supR3HardenedMonitor_LdrLoadDll: pName=C:\Windows\System32\cryptnet.dll (rcNtResolve=0xc0150008) *pfFlags=0x2 pwszSearchPath=0000000000000001:<flags> [calling]
4488.f0c: supR3HardenedMonitor_LdrLoadDll: returns rcNt=0x0 hMod=00007ff99eb10000 'C:\Windows\System32\cryptnet.dll'
4488.f0c: supR3HardenedScreenImage/LdrLoadDll: cache hit (VINF_SUCCESS) on \Device\HarddiskVolume3\Windows\System32\cryptnet.dll [lacks WinVerifyTrust]
4488.f0c: supR3HardenedMonitor_LdrLoadDll: pName=C:\Windows\System32\cryptnet.dll (rcNtResolve=0xc0150008) *pfFlags=0x2 pwszSearchPath=0000000000000001:<flags> [calling]
4488.f0c: supR3HardenedMonitor_LdrLoadDll: returns rcNt=0x0 hMod=00007ff99eb10000 'C:\Windows\System32\cryptnet.dll'
4488.f0c: supR3HardenedScreenImage/LdrLoadDll: cache hit (VINF_SUCCESS) on \Device\HarddiskVolume3\Windows\System32\cryptnet.dll [lacks WinVerifyTrust]
4488.f0c: supR3HardenedMonitor_LdrLoadDll: pName=C:\Windows\System32\cryptnet.dll (rcNtResolve=0xc0150008) *pfFlags=0x2 pwszSearchPath=0000000000000001:<flags> [calling]
4488.f0c: supR3HardenedMonitor_LdrLoadDll: returns rcNt=0x0 hMod=00007ff99eb10000 'C:\Windows\System32\cryptnet.dll'
4488.f0c: supR3HardenedScreenImage/LdrLoadDll: cache hit (VINF_SUCCESS) on \Device\HarddiskVolume3\Windows\System32\cryptnet.dll [lacks WinVerifyTrust]
4488.f0c: supR3HardenedMonitor_LdrLoadDll: pName=C:\Windows\System32\cryptnet.dll (rcNtResolve=0xc0150008) *pfFlags=0x2 pwszSearchPath=0000000000000001:<flags> [calling]
4488.f0c: supR3HardenedMonitor_LdrLoadDll: returns rcNt=0x0 hMod=00007ff99eb10000 'C:\Windows\System32\cryptnet.dll'
4488.f0c: supR3HardenedScreenImage/LdrLoadDll: cache hit (VINF_SUCCESS) on \Device\HarddiskVolume3\Windows\System32\cryptnet.dll [lacks WinVerifyTrust]
4488.f0c: supR3HardenedMonitor_LdrLoadDll: pName=C:\Windows\System32\cryptnet.dll (rcNtResolve=0xc0150008) *pfFlags=0x2 pwszSearchPath=0000000000000001:<flags> [calling]
4488.f0c: supR3HardenedMonitor_LdrLoadDll: returns rcNt=0x0 hMod=00007ff99eb10000 'C:\Windows\System32\cryptnet.dll'
4488.f0c: supR3HardenedScreenImage/LdrLoadDll: cache hit (VINF_SUCCESS) on \Device\HarddiskVolume3\Windows\System32\cryptnet.dll [lacks WinVerifyTrust]
4488.f0c: supR3HardenedMonitor_LdrLoadDll: returns rcNt=0x0 hMod=00007ff99eb10000 'C:\Windows\System32\cryptnet.dll'
4488.f0c: supR3HardenedScreenImage/LdrLoadDll: cache hit (VINF_SUCCESS) on \Device\HarddiskVolume3\Windows\System32\cryptnet.dll [lacks WinVerifyTrust]
4488.f0c: supR3HardenedMonitor_LdrLoadDll: returns rcNt=0x0 hMod=00007ff99eb10000 'C:\Windows\System32\cryptnet.dll'
4488.f0c: supR3HardenedScreenImage/LdrLoadDll: cache hit (VINF_SUCCESS) on \Device\HarddiskVolume3\Windows\System32\cryptnet.dll [lacks WinVerifyTrust]
4488.f0c: supR3HardenedMonitor_LdrLoadDll: returns rcNt=0x0 hMod=00007ff99eb10000 'C:\Windows\System32\cryptnet.dll'
4488.f0c: supR3HardenedScreenImage/LdrLoadDll: cache hit (VINF_SUCCESS) on \Device\HarddiskVolume3\Windows\System32\cryptnet.dll [lacks WinVerifyTrust]
4488.f0c: supR3HardenedMonitor_LdrLoadDll: returns rcNt=0x0 hMod=00007ff99eb10000 'C:\Windows\System32\cryptnet.dll'
4488.f0c: supR3HardenedScreenImage/LdrLoadDll: cache hit (VINF_SUCCESS) on \Device\HarddiskVolume3\Windows\System32\cryptnet.dll [lacks WinVerifyTrust]
4488.f0c: supR3HardenedMonitor_LdrLoadDll: returns rcNt=0x0 hMod=00007ff99eb10000 'C:\Windows\System32\cryptnet.dll'
4488.f0c: supR3HardenedMonitor_LdrLoadDll: returns rcNt=0x0 hMod=00007ff99eb10000 'C:\Windows\System32\cryptnet.dll'
4488.f0c: supHardenedWinVerifyImageByHandle: -> 0 (\Device\HarddiskVolume3\Windows\System32\profapi.dll)
4488.f0c: supR3HardenedWinVerifyCacheInsert: \Device\HarddiskVolume3\Windows\System32\profapi.dll
4488.f0c: supR3HardenedDllNotificationCallback: load   00007ff9c6df0000 LB 0x00029000 C:\WINDOWS\SYSTEM32\profapi.dll [fFlags=0x0]
4488.f0c: supR3HardenedScreenImage/LdrLoadDll: cache hit (VINF_SUCCESS) on \Device\HarddiskVolume3\Windows\System32\profapi.dll [lacks WinVerifyTrust]
4488.f0c: supR3HardenedDllNotificationCallback: load   00007ff9c9a00000 LB 0x000bc000 C:\WINDOWS\System32\advapi32.dll [fFlags=0x0]
4488.f0c: supR3HardenedWinVerifyCacheScheduleImports: Import todo: #0 'msvcrt.dll'.
4488.f0c: supR3HardenedWinVerifyCacheScheduleImports: Import todo: #6 'sechost.dll'.
4488.f0c: supR3HardenedWinVerifyCacheScheduleImports: Import todo: #28 'rpcrt4.dll'.
4488.f0c: supHardenedWinVerifyImageByHandle: -> 0 (\Device\HarddiskVolume3\Windows\System32\advapi32.dll)
4488.f0c: supR3HardenedWinVerifyCacheInsert: \Device\HarddiskVolume3\Windows\System32\advapi32.dll
4488.f0c: supR3HardenedScreenImage/LdrLoadDll: cache hit (VINF_SUCCESS) on \Device\HarddiskVolume3\Windows\System32\rpcrt4.dll [lacks WinVerifyTrust]
4488.f0c: supR3HardenedWinVerifyCacheProcessImportTodos: Processing 'rpcrt4.dll'...
4488.f0c: supR3HardenedWinVerifyCacheProcessImportTodos: 'rpcrt4.dll' -> '\Device\HarddiskVolume3\Windows\System32\rpcrt4.dll' [rcNtRedir=0xc0150008]
4488.f0c: supR3HardenedScreenImage/Imports: cache hit (VINF_SUCCESS) on \Device\HarddiskVolume3\Windows\System32\rpcrt4.dll [lacks WinVerifyTrust]
4488.f0c: supR3HardenedWinVerifyCacheProcessImportTodos: Processing 'sechost.dll'...
4488.f0c: supR3HardenedWinVerifyCacheProcessImportTodos: 'sechost.dll' -> '\Device\HarddiskVolume3\Windows\System32\sechost.dll' [rcNtRedir=0xc0150008]
4488.f0c: supR3HardenedScreenImage/Imports: cache hit (VINF_SUCCESS) on \Device\HarddiskVolume3\Windows\System32\sechost.dll [lacks WinVerifyTrust]
4488.f0c: supR3HardenedWinVerifyCacheProcessImportTodos: Processing 'msvcrt.dll'...
4488.f0c: supR3HardenedWinVerifyCacheProcessImportTodos: 'msvcrt.dll' -> '\Device\HarddiskVolume3\Windows\System32\msvcrt.dll' [rcNtRedir=0xc0150008]
4488.f0c: supR3HardenedScreenImage/Imports: cache hit (VINF_SUCCESS) on \Device\HarddiskVolume3\Windows\System32\msvcrt.dll [lacks WinVerifyTrust]
4488.f0c: supR3HardenedMonitor_LdrLoadDll: pName=C:\WINDOWS\System32\rpcrt4.dll (Input=rpcrt4.dll, rcNtResolve=0xc0150008) *pfFlags=0x0 pwszSearchPath=0000000000000001:<flags> [calling]
4488.f0c: supR3HardenedMonitor_LdrLoadDll: returns rcNt=0x0 hMod=00007ff9c93b0000 'C:\WINDOWS\System32\rpcrt4.dll'
4488.f0c: supR3HardenedScreenImage/LdrLoadDll: cache hit (VINF_SUCCESS) on \Device\HarddiskVolume3\Windows\System32\rsaenh.dll [lacks WinVerifyTrust]
4488.f0c: supR3HardenedMonitor_LdrLoadDll: pName=C:\WINDOWS\system32\rsaenh.dll (rcNtResolve=0xc0150008) *pfFlags=0x0 pwszSearchPath=0000000000000001:<flags> [calling]
4488.f0c: supR3HardenedMonitor_LdrLoadDll: returns rcNt=0x0 hMod=00007ff9c5b00000 'C:\WINDOWS\system32\rsaenh.dll'
4488.f0c: supR3HardenedScreenImage/LdrLoadDll: cache hit (VINF_SUCCESS) on \Device\HarddiskVolume3\Windows\System32\crypt32.dll [lacks WinVerifyTrust]
4488.f0c: supR3HardenedMonitor_LdrLoadDll: pName=C:\WINDOWS\System32\crypt32.dll (Input=crypt32.dll, rcNtResolve=0xc0150008) *pfFlags=0x0 pwszSearchPath=0000000000000001:<flags> [calling]
4488.f0c: supR3HardenedMonitor_LdrLoadDll: returns rcNt=0x0 hMod=00007ff9c7050000 'C:\WINDOWS\System32\crypt32.dll'
4488.f0c: supR3HardNtViCallWinVerifyTrustCatFile: hFile=0000000000000000 pwszName=\SystemRoot\System32\ntdll.dll
4488.f0c: supR3HardNtViCallWinVerifyTrustCatFile: New context 00000207be1a4f20
4488.f0c: supR3HardNtViCallWinVerifyTrustCatFile: hCatAdmin=00000207be1a4f20
4488.f0c: supR3HardNtViCallWinVerifyTrustCatFile: cbHash=20 wszDigest=0C4BA02C9B51A87DBF7CAC8AF0BFFD12C55378E0
4488.f0c: supR3HardenedScreenImage/LdrLoadDll: cache hit (VINF_SUCCESS) on \Device\HarddiskVolume3\Windows\System32\rsaenh.dll [lacks WinVerifyTrust]
4488.f0c: supR3HardenedMonitor_LdrLoadDll: pName=C:\WINDOWS\system32\rsaenh.dll (rcNtResolve=0xc0150008) *pfFlags=0x0 pwszSearchPath=0000000000000001:<flags> [calling]
4488.f0c: supR3HardenedMonitor_LdrLoadDll: returns rcNt=0x0 hMod=00007ff9c5b00000 'C:\WINDOWS\system32\rsaenh.dll'
4488.f0c: supR3HardenedScreenImage/LdrLoadDll: cache hit (VINF_SUCCESS) on \Device\HarddiskVolume3\Windows\System32\crypt32.dll [lacks WinVerifyTrust]
4488.f0c: supR3HardenedMonitor_LdrLoadDll: pName=C:\WINDOWS\System32\crypt32.dll (Input=crypt32.dll, rcNtResolve=0xc0150008) *pfFlags=0x0 pwszSearchPath=0000000000000001:<flags> [calling]
4488.f0c: supR3HardenedMonitor_LdrLoadDll: returns rcNt=0x0 hMod=00007ff9c7050000 'C:\WINDOWS\System32\crypt32.dll'
4488.f0c: supR3HardNtViCallWinVerifyTrustCatFile: WinVerifyTrust => 0x0; cat='C:\WINDOWS\system32\CatRoot\{F750E6C3-38EE-11D1-85E5-00C04FC295EE}\Microsoft-Windows-Kernel-Package-Ntdll-Package~31bf3856ad364e35~amd64~~10.0.26100.9444.cat'; file='\SystemRoot\System32\ntdll.dll'
4488.f0c: g_pfnWinVerifyTrust=00007ff9c6f0b390
4488.f0c: supR3HardenedScreenImage/preload: cache hit (VINF_SUCCESS) on \Device\HarddiskVolume3\Windows\System32\crypt32.dll [redoing WinVerifyTrust]
4488.f0c: supR3HardenedScreenImage/LdrLoadDll: cache hit (VINF_SUCCESS) on \Device\HarddiskVolume3\Windows\System32\rsaenh.dll [lacks WinVerifyTrust]
4488.f0c: supR3HardenedMonitor_LdrLoadDll: pName=C:\WINDOWS\system32\rsaenh.dll (rcNtResolve=0xc0150008) *pfFlags=0x0 pwszSearchPath=0000000000000001:<flags> [calling]
4488.f0c: supR3HardenedMonitor_LdrLoadDll: returns rcNt=0x0 hMod=00007ff9c5b00000 'C:\WINDOWS\system32\rsaenh.dll'
4488.f0c: supR3HardenedScreenImage/LdrLoadDll: cache hit (VINF_SUCCESS) on \Device\HarddiskVolume3\Windows\System32\crypt32.dll [lacks WinVerifyTrust]
4488.f0c: supR3HardenedMonitor_LdrLoadDll: pName=C:\WINDOWS\System32\crypt32.dll (Input=crypt32.dll, rcNtResolve=0xc0150008) *pfFlags=0x0 pwszSearchPath=0000000000000001:<flags> [calling]
4488.f0c: supR3HardenedMonitor_LdrLoadDll: returns rcNt=0x0 hMod=00007ff9c7050000 'C:\WINDOWS\System32\crypt32.dll'
4488.f0c: supR3HardenedScreenImage/preload: 0 (was 0) fWinVerifyTrust=1 for '\Device\HarddiskVolume3\Windows\System32\crypt32.dll'
4488.f0c: supR3HardenedScreenImage/preload: cache hit (VINF_SUCCESS) on \Device\HarddiskVolume3\Windows\System32\wintrust.dll [redoing WinVerifyTrust]
4488.f0c: supR3HardenedScreenImage/LdrLoadDll: cache hit (VINF_SUCCESS) on \Device\HarddiskVolume3\Windows\System32\rsaenh.dll [lacks WinVerifyTrust]
4488.f0c: supR3HardenedMonitor_LdrLoadDll: pName=C:\WINDOWS\system32\rsaenh.dll (rcNtResolve=0xc0150008) *pfFlags=0x0 pwszSearchPath=0000000000000001:<flags> [calling]
4488.f0c: supR3HardenedMonitor_LdrLoadDll: returns rcNt=0x0 hMod=00007ff9c5b00000 'C:\WINDOWS\system32\rsaenh.dll'
4488.f0c: supR3HardenedScreenImage/LdrLoadDll: cache hit (VINF_SUCCESS) on \Device\HarddiskVolume3\Windows\System32\crypt32.dll
4488.f0c: supR3HardenedMonitor_LdrLoadDll: pName=C:\WINDOWS\System32\crypt32.dll (Input=crypt32.dll, rcNtResolve=0xc0150008) *pfFlags=0x0 pwszSearchPath=0000000000000001:<flags> [calling]
4488.f0c: supR3HardenedMonitor_LdrLoadDll: returns rcNt=0x0 hMod=00007ff9c7050000 'C:\WINDOWS\System32\crypt32.dll'
4488.f0c: supR3HardenedScreenImage/preload: 0 (was 0) fWinVerifyTrust=1 for '\Device\HarddiskVolume3\Windows\System32\wintrust.dll'
4488.f0c: supR3HardenedScreenImage/LdrLoadDll: cache hit (VINF_SUCCESS) on \Device\HarddiskVolume3\Windows\System32\rsaenh.dll [lacks WinVerifyTrust]
4488.f0c: supR3HardenedMonitor_LdrLoadDll: pName=C:\WINDOWS\system32\rsaenh.dll (rcNtResolve=0xc0150008) *pfFlags=0x0 pwszSearchPath=0000000000000001:<flags> [calling]
4488.f0c: supR3HardenedMonitor_LdrLoadDll: returns rcNt=0x0 hMod=00007ff9c5b00000 'C:\WINDOWS\system32\rsaenh.dll'
4488.f0c: supR3HardenedMonitor_LdrLoadDll: returns rcNt=0x0 hMod=00007ff9c7050000 'C:\WINDOWS\System32\crypt32.dll'
4488.f0c: supR3HardenedWinVerifyCacheProcessWvtTodos: 0 (was 0) fWinVerifyTrust=1 for '\Device\HarddiskVolume3\Windows\System32\advapi32.dll'
4488.f0c: supR3HardenedScreenImage/LdrLoadDll: cache hit (VINF_SUCCESS) on \Device\HarddiskVolume3\Windows\System32\rsaenh.dll [lacks WinVerifyTrust]
4488.f0c: supR3HardenedMonitor_LdrLoadDll: returns rcNt=0x0 hMod=00007ff9c5b00000 'C:\WINDOWS\system32\rsaenh.dll'
4488.f0c: supR3HardenedMonitor_LdrLoadDll: returns rcNt=0x0 hMod=00007ff9c7050000 'C:\WINDOWS\System32\crypt32.dll'
4488.f0c: supR3HardenedWinVerifyCacheProcessWvtTodos: 0 (was 0) fWinVerifyTrust=1 for '\Device\HarddiskVolume3\Windows\System32\profapi.dll'
4488.f0c: supR3HardenedScreenImage/LdrLoadDll: cache hit (VINF_SUCCESS) on \Device\HarddiskVolume3\Windows\System32\rsaenh.dll [lacks WinVerifyTrust]
4488.f0c: supR3HardenedMonitor_LdrLoadDll: returns rcNt=0x0 hMod=00007ff9c5b00000 'C:\WINDOWS\system32\rsaenh.dll'
4488.f0c: supR3HardenedMonitor_LdrLoadDll: returns rcNt=0x0 hMod=00007ff9c7050000 'C:\WINDOWS\System32\crypt32.dll'
4488.f0c: supR3HardenedWinVerifyCacheProcessWvtTodos: 0 (was 0) fWinVerifyTrust=1 for '\Device\HarddiskVolume3\Windows\System32\cryptnet.dll'
4488.f0c: supR3HardenedScreenImage/LdrLoadDll: cache hit (VINF_SUCCESS) on \Device\HarddiskVolume3\Windows\System32\rsaenh.dll [lacks WinVerifyTrust]
4488.f0c: supR3HardenedMonitor_LdrLoadDll: returns rcNt=0x0 hMod=00007ff9c5b00000 'C:\WINDOWS\system32\rsaenh.dll'
4488.f0c: supR3HardenedMonitor_LdrLoadDll: returns rcNt=0x0 hMod=00007ff9c7050000 'C:\WINDOWS\System32\crypt32.dll'
4488.f0c: supR3HardenedWinVerifyCacheProcessWvtTodos: 0 (was 0) fWinVerifyTrust=1 for '\Device\HarddiskVolume3\Windows\System32\SHCore.dll'
4488.f0c: supR3HardenedScreenImage/LdrLoadDll: cache hit (VINF_SUCCESS) on \Device\HarddiskVolume3\Windows\System32\rsaenh.dll [lacks WinVerifyTrust]
4488.f0c: supR3HardenedMonitor_LdrLoadDll: returns rcNt=0x0 hMod=00007ff9c5b00000 'C:\WINDOWS\system32\rsaenh.dll'
4488.f0c: supR3HardenedMonitor_LdrLoadDll: returns rcNt=0x0 hMod=00007ff9c7050000 'C:\WINDOWS\System32\crypt32.dll'
4488.f0c: supR3HardenedWinVerifyCacheProcessWvtTodos: 0 (was 0) fWinVerifyTrust=1 for '\Device\HarddiskVolume3\Windows\System32\msvcp_win.dll'
4488.f0c: supR3HardenedScreenImage/LdrLoadDll: cache hit (VINF_SUCCESS) on \Device\HarddiskVolume3\Windows\System32\rsaenh.dll [lacks WinVerifyTrust]
4488.f0c: supR3HardenedMonitor_LdrLoadDll: returns rcNt=0x0 hMod=00007ff9c5b00000 'C:\WINDOWS\system32\rsaenh.dll'
4488.f0c: supR3HardenedMonitor_LdrLoadDll: returns rcNt=0x0 hMod=00007ff9c7050000 'C:\WINDOWS\System32\crypt32.dll'
4488.f0c: supR3HardenedWinVerifyCacheProcessWvtTodos: 0 (was 0) fWinVerifyTrust=1 for '\Device\HarddiskVolume3\Windows\System32\gpapi.dll'
4488.f0c: supR3HardenedScreenImage/LdrLoadDll: cache hit (VINF_SUCCESS) on \Device\HarddiskVolume3\Windows\System32\rsaenh.dll [lacks WinVerifyTrust]
4488.f0c: supR3HardenedMonitor_LdrLoadDll: returns rcNt=0x0 hMod=00007ff9c5b00000 'C:\WINDOWS\system32\rsaenh.dll'
4488.f0c: supR3HardenedMonitor_LdrLoadDll: returns rcNt=0x0 hMod=00007ff9c7050000 'C:\WINDOWS\System32\crypt32.dll'
4488.f0c: supR3HardenedWinVerifyCacheProcessWvtTodos: 0 (was 0) fWinVerifyTrust=1 for '\Device\HarddiskVolume3\Windows\System32\imagehlp.dll'
4488.f0c: supR3HardenedScreenImage/LdrLoadDll: cache hit (VINF_SUCCESS) on \Device\HarddiskVolume3\Windows\System32\rsaenh.dll [lacks WinVerifyTrust]
4488.f0c: supR3HardenedMonitor_LdrLoadDll: returns rcNt=0x0 hMod=00007ff9c5b00000 'C:\WINDOWS\system32\rsaenh.dll'
4488.f0c: supR3HardenedScreenImage/LdrLoadDll: cache hit (VINF_SUCCESS) on \Device\HarddiskVolume3\Windows\System32\crypt32.dll
4488.f0c: supR3HardenedMonitor_LdrLoadDll: pName=C:\WINDOWS\System32\crypt32.dll (Input=crypt32.dll, rcNtResolve=0xc0150008) *pfFlags=0x0 pwszSearchPath=0000000000000001:<flags> [calling]
4488.f0c: supR3HardenedMonitor_LdrLoadDll: returns rcNt=0x0 hMod=00007ff9c7050000 'C:\WINDOWS\System32\crypt32.dll'
4488.f0c: supR3HardenedWinVerifyCacheProcessWvtTodos: 0 (was 0) fWinVerifyTrust=1 for '\Device\HarddiskVolume3\Windows\System32\cryptbase.dll'
4488.f0c: supR3HardenedScreenImage/LdrLoadDll: cache hit (VINF_SUCCESS) on \Device\HarddiskVolume3\Windows\System32\rsaenh.dll [lacks WinVerifyTrust]
4488.f0c: supR3HardenedMonitor_LdrLoadDll: pName=C:\WINDOWS\system32\rsaenh.dll (rcNtResolve=0xc0150008) *pfFlags=0x0 pwszSearchPath=0000000000000001:<flags> [calling]
4488.f0c: supR3HardenedMonitor_LdrLoadDll: returns rcNt=0x0 hMod=00007ff9c5b00000 'C:\WINDOWS\system32\rsaenh.dll'
4488.f0c: supR3HardenedMonitor_LdrLoadDll: returns rcNt=0x0 hMod=00007ff9c7050000 'C:\WINDOWS\System32\crypt32.dll'
4488.f0c: supR3HardenedWinVerifyCacheProcessWvtTodos: 0 (was 0) fWinVerifyTrust=1 for '\Device\HarddiskVolume3\Windows\System32\rsaenh.dll'
4488.f0c: supR3HardenedMonitor_LdrLoadDll: returns rcNt=0x0 hMod=00007ff9c5b00000 'C:\WINDOWS\system32\rsaenh.dll'
4488.f0c: supR3HardenedMonitor_LdrLoadDll: returns rcNt=0x0 hMod=00007ff9c7050000 'C:\WINDOWS\System32\crypt32.dll'
4488.f0c: supR3HardenedWinVerifyCacheProcessWvtTodos: 0 (was 0) fWinVerifyTrust=1 for '\Device\HarddiskVolume3\Windows\System32\cryptsp.dll'
4488.f0c: supR3HardenedMonitor_LdrLoadDll: returns rcNt=0x0 hMod=00007ff9c5b00000 'C:\WINDOWS\system32\rsaenh.dll'
4488.f0c: supR3HardenedMonitor_LdrLoadDll: returns rcNt=0x0 hMod=00007ff9c7050000 'C:\WINDOWS\System32\crypt32.dll'
4488.f0c: supR3HardenedWinVerifyCacheProcessWvtTodos: 0 (was 0) fWinVerifyTrust=1 for '\Device\HarddiskVolume3\Windows\System32\bcryptprimitives.dll'
4488.f0c: supR3HardenedMonitor_LdrLoadDll: returns rcNt=0x0 hMod=00007ff9c5b00000 'C:\WINDOWS\system32\rsaenh.dll'
4488.f0c: supR3HardenedMonitor_LdrLoadDll: returns rcNt=0x0 hMod=00007ff9c7050000 'C:\WINDOWS\System32\crypt32.dll'
4488.f0c: supR3HardenedWinVerifyCacheProcessWvtTodos: 0 (was 0) fWinVerifyTrust=1 for '\Device\HarddiskVolume3\Windows\System32\sechost.dll'
4488.f0c: supR3HardenedMonitor_LdrLoadDll: returns rcNt=0x0 hMod=00007ff9c5b00000 'C:\WINDOWS\system32\rsaenh.dll'
4488.f0c: supR3HardenedMonitor_LdrLoadDll: returns rcNt=0x0 hMod=00007ff9c7050000 'C:\WINDOWS\System32\crypt32.dll'
4488.f0c: supR3HardenedWinVerifyCacheProcessWvtTodos: 0 (was 0) fWinVerifyTrust=1 for '\Device\HarddiskVolume3\Windows\System32\bcrypt.dll'
4488.f0c: supR3HardenedMonitor_LdrLoadDll: returns rcNt=0x0 hMod=00007ff9c5b00000 'C:\WINDOWS\system32\rsaenh.dll'
4488.f0c: supR3HardenedMonitor_LdrLoadDll: returns rcNt=0x0 hMod=00007ff9c7050000 'C:\WINDOWS\System32\crypt32.dll'
4488.f0c: supR3HardenedWinVerifyCacheProcessWvtTodos: 0 (was 0) fWinVerifyTrust=1 for '\Device\HarddiskVolume3\Windows\System32\msasn1.dll'
4488.f0c: supR3HardenedMonitor_LdrLoadDll: returns rcNt=0x0 hMod=00007ff9c5b00000 'C:\WINDOWS\system32\rsaenh.dll'
4488.f0c: supR3HardenedMonitor_LdrLoadDll: returns rcNt=0x0 hMod=00007ff9c7050000 'C:\WINDOWS\System32\crypt32.dll'
4488.f0c: supR3HardenedWinVerifyCacheProcessWvtTodos: 0 (was 0) fWinVerifyTrust=1 for '\Device\HarddiskVolume3\Windows\System32\ucrtbase.dll'
4488.f0c: supR3HardenedMonitor_LdrLoadDll: returns rcNt=0x0 hMod=00007ff9c5b00000 'C:\WINDOWS\system32\rsaenh.dll'
4488.f0c: supR3HardenedMonitor_LdrLoadDll: returns rcNt=0x0 hMod=00007ff9c7050000 'C:\WINDOWS\System32\crypt32.dll'
4488.f0c: supR3HardenedWinVerifyCacheProcessWvtTodos: 0 (was 0) fWinVerifyTrust=1 for '\Device\HarddiskVolume3\Windows\System32\msvcrt.dll'
4488.f0c: supR3HardenedMonitor_LdrLoadDll: returns rcNt=0x0 hMod=00007ff9c5b00000 'C:\WINDOWS\system32\rsaenh.dll'
4488.f0c: supR3HardenedMonitor_LdrLoadDll: returns rcNt=0x0 hMod=00007ff9c7050000 'C:\WINDOWS\System32\crypt32.dll'
4488.f0c: supR3HardenedWinVerifyCacheProcessWvtTodos: 0 (was 0) fWinVerifyTrust=1 for '\Device\HarddiskVolume3\Windows\System32\rpcrt4.dll'
4488.f0c: supR3HardenedMonitor_LdrLoadDll: returns rcNt=0x0 hMod=00007ff9c5b00000 'C:\WINDOWS\system32\rsaenh.dll'
4488.f0c: supR3HardenedMonitor_LdrLoadDll: returns rcNt=0x0 hMod=00007ff9c7050000 'C:\WINDOWS\System32\crypt32.dll'
4488.f0c: supR3HardenedWinVerifyCacheProcessWvtTodos: 0 (was 0) fWinVerifyTrust=1 for '\Device\HarddiskVolume3\Program Files\Oracle\VirtualBox\VBoxSupLib.dll'
4488.f0c: supR3HardenedMonitor_LdrLoadDll: returns rcNt=0x0 hMod=00007ff9c5b00000 'C:\WINDOWS\system32\rsaenh.dll'
4488.f0c: supR3HardenedMonitor_LdrLoadDll: returns rcNt=0x0 hMod=00007ff9c7050000 'C:\WINDOWS\System32\crypt32.dll'
4488.f0c: supR3HardenedWinVerifyCacheProcessWvtTodos: 0 (was 0) fWinVerifyTrust=1 for '\Device\HarddiskVolume3\Program Files\Oracle\VirtualBox\VirtualBoxVM.exe'
4488.f0c: supR3HardenedMonitor_LdrLoadDll: returns rcNt=0x0 hMod=00007ff9c5b00000 'C:\WINDOWS\system32\rsaenh.dll'
4488.f0c: supR3HardenedMonitor_LdrLoadDll: returns rcNt=0x0 hMod=00007ff9c7050000 'C:\WINDOWS\System32\crypt32.dll'
4488.f0c: supR3HardenedWinVerifyCacheProcessWvtTodos: 0 (was 0) fWinVerifyTrust=1 for '\Device\HarddiskVolume3\Windows\System32\KernelBase.dll'
4488.f0c: supR3HardenedMonitor_LdrLoadDll: returns rcNt=0x0 hMod=00007ff9c5b00000 'C:\WINDOWS\system32\rsaenh.dll'
4488.f0c: supR3HardenedMonitor_LdrLoadDll: returns rcNt=0x0 hMod=00007ff9c7050000 'C:\WINDOWS\System32\crypt32.dll'
4488.f0c: supR3HardenedWinVerifyCacheProcessWvtTodos: 0 (was 0) fWinVerifyTrust=1 for '\Device\HarddiskVolume3\Windows\System32\kernel32.dll'
4488.f0c: supR3HardenedMonitor_LdrLoadDll: returns rcNt=0x0 hMod=00007ff9c7050000 'C:\WINDOWS\system32\crypt32.dll'
4488.f0c: supR3HardenedWinIsDesiredRootCA: Adding 0x9c229443568df000 O=AO Kaspersky Lab, CN=Kaspersky Anti-Virus Personal Root Certificate
4488.f0c: supR3HardenedWinIsDesiredRootCA: Adding 0xbbde687390e6bf00 C=US, O=DigiCert Inc, OU=www.digicert.com, CN=DigiCert Trusted Root G4
4488.f0c: supR3HardenedWinIsDesiredRootCA: Adding 0x5ad46780fa5df300 DC=com, DC=microsoft, CN=Microsoft Root Certificate Authority
4488.f0c: supR3HardenedWinIsDesiredRootCA: Adding 0xea5386456178582b C=ZA, ST=Western Cape, L=Durbanville, O=Thawte, OU=Thawte Certification, CN=Thawte Timestamping CA
4488.f0c: supR3HardenedWinIsDesiredRootCA: Adding 0x3be670c1bd02a900 OU=Copyright (c) 1997 Microsoft Corp., OU=Microsoft Corporation, CN=Microsoft Root Authority
4488.f0c: supR3HardenedWinIsDesiredRootCA: Adding 0xe991ee72b03db500 C=US, O=Symantec Corporation, CN=Symantec Enterprise Mobile Root for Microsoft
4488.f0c: supR3HardenedWinIsDesiredRootCA: Adding 0x4d3835aa4180b200 C=US, ST=Washington, L=Redmond, O=Microsoft Corporation, CN=Microsoft Root Certificate Authority 2011
4488.f0c: supR3HardenedWinIsDesiredRootCA: Adding 0x646e3fe3ba08df00 C=US, O=MSFT, CN=Microsoft Authenticode(tm) Root Authority
4488.f0c: supR3HardenedWinIsDesiredRootCA: Adding 0xece4e4289e08b900 C=US, ST=Washington, L=Redmond, O=Microsoft Corporation, CN=Microsoft Root Certificate Authority 2010
4488.f0c: supR3HardenedWinIsDesiredRootCA: Adding 0xf3bb4d7e894b420 C=US, ST=Washington, L=Redmond, O=Microsoft Corporation, CN=Microsoft ECC TS Root Certificate Authority 2018
4488.f0c: supR3HardenedWinIsDesiredRootCA: Adding 0x43a9cc371ff5385a O=Microsoft Trust Network, OU=Microsoft Corporation, OU=Microsoft Time Stamping Service Root, OU=Copyright (c) 1997 Microsoft Corp.
4488.f0c: supR3HardenedWinIsDesiredRootCA: Adding 0x2e2d2c7c68f0202e O=VeriSign Trust Network, OU=VeriSign, Inc., OU=VeriSign Time Stamping Service Root, OU=NO LIABILITY ACCEPTED, (c)97 VeriSign, Inc.
4488.f0c: supR3HardenedWinIsDesiredRootCA: Adding 0xcec3d46562b9be8e C=US, ST=Washington, L=Redmond, O=Microsoft Corporation, CN=Microsoft ECC Product Root Certificate Authority 2018
4488.f0c: supR3HardenedWinIsDesiredRootCA: Adding 0xca58a05dd401ae00 C=US, ST=Washington, L=Redmond, O=Microsoft Corporation, CN=Microsoft Time Stamp Root Certificate Authority 2014
4488.f0c: supR3HardenedWinIsDesiredRootCA: Adding 0x670683072a91b300 C=US, O=Microsoft Corporation, CN=Microsoft Identity Verification Root Certificate Authority 2020
4488.f0c: supR3HardenedWinIsDesiredRootCA: Adding 0x3d993fde1950a700 C=US, O=IdenTrust, CN=IdenTrust Commercial Root CA 1
4488.f0c: supR3HardenedWinIsDesiredRootCA: Adding 0x6b7bdc34cd37bb00 C=US, O=DigiCert Inc, OU=www.digicert.com, CN=DigiCert Global Root G2
4488.f0c: supR3HardenedWinIsDesiredRootCA: Adding 0x83085097e9afdf00 O=Digital Signature Trust Co., CN=DST Root CA X3
4488.f0c: supR3HardenedWinIsDesiredRootCA: Adding 0x780679907625cc00 OU=GlobalSign Root CA - R3, O=GlobalSign, CN=GlobalSign
4488.f0c: supR3HardenedWinIsDesiredRootCA: Adding 0x3d98ab22bb04a300 C=IE, O=Baltimore, OU=CyberTrust, CN=Baltimore CyberTrust Root
4488.f0c: supR3HardenedWinIsDesiredRootCA: Adding 0xeae16ef49d40be00 C=GB, ST=Greater Manchester, L=Salford, O=Comodo CA Limited, CN=AAA Certificate Services
4488.f0c: supR3HardenedWinIsDesiredRootCA: Adding 0xc6536f24d57ae723 C=US, ST=New Jersey, L=Jersey City, O=The USERTRUST Network, CN=USERTrust ECC Certification Authority
4488.f0c: supR3HardenedWinIsDesiredRootCA: Adding 0x3714f47324e8ad00 C=US, O=Internet Security Research Group, CN=ISRG Root X1
4488.f0c: supR3HardenedWinIsDesiredRootCA: Adding 0x8ff6fc03c1edbd00 C=US, ST=Arizona, L=Scottsdale, O=Starfield Technologies, Inc., CN=Starfield Root Certificate Authority - G2
4488.f0c: supR3HardenedWinIsDesiredRootCA: Adding 0xa3ce8d99e60eda00 C=BE, O=GlobalSign nv-sa, OU=Root CA, CN=GlobalSign Root CA
4488.f0c: supR3HardenedWinIsDesiredRootCA: Adding 0xa671e9fec832b700 C=US, O=Starfield Technologies, Inc., OU=Starfield Class 2 Certification Authority
4488.f0c: supR3HardenedWinIsDesiredRootCA: Adding 0xa8de7211e13be200 C=US, O=DigiCert Inc, OU=www.digicert.com, CN=DigiCert Global Root CA
4488.f0c: supR3HardenedWinIsDesiredRootCA: Adding 0x4ef92ac43a0cd500 C=US, ST=Arizona, L=Scottsdale, O=Starfield Technologies, Inc., CN=Starfield Services Root Certificate Authority - G2
4488.f0c: supR3HardenedWinIsDesiredRootCA: Adding 0xf966ca73e8079500 OU=GlobalSign Root CA - R6, O=GlobalSign, CN=GlobalSign
4488.f0c: supR3HardenedWinIsDesiredRootCA: Adding 0xbebef0d2217f0bfb C=US, O=DigiCert Inc, OU=www.digicert.com, CN=DigiCert Global Root G3
4488.f0c: supR3HardenedWinIsDesiredRootCA: Adding 0x14018a1bf29e595c C=US, O=VeriSign, Inc., OU=Class 3 Public Primary Certification Authority
4488.f0c: supR3HardenedWinIsDesiredRootCA: Adding 0x298c3394be5bca00 C=US, O=Microsoft Corporation, CN=Microsoft RSA Root Certificate Authority 2017
4488.f0c: supR3HardenedWinIsDesiredRootCA: Adding 0x7c4fd32ec1b1ce00 C=PL, O=Unizeto Sp. z o.o., CN=Certum CA
4488.f0c: supR3HardenedWinIsDesiredRootCA: Adding 0xd4fbe673e5ccc600 C=US, O=DigiCert Inc, OU=www.digicert.com, CN=DigiCert High Assurance EV Root CA
4488.f0c: supR3HardenedWinIsDesiredRootCA: Adding 0xb352b1523915d000 C=JP, O=SECOM Trust Systems CO.,LTD., OU=Security Communication RootCA2
4488.f0c: supR3HardenedWinIsDesiredRootCA: Adding 0x362d8807333b600 C=US, O=DigiCert, Inc., CN=DigiCert CS RSA4096 Root G5
4488.f0c: supR3HardenedWinIsDesiredRootCA: Adding 0x65b3e83274acac00 C=BE, O=GlobalSign nv-sa, CN=GlobalSign Root R46
4488.f0c: supR3HardenedWinIsDesiredRootCA: Adding 0xe87add30c52db600 C=BE, O=GlobalSign nv-sa, CN=GlobalSign Code Signing Root R45
4488.f0c: supR3HardenedWinIsDesiredRootCA: Adding 0x357a29080824af00 C=US, O=VeriSign, Inc., OU=VeriSign Trust Network, OU=(c) 2006 VeriSign, Inc. - For authorized use only, CN=VeriSign Class 3 Public Primary Certification Authority - G5
4488.f0c: supR3HardenedWinIsDesiredRootCA: Adding 0x59faf1086271bf00 C=US, ST=Arizona, L=Scottsdale, O=GoDaddy.com, Inc., CN=Go Daddy Root Certificate Authority - G2
4488.f0c: supR3HardenedWinIsDesiredRootCA: Adding 0xc30e361765128000 C=US, ST=New Jersey, L=Jersey City, O=The USERTRUST Network, CN=USERTrust RSA Certification Authority
4488.f0c: supR3HardenedWinIsDesiredRootCA: Adding 0x491857ead79dde00 C=US, O=The Go Daddy Group, Inc., OU=Go Daddy Class 2 Certification Authority
4488.f0c: supR3HardenedWinIsDesiredRootCA: Adding 0xb9ff821d139e9bf OU=GlobalSign ECC Root CA - R5, O=GlobalSign, CN=GlobalSign
4488.f0c: supR3HardenedWinIsDesiredRootCA: Adding 0xc2ba72a37dfbe300 C=PL, O=Unizeto Technologies S.A., OU=Certum Certification Authority, CN=Certum Trusted Network CA
4488.f0c: supR3HardenedWinIsDesiredRootCA: Adding 0x8043e4ce150ead00 C=US, O=DigiCert Inc, OU=www.digicert.com, CN=DigiCert Assured ID Root CA
4488.f0c: supR3HardenedWinRetrieveTrustedRootCAs: cAdded=45
4488.f0c: SUPR3HardenedMain: Load Runtime...
4488.f0c: supR3HardenedMonitor_LdrLoadDll: returns rcNt=0x0 hMod=00007ff9c5b00000 'C:\WINDOWS\system32\rsaenh.dll'
4488.f0c: supR3HardenedMonitor_LdrLoadDll: returns rcNt=0x0 hMod=00007ff9c7050000 'C:\WINDOWS\System32\crypt32.dll'
4488.f0c: supR3HardenedWinVerifyCacheScheduleImports: Import todo: #1 'rpcrt4.dll'.
4488.f0c: supR3HardenedWinVerifyCacheScheduleImports: Import todo: #13 'vcruntime140.dll'.
4488.f0c: supR3HardenedWinVerifyCacheScheduleImports: Import todo: #14 'vcruntime140_1.dll'.
4488.f0c: supR3HardenedWinVerifyCacheScheduleImports: Import todo: #15 'msvcp140.dll'.
4488.f0c: supR3HardenedWinVerifyCacheScheduleImports: Import todo: #16 'ws2_32.dll'.
4488.f0c: supHardenedWinVerifyImageByHandle: -> 0 (\Device\HarddiskVolume3\Program Files\Oracle\VirtualBox\VBoxRT.dll) WinVerifyTrust
4488.f0c: supR3HardenedWinVerifyCacheInsert: \Device\HarddiskVolume3\Program Files\Oracle\VirtualBox\VBoxRT.dll
4488.f0c: supR3HardenedWinVerifyCacheProcessImportTodos: Processing 'ws2_32.dll'...
4488.f0c: supR3HardenedWinVerifyCacheProcessImportTodos: 'ws2_32.dll' -> '\Device\HarddiskVolume3\Windows\System32\ws2_32.dll' [rcNtRedir=0xc0150008]
4488.f0c: supR3HardenedMonitor_LdrLoadDll: returns rcNt=0x0 hMod=00007ff9c5b00000 'C:\WINDOWS\system32\rsaenh.dll'
4488.f0c: supR3HardenedScreenImage/LdrLoadDll: cache hit (VINF_SUCCESS) on \Device\HarddiskVolume3\Windows\System32\crypt32.dll
4488.f0c: supR3HardenedMonitor_LdrLoadDll: pName=C:\WINDOWS\System32\crypt32.dll (Input=crypt32.dll, rcNtResolve=0xc0150008) *pfFlags=0x0 pwszSearchPath=0000000000000001:<flags> [calling]
4488.f0c: supR3HardenedMonitor_LdrLoadDll: returns rcNt=0x0 hMod=00007ff9c7050000 'C:\WINDOWS\System32\crypt32.dll'
4488.f0c: supR3HardenedWinVerifyCacheScheduleImports: Import todo: #29 'rpcrt4.dll'.
4488.f0c: supHardenedWinVerifyImageByHandle: -> 0 (\Device\HarddiskVolume3\Windows\System32\ws2_32.dll) WinVerifyTrust
4488.f0c: supR3HardenedWinVerifyCacheInsert: \Device\HarddiskVolume3\Windows\System32\ws2_32.dll
4488.f0c: supR3HardenedWinVerifyCacheProcessImportTodos: Processing 'msvcp140.dll'...
4488.f0c: supR3HardenedWinVerifyCacheProcessImportTodos: 'msvcp140.dll' -> '\Device\HarddiskVolume3\Windows\System32\msvcp140.dll' [rcNtRedir=0xc0150008]
4488.f0c: supR3HardenedWinVerifyCacheProcessImportTodos: Processing 'rpcrt4.dll'...
4488.f0c: supR3HardenedWinVerifyCacheProcessImportTodos: 'rpcrt4.dll' -> '\Device\HarddiskVolume3\Windows\System32\rpcrt4.dll' [rcNtRedir=0xc0150008]
4488.f0c: supR3HardenedScreenImage/Imports: cache hit (VINF_SUCCESS) on \Device\HarddiskVolume3\Windows\System32\rpcrt4.dll
4488.f0c: supR3HardenedMonitor_LdrLoadDll: returns rcNt=0x0 hMod=00007ff9c5b00000 'C:\WINDOWS\system32\rsaenh.dll'
4488.f0c: supR3HardenedMonitor_LdrLoadDll: returns rcNt=0x0 hMod=00007ff9c7050000 'C:\WINDOWS\System32\crypt32.dll'
4488.f0c: supR3HardenedWinVerifyCacheScheduleImports: Import todo: #0 'vcruntime140.dll'.
4488.f0c: supR3HardenedWinVerifyCacheScheduleImports: Import todo: #1 'vcruntime140_1.dll'.
4488.f0c: supHardenedWinVerifyImageByHandle: -> 0 (\Device\HarddiskVolume3\Windows\System32\msvcp140.dll) WinVerifyTrust
4488.f0c: supR3HardenedWinVerifyCacheInsert: \Device\HarddiskVolume3\Windows\System32\msvcp140.dll
4488.f0c: supR3HardenedWinVerifyCacheProcessImportTodos: Processing 'vcruntime140_1.dll'...
4488.f0c: supR3HardenedWinVerifyCacheProcessImportTodos: 'vcruntime140_1.dll' -> '\Device\HarddiskVolume3\Windows\System32\vcruntime140_1.dll' [rcNtRedir=0xc0150008]
4488.f0c: supR3HardenedScreenImage/LdrLoadDll: cache hit (VINF_SUCCESS) on \Device\HarddiskVolume3\Windows\System32\rsaenh.dll
4488.f0c: supR3HardenedWinVerifyCacheProcessImportTodos: Processing 'vcruntime140_1.dll'...
4488.f0c: supR3HardenedWinVerifyCacheProcessImportTodos: 'vcruntime140_1.dll' -> '\Device\HarddiskVolume3\Windows\System32\vcruntime140_1.dll' [rcNtRedir=0xc0150008]
4488.f0c: Detected WinVerifyTrust recursion: rc=VINF_SUCCESS '\Device\HarddiskVolume3\Windows\System32\vcruntime140_1.dll'.
4488.f0c: supR3HardenedWinVerifyCacheScheduleImports: Import todo: #3 'vcruntime140.dll'.
4488.f0c: supHardenedWinVerifyImageByHandle: -> 0 (\Device\HarddiskVolume3\Windows\System32\vcruntime140_1.dll)
4488.f0c: supR3HardenedWinVerifyCacheInsert: \Device\HarddiskVolume3\Windows\System32\vcruntime140_1.dll
4488.f0c: supR3HardenedWinVerifyCacheProcessImportTodos: Processing 'vcruntime140.dll'...
4488.f0c: supR3HardenedWinVerifyCacheProcessImportTodos: 'vcruntime140.dll' -> '\Device\HarddiskVolume3\Windows\System32\vcruntime140.dll' [rcNtRedir=0xc0150008]
4488.f0c: Detected WinVerifyTrust recursion: rc=VINF_SUCCESS '\Device\HarddiskVolume3\Windows\System32\vcruntime140.dll'.
4488.f0c: supHardenedWinVerifyImageByHandle: -> 0 (\Device\HarddiskVolume3\Windows\System32\vcruntime140.dll)
4488.f0c: supR3HardenedWinVerifyCacheInsert: \Device\HarddiskVolume3\Windows\System32\vcruntime140.dll
4488.f0c: supR3HardenedWinVerifyCacheProcessImportTodos: Processing 'vcruntime140.dll'...
4488.f0c: supR3HardenedWinVerifyCacheProcessImportTodos: 'vcruntime140.dll' -> '\Device\HarddiskVolume3\Windows\System32\vcruntime140.dll' [rcNtRedir=0xc0150008]
4488.f0c: supR3HardenedScreenImage/Imports: cache hit (VINF_SUCCESS) on \Device\HarddiskVolume3\Windows\System32\vcruntime140.dll [lacks WinVerifyTrust]
4488.f0c: supR3HardenedMonitor_LdrLoadDll: pName=C:\WINDOWS\system32\rsaenh.dll (rcNtResolve=0xc0150008) *pfFlags=0x0 pwszSearchPath=0000000000000001:<flags> [calling]
4488.f0c: supR3HardenedMonitor_LdrLoadDll: returns rcNt=0x0 hMod=00007ff9c5b00000 'C:\WINDOWS\system32\rsaenh.dll'
4488.f0c: supR3HardenedMonitor_LdrLoadDll: returns rcNt=0x0 hMod=00007ff9c7050000 'C:\WINDOWS\System32\crypt32.dll'
4488.f0c: supR3HardenedWinVerifyCacheScheduleImports: Import todo: #3 'vcruntime140.dll'.
4488.f0c: supHardenedWinVerifyImageByHandle: -> 0 (\Device\HarddiskVolume3\Windows\System32\vcruntime140_1.dll) WinVerifyTrust
4488.f0c: supR3HardenedWinVerifyCacheProcessImportTodos: Processing 'vcruntime140.dll'...
4488.f0c: supR3HardenedWinVerifyCacheProcessImportTodos: 'vcruntime140.dll' -> '\Device\HarddiskVolume3\Windows\System32\vcruntime140.dll' [rcNtRedir=0xc0150008]
4488.f0c: supR3HardenedScreenImage/Imports: cache hit (VINF_SUCCESS) on \Device\HarddiskVolume3\Windows\System32\vcruntime140.dll [redoing WinVerifyTrust]
4488.f0c: supR3HardenedWinVerifyCacheProcessImportTodos: Processing 'vcruntime140.dll'...
4488.f0c: supR3HardenedWinVerifyCacheProcessImportTodos: 'vcruntime140.dll' -> '\Device\HarddiskVolume3\Windows\System32\vcruntime140.dll' [rcNtRedir=0xc0150008]
4488.f0c: supR3HardenedScreenImage/Imports: cache hit (VINF_SUCCESS) on \Device\HarddiskVolume3\Windows\System32\vcruntime140.dll [lacks WinVerifyTrust]
4488.f0c: supR3HardenedMonitor_LdrLoadDll: returns rcNt=0x0 hMod=00007ff9c5b00000 'C:\WINDOWS\system32\rsaenh.dll'
4488.f0c: supR3HardenedMonitor_LdrLoadDll: returns rcNt=0x0 hMod=00007ff9c7050000 'C:\WINDOWS\System32\crypt32.dll'
4488.f0c: supR3HardenedScreenImage/Imports: 0 (was 0) fWinVerifyTrust=1 for '\Device\HarddiskVolume3\Windows\System32\vcruntime140.dll'
4488.f0c: supR3HardenedWinVerifyCacheProcessImportTodos: Processing 'rpcrt4.dll'...
4488.f0c: supR3HardenedWinVerifyCacheProcessImportTodos: 'rpcrt4.dll' -> '\Device\HarddiskVolume3\Windows\System32\rpcrt4.dll' [rcNtRedir=0xc0150008]
4488.f0c: supR3HardenedScreenImage/Imports: cache hit (VINF_SUCCESS) on \Device\HarddiskVolume3\Windows\System32\rpcrt4.dll
4488.f0c: supR3HardenedMonitor_LdrLoadDll: pName=C:\Program Files\Oracle\VirtualBox\VBoxRT.dll (rcNtResolve=0xc0150008) *pfFlags=0x0 pwszSearchPath=0000000000000a01:<flags> [calling]
4488.f0c: supR3HardenedScreenImage/NtCreateSection: cache hit (VINF_SUCCESS) on \Device\HarddiskVolume3\Program Files\Oracle\VirtualBox\VBoxRT.dll
4488.f0c: supR3HardenedScreenImage/NtCreateSection: cache hit (VINF_SUCCESS) on \Device\HarddiskVolume3\Windows\System32\vcruntime140.dll
4488.f0c: supR3HardenedScreenImage/NtCreateSection: cache hit (VINF_SUCCESS) on \Device\HarddiskVolume3\Windows\System32\vcruntime140_1.dll [avoiding WinVerifyTrust]
4488.f0c: supR3HardenedScreenImage/NtCreateSection: cache hit (VINF_SUCCESS) on \Device\HarddiskVolume3\Windows\System32\msvcp140.dll
4488.f0c: supR3HardenedDllNotificationCallback: load   00007ff9b2980000 LB 0x0001e000 C:\WINDOWS\SYSTEM32\VCRUNTIME140.dll [fFlags=0x0]
4488.f0c: supR3HardenedScreenImage/LdrLoadDll: cache hit (VINF_SUCCESS) on \Device\HarddiskVolume3\Windows\System32\vcruntime140.dll
4488.f0c: supR3HardenedDllNotificationCallback: load   00007ff9aa7d0000 LB 0x0000c000 C:\WINDOWS\SYSTEM32\VCRUNTIME140_1.dll [fFlags=0x0]
4488.f0c: supR3HardenedScreenImage/LdrLoadDll: cache hit (VINF_SUCCESS) on \Device\HarddiskVolume3\Windows\System32\vcruntime140_1.dll [avoiding WinVerifyTrust]
4488.f0c: supR3HardenedDllNotificationCallback: load   00007ff968090000 LB 0x00089000 C:\WINDOWS\SYSTEM32\MSVCP140.dll [fFlags=0x0]
4488.f0c: supR3HardenedScreenImage/LdrLoadDll: cache hit (VINF_SUCCESS) on \Device\HarddiskVolume3\Windows\System32\msvcp140.dll
4488.f0c: supR3HardenedDllNotificationCallback: load   00007ff9c8c20000 LB 0x00080000 C:\WINDOWS\System32\WS2_32.dll [fFlags=0x0]
4488.f0c: supR3HardenedScreenImage/LdrLoadDll: cache hit (VINF_SUCCESS) on \Device\HarddiskVolume3\Windows\System32\ws2_32.dll
4488.f0c: supR3HardenedDllNotificationCallback: load   00007ff960370000 LB 0x007da000 C:\Program Files\Oracle\VirtualBox\VBoxRT.dll [fFlags=0x0]
4488.f0c: supR3HardenedScreenImage/LdrLoadDll: cache hit (VINF_SUCCESS) on \Device\HarddiskVolume3\Program Files\Oracle\VirtualBox\VBoxRT.dll
4488.f0c: Detected loader lock ownership: rc=VINF_SUCCESS '\Device\HarddiskVolume3\Windows\System32\vcruntime140_1.dll'.
4488.f0c: supR3HardenedWinVerifyCacheProcessWvtTodos: 0 (was 0) fWinVerifyTrust=0 for '\Device\HarddiskVolume3\Windows\System32\vcruntime140_1.dll' [rescheduled]
4488.f0c: supR3HardenedIsApiSetDll: ApiSetQueryApiSetPresence(api-ms-win-core-synch-l1-2-0) -> 0x0, fPresent=1
4488.f0c: supR3HardenedMonitor_LdrLoadDll: pName=api-ms-win-core-synch-l1-2-0 (rcNtResolve=0x0) *pfFlags=0x0 pwszSearchPath=0000000000000801:<flags> [calling]
4488.f0c: supR3HardenedMonitor_LdrLoadDll: returns rcNt=0x0 hMod=00007ff9c72a0000 'api-ms-win-core-synch-l1-2-0'
4488.f0c: Detected loader lock ownership: rc=VINF_SUCCESS '\Device\HarddiskVolume3\Windows\System32\vcruntime140_1.dll'.
4488.f0c: supR3HardenedWinVerifyCacheProcessWvtTodos: 0 (was 0) fWinVerifyTrust=0 for '\Device\HarddiskVolume3\Windows\System32\vcruntime140_1.dll' [rescheduled]
4488.f0c: Detected loader lock ownership: rc=VINF_SUCCESS '\Device\HarddiskVolume3\Windows\System32\vcruntime140_1.dll'.
4488.f0c: supR3HardenedWinVerifyCacheProcessWvtTodos: 0 (was 0) fWinVerifyTrust=0 for '\Device\HarddiskVolume3\Windows\System32\vcruntime140_1.dll' [rescheduled]
4488.f0c: supR3HardenedIsApiSetDll: ApiSetQueryApiSetPresence(api-ms-win-core-fibers-l1-1-1) -> 0x0, fPresent=1
4488.f0c: supR3HardenedMonitor_LdrLoadDll: pName=api-ms-win-core-fibers-l1-1-1 (rcNtResolve=0x0) *pfFlags=0x0 pwszSearchPath=0000000000000801:<flags> [calling]
4488.f0c: supR3HardenedMonitor_LdrLoadDll: returns rcNt=0x0 hMod=00007ff9c72a0000 'api-ms-win-core-fibers-l1-1-1'
4488.f0c: Detected loader lock ownership: rc=VINF_SUCCESS '\Device\HarddiskVolume3\Windows\System32\vcruntime140_1.dll'.
4488.f0c: supR3HardenedWinVerifyCacheProcessWvtTodos: 0 (was 0) fWinVerifyTrust=0 for '\Device\HarddiskVolume3\Windows\System32\vcruntime140_1.dll' [rescheduled]
4488.f0c: Detected loader lock ownership: rc=VINF_SUCCESS '\Device\HarddiskVolume3\Windows\System32\vcruntime140_1.dll'.
4488.f0c: supR3HardenedWinVerifyCacheProcessWvtTodos: 0 (was 0) fWinVerifyTrust=0 for '\Device\HarddiskVolume3\Windows\System32\vcruntime140_1.dll' [rescheduled]
4488.f0c: supR3HardenedIsApiSetDll: ApiSetQueryApiSetPresence(api-ms-win-core-synch-l1-2-0) -> 0x0, fPresent=1
4488.f0c: supR3HardenedMonitor_LdrLoadDll: pName=api-ms-win-core-synch-l1-2-0 (rcNtResolve=0x0) *pfFlags=0x0 pwszSearchPath=0000000000000801:<flags> [calling]
4488.f0c: supR3HardenedMonitor_LdrLoadDll: returns rcNt=0x0 hMod=00007ff9c72a0000 'api-ms-win-core-synch-l1-2-0'
4488.f0c: Detected loader lock ownership: rc=VINF_SUCCESS '\Device\HarddiskVolume3\Windows\System32\vcruntime140_1.dll'.
4488.f0c: supR3HardenedWinVerifyCacheProcessWvtTodos: 0 (was 0) fWinVerifyTrust=0 for '\Device\HarddiskVolume3\Windows\System32\vcruntime140_1.dll' [rescheduled]
4488.f0c: Detected loader lock ownership: rc=VINF_SUCCESS '\Device\HarddiskVolume3\Windows\System32\vcruntime140_1.dll'.
4488.f0c: supR3HardenedWinVerifyCacheProcessWvtTodos: 0 (was 0) fWinVerifyTrust=0 for '\Device\HarddiskVolume3\Windows\System32\vcruntime140_1.dll' [rescheduled]
4488.f0c: supR3HardenedIsApiSetDll: ApiSetQueryApiSetPresence(api-ms-win-core-fibers-l1-1-1) -> 0x0, fPresent=1
4488.f0c: supR3HardenedMonitor_LdrLoadDll: pName=api-ms-win-core-fibers-l1-1-1 (rcNtResolve=0x0) *pfFlags=0x0 pwszSearchPath=0000000000000801:<flags> [calling]
4488.f0c: supR3HardenedMonitor_LdrLoadDll: returns rcNt=0x0 hMod=00007ff9c72a0000 'api-ms-win-core-fibers-l1-1-1'
4488.f0c: Detected loader lock ownership: rc=VINF_SUCCESS '\Device\HarddiskVolume3\Windows\System32\vcruntime140_1.dll'.
4488.f0c: supR3HardenedWinVerifyCacheProcessWvtTodos: 0 (was 0) fWinVerifyTrust=0 for '\Device\HarddiskVolume3\Windows\System32\vcruntime140_1.dll' [rescheduled]
4488.f0c: Detected loader lock ownership: rc=VINF_SUCCESS '\Device\HarddiskVolume3\Windows\System32\vcruntime140_1.dll'.
4488.f0c: supR3HardenedWinVerifyCacheProcessWvtTodos: 0 (was 0) fWinVerifyTrust=0 for '\Device\HarddiskVolume3\Windows\System32\vcruntime140_1.dll' [rescheduled]
4488.f0c: supR3HardenedScreenImage/LdrLoadDll: cache hit (VINF_SUCCESS) on \Device\HarddiskVolume3\Program Files\Oracle\VirtualBox\VBoxRT.dll
4488.f0c: supR3HardenedMonitor_LdrLoadDll: pName=C:\Program Files\Oracle\VirtualBox\VBoxRT.dll (rcNtResolve=0xc0150008) *pfFlags=0x0 pwszSearchPath=0000000000000001:<flags> [calling]
4488.f0c: supR3HardenedMonitor_LdrLoadDll: returns rcNt=0x0 hMod=00007ff960370000 'C:\Program Files\Oracle\VirtualBox\VBoxRT.dll'
4488.f0c: Detected loader lock ownership: rc=VINF_SUCCESS '\Device\HarddiskVolume3\Windows\System32\vcruntime140_1.dll'.
4488.f0c: supR3HardenedWinVerifyCacheProcessWvtTodos: 0 (was 0) fWinVerifyTrust=0 for '\Device\HarddiskVolume3\Windows\System32\vcruntime140_1.dll' [rescheduled]
4488.f0c: Detected loader lock ownership: rc=VINF_SUCCESS '\Device\HarddiskVolume3\Windows\System32\vcruntime140_1.dll'.
4488.f0c: supR3HardenedWinVerifyCacheProcessWvtTodos: 0 (was 0) fWinVerifyTrust=0 for '\Device\HarddiskVolume3\Windows\System32\vcruntime140_1.dll' [rescheduled]
4488.f0c: supR3HardenedScreenImage/LdrLoadDll: cache hit (VINF_SUCCESS) on \Device\HarddiskVolume3\Program Files\Oracle\VirtualBox\VBoxRT.dll
4488.f0c: supR3HardenedMonitor_LdrLoadDll: pName=C:\Program Files\Oracle\VirtualBox\VBoxRT.dll (rcNtResolve=0xc0150008) *pfFlags=0x0 pwszSearchPath=0000000000000001:<flags> [calling]
4488.f0c: supR3HardenedMonitor_LdrLoadDll: returns rcNt=0x0 hMod=00007ff960370000 'C:\Program Files\Oracle\VirtualBox\VBoxRT.dll'
4488.f0c: Detected loader lock ownership: rc=VINF_SUCCESS '\Device\HarddiskVolume3\Windows\System32\vcruntime140_1.dll'.
4488.f0c: supR3HardenedWinVerifyCacheProcessWvtTodos: 0 (was 0) fWinVerifyTrust=0 for '\Device\HarddiskVolume3\Windows\System32\vcruntime140_1.dll' [rescheduled]
4488.f0c: Detected loader lock ownership: rc=VINF_SUCCESS '\Device\HarddiskVolume3\Windows\System32\vcruntime140_1.dll'.
4488.f0c: supR3HardenedWinVerifyCacheProcessWvtTodos: 0 (was 0) fWinVerifyTrust=0 for '\Device\HarddiskVolume3\Windows\System32\vcruntime140_1.dll' [rescheduled]
4488.f0c: supR3HardenedScreenImage/LdrLoadDll: cache hit (VINF_SUCCESS) on \Device\HarddiskVolume3\Program Files\Oracle\VirtualBox\VBoxRT.dll
4488.f0c: supR3HardenedMonitor_LdrLoadDll: pName=C:\Program Files\Oracle\VirtualBox\VBoxRT.dll (rcNtResolve=0xc0150008) *pfFlags=0x0 pwszSearchPath=0000000000000001:<flags> [calling]
4488.f0c: supR3HardenedMonitor_LdrLoadDll: returns rcNt=0x0 hMod=00007ff960370000 'C:\Program Files\Oracle\VirtualBox\VBoxRT.dll'
4488.f0c: Detected loader lock ownership: rc=VINF_SUCCESS '\Device\HarddiskVolume3\Windows\System32\vcruntime140_1.dll'.
4488.f0c: supR3HardenedWinVerifyCacheProcessWvtTodos: 0 (was 0) fWinVerifyTrust=0 for '\Device\HarddiskVolume3\Windows\System32\vcruntime140_1.dll' [rescheduled]
4488.f0c: Detected loader lock ownership: rc=VINF_SUCCESS '\Device\HarddiskVolume3\Windows\System32\vcruntime140_1.dll'.
4488.f0c: supR3HardenedWinVerifyCacheProcessWvtTodos: 0 (was 0) fWinVerifyTrust=0 for '\Device\HarddiskVolume3\Windows\System32\vcruntime140_1.dll' [rescheduled]
4488.f0c: supR3HardenedScreenImage/LdrLoadDll: cache hit (VINF_SUCCESS) on \Device\HarddiskVolume3\Program Files\Oracle\VirtualBox\VBoxRT.dll
4488.f0c: supR3HardenedMonitor_LdrLoadDll: pName=C:\Program Files\Oracle\VirtualBox\VBoxRT.dll (rcNtResolve=0xc0150008) *pfFlags=0x0 pwszSearchPath=0000000000000001:<flags> [calling]
4488.f0c: supR3HardenedMonitor_LdrLoadDll: returns rcNt=0x0 hMod=00007ff960370000 'C:\Program Files\Oracle\VirtualBox\VBoxRT.dll'
4488.f0c: Detected loader lock ownership: rc=VINF_SUCCESS '\Device\HarddiskVolume3\Windows\System32\vcruntime140_1.dll'.
4488.f0c: supR3HardenedWinVerifyCacheProcessWvtTodos: 0 (was 0) fWinVerifyTrust=0 for '\Device\HarddiskVolume3\Windows\System32\vcruntime140_1.dll' [rescheduled]
4488.f0c: Detected loader lock ownership: rc=VINF_SUCCESS '\Device\HarddiskVolume3\Windows\System32\vcruntime140_1.dll'.
4488.f0c: supR3HardenedWinVerifyCacheProcessWvtTodos: 0 (was 0) fWinVerifyTrust=0 for '\Device\HarddiskVolume3\Windows\System32\vcruntime140_1.dll' [rescheduled]
4488.f0c: supR3HardenedScreenImage/LdrLoadDll: cache hit (VINF_SUCCESS) on \Device\HarddiskVolume3\Program Files\Oracle\VirtualBox\VBoxRT.dll
4488.f0c: supR3HardenedMonitor_LdrLoadDll: pName=C:\Program Files\Oracle\VirtualBox\VBoxRT.dll (rcNtResolve=0xc0150008) *pfFlags=0x0 pwszSearchPath=0000000000000001:<flags> [calling]
4488.f0c: supR3HardenedMonitor_LdrLoadDll: returns rcNt=0x0 hMod=00007ff960370000 'C:\Program Files\Oracle\VirtualBox\VBoxRT.dll'
4488.f0c: Detected loader lock ownership: rc=VINF_SUCCESS '\Device\HarddiskVolume3\Windows\System32\vcruntime140_1.dll'.
4488.f0c: supR3HardenedWinVerifyCacheProcessWvtTodos: 0 (was 0) fWinVerifyTrust=0 for '\Device\HarddiskVolume3\Windows\System32\vcruntime140_1.dll' [rescheduled]
4488.f0c: Detected loader lock ownership: rc=VINF_SUCCESS '\Device\HarddiskVolume3\Windows\System32\vcruntime140_1.dll'.
4488.f0c: supR3HardenedWinVerifyCacheProcessWvtTodos: 0 (was 0) fWinVerifyTrust=0 for '\Device\HarddiskVolume3\Windows\System32\vcruntime140_1.dll' [rescheduled]
4488.f0c: supR3HardenedScreenImage/LdrLoadDll: cache hit (VINF_SUCCESS) on \Device\HarddiskVolume3\Program Files\Oracle\VirtualBox\VBoxRT.dll
4488.f0c: supR3HardenedMonitor_LdrLoadDll: pName=C:\Program Files\Oracle\VirtualBox\VBoxRT.dll (rcNtResolve=0xc0150008) *pfFlags=0x0 pwszSearchPath=0000000000000001:<flags> [calling]
4488.f0c: supR3HardenedMonitor_LdrLoadDll: returns rcNt=0x0 hMod=00007ff960370000 'C:\Program Files\Oracle\VirtualBox\VBoxRT.dll'
4488.f0c: Detected loader lock ownership: rc=VINF_SUCCESS '\Device\HarddiskVolume3\Windows\System32\vcruntime140_1.dll'.
4488.f0c: supR3HardenedWinVerifyCacheProcessWvtTodos: 0 (was 0) fWinVerifyTrust=0 for '\Device\HarddiskVolume3\Windows\System32\vcruntime140_1.dll' [rescheduled]
4488.f0c: Detected loader lock ownership: rc=VINF_SUCCESS '\Device\HarddiskVolume3\Windows\System32\vcruntime140_1.dll'.
4488.f0c: supR3HardenedWinVerifyCacheProcessWvtTodos: 0 (was 0) fWinVerifyTrust=0 for '\Device\HarddiskVolume3\Windows\System32\vcruntime140_1.dll' [rescheduled]
4488.f0c: supR3HardenedMonitor_LdrLoadDll: returns rcNt=0x0 hMod=00007ff960370000 'C:\Program Files\Oracle\VirtualBox\VBoxRT.dll'
4488.f0c: Detected loader lock ownership: rc=VINF_SUCCESS '\Device\HarddiskVolume3\Windows\System32\vcruntime140_1.dll'.
4488.f0c: supR3HardenedWinVerifyCacheProcessWvtTodos: 0 (was 0) fWinVerifyTrust=0 for '\Device\HarddiskVolume3\Windows\System32\vcruntime140_1.dll' [rescheduled]
4488.f0c: Detected loader lock ownership: rc=VINF_SUCCESS '\Device\HarddiskVolume3\Windows\System32\vcruntime140_1.dll'.
4488.f0c: supR3HardenedWinVerifyCacheProcessWvtTodos: 0 (was 0) fWinVerifyTrust=0 for '\Device\HarddiskVolume3\Windows\System32\vcruntime140_1.dll' [rescheduled]
4488.f0c: supR3HardenedMonitor_LdrLoadDll: returns rcNt=0x0 hMod=00007ff960370000 'C:\Program Files\Oracle\VirtualBox\VBoxRT.dll'
4488.f0c: Detected loader lock ownership: rc=VINF_SUCCESS '\Device\HarddiskVolume3\Windows\System32\vcruntime140_1.dll'.
4488.f0c: supR3HardenedWinVerifyCacheProcessWvtTodos: 0 (was 0) fWinVerifyTrust=0 for '\Device\HarddiskVolume3\Windows\System32\vcruntime140_1.dll' [rescheduled]
4488.f0c: Detected loader lock ownership: rc=VINF_SUCCESS '\Device\HarddiskVolume3\Windows\System32\vcruntime140_1.dll'.
4488.f0c: supR3HardenedWinVerifyCacheProcessWvtTodos: 0 (was 0) fWinVerifyTrust=0 for '\Device\HarddiskVolume3\Windows\System32\vcruntime140_1.dll' [rescheduled]
4488.f0c: supR3HardenedMonitor_LdrLoadDll: returns rcNt=0x0 hMod=00007ff960370000 'C:\Program Files\Oracle\VirtualBox\VBoxRT.dll'
4488.f0c: Detected loader lock ownership: rc=VINF_SUCCESS '\Device\HarddiskVolume3\Windows\System32\vcruntime140_1.dll'.
4488.f0c: supR3HardenedWinVerifyCacheProcessWvtTodos: 0 (was 0) fWinVerifyTrust=0 for '\Device\HarddiskVolume3\Windows\System32\vcruntime140_1.dll' [rescheduled]
4488.f0c: Detected loader lock ownership: rc=VINF_SUCCESS '\Device\HarddiskVolume3\Windows\System32\vcruntime140_1.dll'.
4488.f0c: supR3HardenedWinVerifyCacheProcessWvtTodos: 0 (was 0) fWinVerifyTrust=0 for '\Device\HarddiskVolume3\Windows\System32\vcruntime140_1.dll' [rescheduled]
4488.f0c: supR3HardenedMonitor_LdrLoadDll: returns rcNt=0x0 hMod=00007ff960370000 'C:\Program Files\Oracle\VirtualBox\VBoxRT.dll'
4488.f0c: Detected loader lock ownership: rc=VINF_SUCCESS '\Device\HarddiskVolume3\Windows\System32\vcruntime140_1.dll'.
4488.f0c: supR3HardenedWinVerifyCacheProcessWvtTodos: 0 (was 0) fWinVerifyTrust=0 for '\Device\HarddiskVolume3\Windows\System32\vcruntime140_1.dll' [rescheduled]
4488.f0c: Detected loader lock ownership: rc=VINF_SUCCESS '\Device\HarddiskVolume3\Windows\System32\vcruntime140_1.dll'.
4488.f0c: supR3HardenedWinVerifyCacheProcessWvtTodos: 0 (was 0) fWinVerifyTrust=0 for '\Device\HarddiskVolume3\Windows\System32\vcruntime140_1.dll' [rescheduled]
4488.f0c: supR3HardenedMonitor_LdrLoadDll: returns rcNt=0x0 hMod=00007ff960370000 'C:\Program Files\Oracle\VirtualBox\VBoxRT.dll'
4488.f0c: Detected loader lock ownership: rc=VINF_SUCCESS '\Device\HarddiskVolume3\Windows\System32\vcruntime140_1.dll'.
4488.f0c: supR3HardenedWinVerifyCacheProcessWvtTodos: 0 (was 0) fWinVerifyTrust=0 for '\Device\HarddiskVolume3\Windows\System32\vcruntime140_1.dll' [rescheduled]
4488.f0c: Detected loader lock ownership: rc=VINF_SUCCESS '\Device\HarddiskVolume3\Windows\System32\vcruntime140_1.dll'.
4488.f0c: supR3HardenedWinVerifyCacheProcessWvtTodos: 0 (was 0) fWinVerifyTrust=0 for '\Device\HarddiskVolume3\Windows\System32\vcruntime140_1.dll' [rescheduled]
4488.f0c: supR3HardenedMonitor_LdrLoadDll: returns rcNt=0x0 hMod=00007ff960370000 'C:\Program Files\Oracle\VirtualBox\VBoxRT.dll'
4488.f0c: Detected loader lock ownership: rc=VINF_SUCCESS '\Device\HarddiskVolume3\Windows\System32\vcruntime140_1.dll'.
4488.f0c: supR3HardenedWinVerifyCacheProcessWvtTodos: 0 (was 0) fWinVerifyTrust=0 for '\Device\HarddiskVolume3\Windows\System32\vcruntime140_1.dll' [rescheduled]
4488.f0c: Detected loader lock ownership: rc=VINF_SUCCESS '\Device\HarddiskVolume3\Windows\System32\vcruntime140_1.dll'.
4488.f0c: supR3HardenedWinVerifyCacheProcessWvtTodos: 0 (was 0) fWinVerifyTrust=0 for '\Device\HarddiskVolume3\Windows\System32\vcruntime140_1.dll' [rescheduled]
4488.f0c: supR3HardenedMonitor_LdrLoadDll: returns rcNt=0x0 hMod=00007ff960370000 'C:\Program Files\Oracle\VirtualBox\VBoxRT.dll'
4488.f0c: Detected loader lock ownership: rc=VINF_SUCCESS '\Device\HarddiskVolume3\Windows\System32\vcruntime140_1.dll'.
4488.f0c: supR3HardenedWinVerifyCacheProcessWvtTodos: 0 (was 0) fWinVerifyTrust=0 for '\Device\HarddiskVolume3\Windows\System32\vcruntime140_1.dll' [rescheduled]
4488.f0c: Detected loader lock ownership: rc=VINF_SUCCESS '\Device\HarddiskVolume3\Windows\System32\vcruntime140_1.dll'.
4488.f0c: supR3HardenedWinVerifyCacheProcessWvtTodos: 0 (was 0) fWinVerifyTrust=0 for '\Device\HarddiskVolume3\Windows\System32\vcruntime140_1.dll' [rescheduled]
4488.f0c: supR3HardenedScreenImage/LdrLoadDll: cache hit (VINF_SUCCESS) on \Device\HarddiskVolume3\Program Files\Oracle\VirtualBox\VBoxRT.dll
4488.f0c: supR3HardenedMonitor_LdrLoadDll: pName=C:\Program Files\Oracle\VirtualBox\VBoxRT.dll (rcNtResolve=0xc0150008) *pfFlags=0x0 pwszSearchPath=0000000000000001:<flags> [calling]
4488.f0c: supR3HardenedMonitor_LdrLoadDll: returns rcNt=0x0 hMod=00007ff960370000 'C:\Program Files\Oracle\VirtualBox\VBoxRT.dll'
4488.f0c: Detected loader lock ownership: rc=VINF_SUCCESS '\Device\HarddiskVolume3\Windows\System32\vcruntime140_1.dll'.
4488.f0c: supR3HardenedWinVerifyCacheProcessWvtTodos: 0 (was 0) fWinVerifyTrust=0 for '\Device\HarddiskVolume3\Windows\System32\vcruntime140_1.dll' [rescheduled]
4488.f0c: Detected loader lock ownership: rc=VINF_SUCCESS '\Device\HarddiskVolume3\Windows\System32\vcruntime140_1.dll'.
4488.f0c: supR3HardenedWinVerifyCacheProcessWvtTodos: 0 (was 0) fWinVerifyTrust=0 for '\Device\HarddiskVolume3\Windows\System32\vcruntime140_1.dll' [rescheduled]
4488.f0c: supR3HardenedMonitor_LdrLoadDll: returns rcNt=0x0 hMod=00007ff960370000 'C:\Program Files\Oracle\VirtualBox\VBoxRT.dll'
4488.f0c: Detected loader lock ownership: rc=VINF_SUCCESS '\Device\HarddiskVolume3\Windows\System32\vcruntime140_1.dll'.
4488.f0c: supR3HardenedWinVerifyCacheProcessWvtTodos: 0 (was 0) fWinVerifyTrust=0 for '\Device\HarddiskVolume3\Windows\System32\vcruntime140_1.dll' [rescheduled]
4488.f0c: Detected loader lock ownership: rc=VINF_SUCCESS '\Device\HarddiskVolume3\Windows\System32\vcruntime140_1.dll'.
4488.f0c: supR3HardenedWinVerifyCacheProcessWvtTodos: 0 (was 0) fWinVerifyTrust=0 for '\Device\HarddiskVolume3\Windows\System32\vcruntime140_1.dll' [rescheduled]
4488.f0c: supR3HardenedMonitor_LdrLoadDll: returns rcNt=0x0 hMod=00007ff960370000 'C:\Program Files\Oracle\VirtualBox\VBoxRT.dll'
4488.f0c: Detected loader lock ownership: rc=VINF_SUCCESS '\Device\HarddiskVolume3\Windows\System32\vcruntime140_1.dll'.
4488.f0c: supR3HardenedWinVerifyCacheProcessWvtTodos: 0 (was 0) fWinVerifyTrust=0 for '\Device\HarddiskVolume3\Windows\System32\vcruntime140_1.dll' [rescheduled]
4488.f0c: Detected loader lock ownership: rc=VINF_SUCCESS '\Device\HarddiskVolume3\Windows\System32\vcruntime140_1.dll'.
4488.f0c: supR3HardenedWinVerifyCacheProcessWvtTodos: 0 (was 0) fWinVerifyTrust=0 for '\Device\HarddiskVolume3\Windows\System32\vcruntime140_1.dll' [rescheduled]
4488.f0c: supR3HardenedMonitor_LdrLoadDll: returns rcNt=0x0 hMod=00007ff960370000 'C:\Program Files\Oracle\VirtualBox\VBoxRT.dll'
4488.f0c: Detected loader lock ownership: rc=VINF_SUCCESS '\Device\HarddiskVolume3\Windows\System32\vcruntime140_1.dll'.
4488.f0c: supR3HardenedWinVerifyCacheProcessWvtTodos: 0 (was 0) fWinVerifyTrust=0 for '\Device\HarddiskVolume3\Windows\System32\vcruntime140_1.dll' [rescheduled]
4488.f0c: Detected loader lock ownership: rc=VINF_SUCCESS '\Device\HarddiskVolume3\Windows\System32\vcruntime140_1.dll'.
4488.f0c: supR3HardenedWinVerifyCacheProcessWvtTodos: 0 (was 0) fWinVerifyTrust=0 for '\Device\HarddiskVolume3\Windows\System32\vcruntime140_1.dll' [rescheduled]
4488.f0c: supR3HardenedMonitor_LdrLoadDll: returns rcNt=0x0 hMod=00007ff960370000 'C:\Program Files\Oracle\VirtualBox\VBoxRT.dll'
4488.f0c: Detected loader lock ownership: rc=VINF_SUCCESS '\Device\HarddiskVolume3\Windows\System32\vcruntime140_1.dll'.
4488.f0c: supR3HardenedWinVerifyCacheProcessWvtTodos: 0 (was 0) fWinVerifyTrust=0 for '\Device\HarddiskVolume3\Windows\System32\vcruntime140_1.dll' [rescheduled]
4488.f0c: Detected loader lock ownership: rc=VINF_SUCCESS '\Device\HarddiskVolume3\Windows\System32\vcruntime140_1.dll'.
4488.f0c: supR3HardenedWinVerifyCacheProcessWvtTodos: 0 (was 0) fWinVerifyTrust=0 for '\Device\HarddiskVolume3\Windows\System32\vcruntime140_1.dll' [rescheduled]
4488.f0c: supR3HardenedMonitor_LdrLoadDll: returns rcNt=0x0 hMod=00007ff960370000 'C:\Program Files\Oracle\VirtualBox\VBoxRT.dll'
4488.f0c: Detected loader lock ownership: rc=VINF_SUCCESS '\Device\HarddiskVolume3\Windows\System32\vcruntime140_1.dll'.
4488.f0c: supR3HardenedWinVerifyCacheProcessWvtTodos: 0 (was 0) fWinVerifyTrust=0 for '\Device\HarddiskVolume3\Windows\System32\vcruntime140_1.dll' [rescheduled]
4488.f0c: Detected loader lock ownership: rc=VINF_SUCCESS '\Device\HarddiskVolume3\Windows\System32\vcruntime140_1.dll'.
4488.f0c: supR3HardenedWinVerifyCacheProcessWvtTodos: 0 (was 0) fWinVerifyTrust=0 for '\Device\HarddiskVolume3\Windows\System32\vcruntime140_1.dll' [rescheduled]
4488.f0c: supR3HardenedMonitor_LdrLoadDll: returns rcNt=0x0 hMod=00007ff960370000 'C:\Program Files\Oracle\VirtualBox\VBoxRT.dll'
4488.f0c: Detected loader lock ownership: rc=VINF_SUCCESS '\Device\HarddiskVolume3\Windows\System32\vcruntime140_1.dll'.
4488.f0c: supR3HardenedWinVerifyCacheProcessWvtTodos: 0 (was 0) fWinVerifyTrust=0 for '\Device\HarddiskVolume3\Windows\System32\vcruntime140_1.dll' [rescheduled]
4488.f0c: Detected loader lock ownership: rc=VINF_SUCCESS '\Device\HarddiskVolume3\Windows\System32\vcruntime140_1.dll'.
4488.f0c: supR3HardenedWinVerifyCacheProcessWvtTodos: 0 (was 0) fWinVerifyTrust=0 for '\Device\HarddiskVolume3\Windows\System32\vcruntime140_1.dll' [rescheduled]
4488.f0c: supR3HardenedMonitor_LdrLoadDll: returns rcNt=0x0 hMod=00007ff960370000 'C:\Program Files\Oracle\VirtualBox\VBoxRT.dll'
4488.f0c: Detected loader lock ownership: rc=VINF_SUCCESS '\Device\HarddiskVolume3\Windows\System32\vcruntime140_1.dll'.
4488.f0c: supR3HardenedWinVerifyCacheProcessWvtTodos: 0 (was 0) fWinVerifyTrust=0 for '\Device\HarddiskVolume3\Windows\System32\vcruntime140_1.dll' [rescheduled]
4488.f0c: Detected loader lock ownership: rc=VINF_SUCCESS '\Device\HarddiskVolume3\Windows\System32\vcruntime140_1.dll'.
4488.f0c: supR3HardenedWinVerifyCacheProcessWvtTodos: 0 (was 0) fWinVerifyTrust=0 for '\Device\HarddiskVolume3\Windows\System32\vcruntime140_1.dll' [rescheduled]
4488.f0c: supR3HardenedMonitor_LdrLoadDll: returns rcNt=0x0 hMod=00007ff960370000 'C:\Program Files\Oracle\VirtualBox\VBoxRT.dll'
4488.f0c: Detected loader lock ownership: rc=VINF_SUCCESS '\Device\HarddiskVolume3\Windows\System32\vcruntime140_1.dll'.
4488.f0c: supR3HardenedWinVerifyCacheProcessWvtTodos: 0 (was 0) fWinVerifyTrust=0 for '\Device\HarddiskVolume3\Windows\System32\vcruntime140_1.dll' [rescheduled]
4488.f0c: Detected loader lock ownership: rc=VINF_SUCCESS '\Device\HarddiskVolume3\Windows\System32\vcruntime140_1.dll'.
4488.f0c: supR3HardenedWinVerifyCacheProcessWvtTodos: 0 (was 0) fWinVerifyTrust=0 for '\Device\HarddiskVolume3\Windows\System32\vcruntime140_1.dll' [rescheduled]
4488.f0c: supR3HardenedMonitor_LdrLoadDll: returns rcNt=0x0 hMod=00007ff960370000 'C:\Program Files\Oracle\VirtualBox\VBoxRT.dll'
4488.f0c: Detected loader lock ownership: rc=VINF_SUCCESS '\Device\HarddiskVolume3\Windows\System32\vcruntime140_1.dll'.
4488.f0c: supR3HardenedWinVerifyCacheProcessWvtTodos: 0 (was 0) fWinVerifyTrust=0 for '\Device\HarddiskVolume3\Windows\System32\vcruntime140_1.dll' [rescheduled]
4488.f0c: Detected loader lock ownership: rc=VINF_SUCCESS '\Device\HarddiskVolume3\Windows\System32\vcruntime140_1.dll'.
4488.f0c: supR3HardenedWinVerifyCacheProcessWvtTodos: 0 (was 0) fWinVerifyTrust=0 for '\Device\HarddiskVolume3\Windows\System32\vcruntime140_1.dll' [rescheduled]
4488.f0c: supR3HardenedMonitor_LdrLoadDll: returns rcNt=0x0 hMod=00007ff960370000 'C:\Program Files\Oracle\VirtualBox\VBoxRT.dll'
4488.f0c: Detected loader lock ownership: rc=VINF_SUCCESS '\Device\HarddiskVolume3\Windows\System32\vcruntime140_1.dll'.
4488.f0c: supR3HardenedWinVerifyCacheProcessWvtTodos: 0 (was 0) fWinVerifyTrust=0 for '\Device\HarddiskVolume3\Windows\System32\vcruntime140_1.dll' [rescheduled]
4488.f0c: Detected loader lock ownership: rc=VINF_SUCCESS '\Device\HarddiskVolume3\Windows\System32\vcruntime140_1.dll'.
4488.f0c: supR3HardenedWinVerifyCacheProcessWvtTodos: 0 (was 0) fWinVerifyTrust=0 for '\Device\HarddiskVolume3\Windows\System32\vcruntime140_1.dll' [rescheduled]
4488.f0c: supR3HardenedMonitor_LdrLoadDll: returns rcNt=0x0 hMod=00007ff960370000 'C:\Program Files\Oracle\VirtualBox\VBoxRT.dll'
4488.f0c: Detected loader lock ownership: rc=VINF_SUCCESS '\Device\HarddiskVolume3\Windows\System32\vcruntime140_1.dll'.
4488.f0c: supR3HardenedWinVerifyCacheProcessWvtTodos: 0 (was 0) fWinVerifyTrust=0 for '\Device\HarddiskVolume3\Windows\System32\vcruntime140_1.dll' [rescheduled]
4488.f0c: Detected loader lock ownership: rc=VINF_SUCCESS '\Device\HarddiskVolume3\Windows\System32\vcruntime140_1.dll'.
4488.f0c: supR3HardenedWinVerifyCacheProcessWvtTodos: 0 (was 0) fWinVerifyTrust=0 for '\Device\HarddiskVolume3\Windows\System32\vcruntime140_1.dll' [rescheduled]
4488.f0c: supR3HardenedMonitor_LdrLoadDll: returns rcNt=0x0 hMod=00007ff960370000 'C:\Program Files\Oracle\VirtualBox\VBoxRT.dll'
4488.f0c: Detected loader lock ownership: rc=VINF_SUCCESS '\Device\HarddiskVolume3\Windows\System32\vcruntime140_1.dll'.
4488.f0c: supR3HardenedWinVerifyCacheProcessWvtTodos: 0 (was 0) fWinVerifyTrust=0 for '\Device\HarddiskVolume3\Windows\System32\vcruntime140_1.dll' [rescheduled]
4488.f0c: Detected loader lock ownership: rc=VINF_SUCCESS '\Device\HarddiskVolume3\Windows\System32\vcruntime140_1.dll'.
4488.f0c: supR3HardenedWinVerifyCacheProcessWvtTodos: 0 (was 0) fWinVerifyTrust=0 for '\Device\HarddiskVolume3\Windows\System32\vcruntime140_1.dll' [rescheduled]
4488.f0c: supR3HardenedMonitor_LdrLoadDll: returns rcNt=0x0 hMod=00007ff960370000 'C:\Program Files\Oracle\VirtualBox\VBoxRT.dll'
4488.f0c: Detected loader lock ownership: rc=VINF_SUCCESS '\Device\HarddiskVolume3\Windows\System32\vcruntime140_1.dll'.
4488.f0c: supR3HardenedWinVerifyCacheProcessWvtTodos: 0 (was 0) fWinVerifyTrust=0 for '\Device\HarddiskVolume3\Windows\System32\vcruntime140_1.dll' [rescheduled]
4488.f0c: Detected loader lock ownership: rc=VINF_SUCCESS '\Device\HarddiskVolume3\Windows\System32\vcruntime140_1.dll'.
4488.f0c: supR3HardenedWinVerifyCacheProcessWvtTodos: 0 (was 0) fWinVerifyTrust=0 for '\Device\HarddiskVolume3\Windows\System32\vcruntime140_1.dll' [rescheduled]
4488.f0c: supR3HardenedMonitor_LdrLoadDll: returns rcNt=0x0 hMod=00007ff960370000 'C:\Program Files\Oracle\VirtualBox\VBoxRT.dll'
4488.f0c: Detected loader lock ownership: rc=VINF_SUCCESS '\Device\HarddiskVolume3\Windows\System32\vcruntime140_1.dll'.
4488.f0c: supR3HardenedWinVerifyCacheProcessWvtTodos: 0 (was 0) fWinVerifyTrust=0 for '\Device\HarddiskVolume3\Windows\System32\vcruntime140_1.dll' [rescheduled]
4488.f0c: Detected loader lock ownership: rc=VINF_SUCCESS '\Device\HarddiskVolume3\Windows\System32\vcruntime140_1.dll'.
4488.f0c: supR3HardenedWinVerifyCacheProcessWvtTodos: 0 (was 0) fWinVerifyTrust=0 for '\Device\HarddiskVolume3\Windows\System32\vcruntime140_1.dll' [rescheduled]
4488.f0c: supR3HardenedMonitor_LdrLoadDll: returns rcNt=0x0 hMod=00007ff960370000 'C:\Program Files\Oracle\VirtualBox\VBoxRT.dll'
4488.f0c: Detected loader lock ownership: rc=VINF_SUCCESS '\Device\HarddiskVolume3\Windows\System32\vcruntime140_1.dll'.
4488.f0c: supR3HardenedWinVerifyCacheProcessWvtTodos: 0 (was 0) fWinVerifyTrust=0 for '\Device\HarddiskVolume3\Windows\System32\vcruntime140_1.dll' [rescheduled]
4488.f0c: Detected loader lock ownership: rc=VINF_SUCCESS '\Device\HarddiskVolume3\Windows\System32\vcruntime140_1.dll'.
4488.f0c: supR3HardenedWinVerifyCacheProcessWvtTodos: 0 (was 0) fWinVerifyTrust=0 for '\Device\HarddiskVolume3\Windows\System32\vcruntime140_1.dll' [rescheduled]
4488.f0c: supR3HardenedScreenImage/LdrLoadDll: cache hit (VINF_SUCCESS) on \Device\HarddiskVolume3\Program Files\Oracle\VirtualBox\VBoxRT.dll
4488.f0c: supR3HardenedMonitor_LdrLoadDll: pName=C:\Program Files\Oracle\VirtualBox\VBoxRT.dll (rcNtResolve=0xc0150008) *pfFlags=0x0 pwszSearchPath=0000000000000001:<flags> [calling]
4488.f0c: supR3HardenedMonitor_LdrLoadDll: returns rcNt=0x0 hMod=00007ff960370000 'C:\Program Files\Oracle\VirtualBox\VBoxRT.dll'
4488.f0c: Detected loader lock ownership: rc=VINF_SUCCESS '\Device\HarddiskVolume3\Windows\System32\vcruntime140_1.dll'.
4488.f0c: supR3HardenedWinVerifyCacheProcessWvtTodos: 0 (was 0) fWinVerifyTrust=0 for '\Device\HarddiskVolume3\Windows\System32\vcruntime140_1.dll' [rescheduled]
4488.f0c: Detected loader lock ownership: rc=VINF_SUCCESS '\Device\HarddiskVolume3\Windows\System32\vcruntime140_1.dll'.
4488.f0c: supR3HardenedWinVerifyCacheProcessWvtTodos: 0 (was 0) fWinVerifyTrust=0 for '\Device\HarddiskVolume3\Windows\System32\vcruntime140_1.dll' [rescheduled]
4488.f0c: supR3HardenedMonitor_LdrLoadDll: returns rcNt=0x0 hMod=00007ff960370000 'C:\Program Files\Oracle\VirtualBox\VBoxRT.dll'
4488.f0c: Detected loader lock ownership: rc=VINF_SUCCESS '\Device\HarddiskVolume3\Windows\System32\vcruntime140_1.dll'.
4488.f0c: supR3HardenedWinVerifyCacheProcessWvtTodos: 0 (was 0) fWinVerifyTrust=0 for '\Device\HarddiskVolume3\Windows\System32\vcruntime140_1.dll' [rescheduled]
4488.f0c: Detected loader lock ownership: rc=VINF_SUCCESS '\Device\HarddiskVolume3\Windows\System32\vcruntime140_1.dll'.
4488.f0c: supR3HardenedWinVerifyCacheProcessWvtTodos: 0 (was 0) fWinVerifyTrust=0 for '\Device\HarddiskVolume3\Windows\System32\vcruntime140_1.dll' [rescheduled]
4488.f0c: supR3HardenedMonitor_LdrLoadDll: returns rcNt=0x0 hMod=00007ff960370000 'C:\Program Files\Oracle\VirtualBox\VBoxRT.dll'
4488.f0c: Detected loader lock ownership: rc=VINF_SUCCESS '\Device\HarddiskVolume3\Windows\System32\vcruntime140_1.dll'.
4488.f0c: supR3HardenedWinVerifyCacheProcessWvtTodos: 0 (was 0) fWinVerifyTrust=0 for '\Device\HarddiskVolume3\Windows\System32\vcruntime140_1.dll' [rescheduled]
4488.f0c: supR3HardenedMonitor_LdrLoadDll: returns rcNt=0x0 hMod=00007ff960370000 'C:\Program Files\Oracle\VirtualBox\VBoxRT.dll'
4488.f0c: supR3HardenedMonitor_LdrLoadDll: returns rcNt=0x0 hMod=00007ff9c5b00000 'C:\WINDOWS\system32\rsaenh.dll'
4488.f0c: supR3HardenedMonitor_LdrLoadDll: returns rcNt=0x0 hMod=00007ff9c7050000 'C:\WINDOWS\System32\crypt32.dll'
4488.f0c: supR3HardenedWinVerifyCacheProcessWvtTodos: 0 (was 0) fWinVerifyTrust=1 for '\Device\HarddiskVolume3\Windows\System32\vcruntime140_1.dll'
4488.f0c: supR3HardenedScreenImage/LdrLoadDll: cache hit (VINF_SUCCESS) on \Device\HarddiskVolume3\Windows\System32\wintrust.dll
4488.f0c: supR3HardenedMonitor_LdrLoadDll: pName=C:\WINDOWS\system32\Wintrust.dll (rcNtResolve=0xc0150008) *pfFlags=0x0 pwszSearchPath=0000000000000801:<flags> [calling]
4488.f0c: supR3HardenedMonitor_LdrLoadDll: returns rcNt=0x0 hMod=00007ff9c6f00000 'C:\WINDOWS\system32\Wintrust.dll'
4488.f0c: supR3HardenedMonitor_LdrLoadDll: returns rcNt=0x0 hMod=00007ff9c5b00000 'C:\WINDOWS\system32\rsaenh.dll'
4488.f0c: supR3HardenedMonitor_LdrLoadDll: returns rcNt=0x0 hMod=00007ff9c7050000 'C:\WINDOWS\System32\crypt32.dll'
4488.f0c: supR3HardenedMonitor_LdrLoadDll: returns rcNt=0x0 hMod=00007ff9c5b00000 'C:\WINDOWS\system32\rsaenh.dll'
4488.f0c: supR3HardenedMonitor_LdrLoadDll: returns rcNt=0x0 hMod=00007ff9c7050000 'C:\WINDOWS\System32\crypt32.dll'
4488.f0c: supR3HardenedMonitor_LdrLoadDll: returns rcNt=0x0 hMod=00007ff9c7050000 'C:\WINDOWS\system32\crypt32.dll'
4488.f0c: SUPR3HardenedMain: Load TrustedMain...
4488.2cf8: supR3HardenedIsApiSetDll: ApiSetQueryApiSetPresence(api-ms-win-appmodel-runtime-l1-1-2) -> 0x0, fPresent=1
4488.2cf8: supR3HardenedMonitor_LdrLoadDll: pName=api-ms-win-appmodel-runtime-l1-1-2 (rcNtResolve=0x0) *pfFlags=0x0 pwszSearchPath=0000000000000801:<flags> [calling]
4488.2cf8: supR3HardenedWinVerifyCacheScheduleImports: Import todo: #8 'msvcrt.dll'.
4488.2cf8: supHardenedWinVerifyImageByHandle: -> 0 (\Device\HarddiskVolume3\Windows\System32\kernel.appcore.dll)
4488.2cf8: supR3HardenedWinVerifyCacheInsert: \Device\HarddiskVolume3\Windows\System32\kernel.appcore.dll
4488.2cf8: supR3HardenedDllNotificationCallback: load   00007ff9c5ba0000 LB 0x0001b000 C:\WINDOWS\SYSTEM32\kernel.appcore.dll [fFlags=0x0]
4488.2cf8: supR3HardenedScreenImage/LdrLoadDll: cache hit (VINF_SUCCESS) on \Device\HarddiskVolume3\Windows\System32\kernel.appcore.dll [avoiding WinVerifyTrust]
4488.2cf8: supR3HardenedMonitor_LdrLoadDll: returns rcNt=0x0 hMod=00007ff9c5ba0000 'api-ms-win-appmodel-runtime-l1-1-2'
4488.2cf8: supR3HardenedWinVerifyCacheProcessImportTodos: Processing 'msvcrt.dll'...
4488.2cf8: supR3HardenedWinVerifyCacheProcessImportTodos: 'msvcrt.dll' -> '\Device\HarddiskVolume3\Windows\System32\msvcrt.dll' [rcNtRedir=0xc0150008]
4488.2cf8: supR3HardenedScreenImage/Imports: cache hit (VINF_SUCCESS) on \Device\HarddiskVolume3\Windows\System32\msvcrt.dll
4488.2cf8: supR3HardenedMonitor_LdrLoadDll: returns rcNt=0x0 hMod=00007ff9c5b00000 'C:\WINDOWS\system32\rsaenh.dll'
4488.2cf8: supR3HardenedMonitor_LdrLoadDll: returns rcNt=0x0 hMod=00007ff9c7050000 'C:\WINDOWS\System32\crypt32.dll'
4488.2cf8: supR3HardenedWinVerifyCacheProcessWvtTodos: 0 (was 0) fWinVerifyTrust=1 for '\Device\HarddiskVolume3\Windows\System32\kernel.appcore.dll'
4488.f0c: supR3HardenedMonitor_LdrLoadDll: returns rcNt=0x0 hMod=00007ff9c5b00000 'C:\WINDOWS\system32\rsaenh.dll'
4488.f0c: supR3HardenedMonitor_LdrLoadDll: returns rcNt=0x0 hMod=00007ff9c7050000 'C:\WINDOWS\System32\crypt32.dll'
4488.f0c: supR3HardenedWinVerifyCacheScheduleImports: Import todo: #0 'uicommon.dll'.
4488.f0c: supR3HardenedWinVerifyCacheScheduleImports: Import todo: #1 'qt6corevbox.dll'.
4488.f0c: supR3HardenedWinVerifyCacheScheduleImports: Import todo: #2 'qt6guivbox.dll'.
4488.f0c: supR3HardenedWinVerifyCacheScheduleImports: Import todo: #3 'qt6widgetsvbox.dll'.
4488.f0c: supR3HardenedWinVerifyCacheScheduleImports: Import todo: #5 'user32.dll'.
4488.f0c: supR3HardenedWinVerifyCacheScheduleImports: Import todo: #6 'advapi32.dll'.
4488.f0c: supR3HardenedWinVerifyCacheScheduleImports: Import todo: #7 'ole32.dll'.
4488.f0c: supR3HardenedWinVerifyCacheScheduleImports: Import todo: #8 'oleaut32.dll'.
4488.f0c: supR3HardenedWinVerifyCacheScheduleImports: Import todo: #9 'winmm.dll'.
4488.f0c: supR3HardenedWinVerifyCacheScheduleImports: Import todo: #14 'vboxrt.dll'.
4488.f0c: supR3HardenedWinVerifyCacheScheduleImports: Import todo: #15 'vcruntime140.dll'.
4488.f0c: supR3HardenedWinVerifyCacheScheduleImports: Import todo: #16 'vcruntime140_1.dll'.
4488.f0c: supR3HardenedWinVerifyCacheScheduleImports: Import todo: #17 'msvcp140.dll'.
4488.f0c: supHardenedWinVerifyImageByHandle: -> 0 (\Device\HarddiskVolume3\Program Files\Oracle\VirtualBox\VirtualBoxVM.dll) WinVerifyTrust
4488.f0c: supR3HardenedWinVerifyCacheInsert: \Device\HarddiskVolume3\Program Files\Oracle\VirtualBox\VirtualBoxVM.dll
4488.f0c: supR3HardenedWinVerifyCacheProcessImportTodos: Processing 'msvcp140.dll'...
4488.f0c: supR3HardenedWinVerifyCacheProcessImportTodos: 'msvcp140.dll' -> '\Device\HarddiskVolume3\Windows\System32\msvcp140.dll' [rcNtRedir=0xc0150008]
4488.f0c: supR3HardenedScreenImage/Imports: cache hit (VINF_SUCCESS) on \Device\HarddiskVolume3\Windows\System32\msvcp140.dll
4488.f0c: supR3HardenedWinVerifyCacheProcessImportTodos: Processing 'vcruntime140_1.dll'...
4488.f0c: supR3HardenedWinVerifyCacheProcessImportTodos: 'vcruntime140_1.dll' -> '\Device\HarddiskVolume3\Windows\System32\vcruntime140_1.dll' [rcNtRedir=0xc0150008]
4488.f0c: supR3HardenedScreenImage/Imports: cache hit (VINF_SUCCESS) on \Device\HarddiskVolume3\Windows\System32\vcruntime140_1.dll
4488.f0c: supR3HardenedWinVerifyCacheProcessImportTodos: Processing 'vcruntime140.dll'...
4488.f0c: supR3HardenedWinVerifyCacheProcessImportTodos: 'vcruntime140.dll' -> '\Device\HarddiskVolume3\Windows\System32\vcruntime140.dll' [rcNtRedir=0xc0150008]
4488.f0c: supR3HardenedScreenImage/Imports: cache hit (VINF_SUCCESS) on \Device\HarddiskVolume3\Windows\System32\vcruntime140.dll
4488.f0c: supR3HardenedWinVerifyCacheProcessImportTodos: Processing 'vboxrt.dll'...
4488.f0c: supR3HardenedWinVerifyCacheProcessImportTodos: 'vboxrt.dll' -> '\Device\HarddiskVolume3\Program Files\Oracle\VirtualBox\vboxrt.dll' [rcNtRedir=0xc0150008]
4488.f0c: supR3HardenedWinVerifyCacheProcessImportTodos: Processing 'winmm.dll'...
4488.f0c: supR3HardenedWinVerifyCacheProcessImportTodos: 'winmm.dll' -> '\Device\HarddiskVolume3\Windows\System32\winmm.dll' [rcNtRedir=0xc0150008]
4488.f0c: supR3HardenedMonitor_LdrLoadDll: returns rcNt=0x0 hMod=00007ff9c5b00000 'C:\WINDOWS\system32\rsaenh.dll'
4488.f0c: supR3HardenedMonitor_LdrLoadDll: returns rcNt=0x0 hMod=00007ff9c7050000 'C:\WINDOWS\System32\crypt32.dll'
4488.f0c: supHardenedWinVerifyImageByHandle: -> 0 (\Device\HarddiskVolume3\Windows\System32\winmm.dll) WinVerifyTrust
4488.f0c: supR3HardenedWinVerifyCacheInsert: \Device\HarddiskVolume3\Windows\System32\winmm.dll
4488.f0c: supR3HardenedWinVerifyCacheProcessImportTodos: Processing 'oleaut32.dll'...
4488.f0c: supR3HardenedWinVerifyCacheProcessImportTodos: 'oleaut32.dll' -> '\Device\HarddiskVolume3\Windows\System32\oleaut32.dll' [rcNtRedir=0xc0150008]
4488.f0c: supR3HardenedMonitor_LdrLoadDll: returns rcNt=0x0 hMod=00007ff9c5b00000 'C:\WINDOWS\system32\rsaenh.dll'
4488.f0c: supR3HardenedMonitor_LdrLoadDll: returns rcNt=0x0 hMod=00007ff9c7050000 'C:\WINDOWS\System32\crypt32.dll'
4488.f0c: supR3HardenedWinVerifyCacheScheduleImports: Import todo: #0 'msvcp_win.dll'.
4488.f0c: supR3HardenedWinVerifyCacheScheduleImports: Import todo: #5 'combase.dll'.
4488.f0c: supR3HardenedWinVerifyCacheScheduleImports: Import todo: #26 'rpcrt4.dll'.
4488.f0c: supHardenedWinVerifyImageByHandle: -> 0 (\Device\HarddiskVolume3\Windows\System32\oleaut32.dll) WinVerifyTrust
4488.f0c: supR3HardenedWinVerifyCacheInsert: \Device\HarddiskVolume3\Windows\System32\oleaut32.dll
4488.f0c: supR3HardenedWinVerifyCacheProcessImportTodos: Processing 'ole32.dll'...
4488.f0c: supR3HardenedWinVerifyCacheProcessImportTodos: 'ole32.dll' -> '\Device\HarddiskVolume3\Windows\System32\ole32.dll' [rcNtRedir=0xc0150008]
4488.f0c: supR3HardenedWinVerifyCacheProcessImportTodos: Processing 'rpcrt4.dll'...
4488.f0c: supR3HardenedWinVerifyCacheProcessImportTodos: 'rpcrt4.dll' -> '\Device\HarddiskVolume3\Windows\System32\rpcrt4.dll' [rcNtRedir=0xc0150008]
4488.f0c: supR3HardenedScreenImage/Imports: cache hit (VINF_SUCCESS) on \Device\HarddiskVolume3\Windows\System32\rpcrt4.dll
4488.f0c: supR3HardenedWinVerifyCacheProcessImportTodos: Processing 'combase.dll'...
4488.f0c: supR3HardenedWinVerifyCacheProcessImportTodos: 'combase.dll' -> '\Device\HarddiskVolume3\Windows\System32\combase.dll' [rcNtRedir=0xc0150008]
4488.f0c: Detected WinVerifyTrust recursion: rc=VINF_SUCCESS '\Device\HarddiskVolume3\Windows\System32\combase.dll'.
4488.f0c: supR3HardenedWinVerifyCacheScheduleImports: Import todo: #3 'rpcrt4.dll'.
4488.f0c: supHardenedWinVerifyImageByHandle: -> 0 (\Device\HarddiskVolume3\Windows\System32\combase.dll)
4488.f0c: supR3HardenedWinVerifyCacheInsert: \Device\HarddiskVolume3\Windows\System32\combase.dll
4488.f0c: supR3HardenedWinVerifyCacheProcessImportTodos: Processing 'msvcp_win.dll'...
4488.f0c: supR3HardenedWinVerifyCacheProcessImportTodos: 'msvcp_win.dll' -> '\Device\HarddiskVolume3\Windows\System32\msvcp_win.dll' [rcNtRedir=0xc0150008]
4488.f0c: supR3HardenedScreenImage/Imports: cache hit (VINF_SUCCESS) on \Device\HarddiskVolume3\Windows\System32\msvcp_win.dll
4488.f0c: supR3HardenedWinVerifyCacheProcessImportTodos: Processing 'rpcrt4.dll'...
4488.f0c: supR3HardenedWinVerifyCacheProcessImportTodos: 'rpcrt4.dll' -> '\Device\HarddiskVolume3\Windows\System32\rpcrt4.dll' [rcNtRedir=0xc0150008]
4488.f0c: supR3HardenedScreenImage/Imports: cache hit (VINF_SUCCESS) on \Device\HarddiskVolume3\Windows\System32\rpcrt4.dll
4488.f0c: supR3HardenedMonitor_LdrLoadDll: returns rcNt=0x0 hMod=00007ff9c5b00000 'C:\WINDOWS\system32\rsaenh.dll'
4488.f0c: supR3HardenedMonitor_LdrLoadDll: returns rcNt=0x0 hMod=00007ff9c7050000 'C:\WINDOWS\System32\crypt32.dll'
4488.f0c: supR3HardenedWinVerifyCacheScheduleImports: Import todo: #0 'msvcp_win.dll'.
4488.f0c: supR3HardenedWinVerifyCacheScheduleImports: Import todo: #44 'gdi32.dll'.
4488.f0c: supR3HardenedWinVerifyCacheScheduleImports: Import todo: #45 'user32.dll'.
4488.f0c: supR3HardenedWinVerifyCacheScheduleImports: Import todo: #46 'combase.dll'.
4488.f0c: supHardenedWinVerifyImageByHandle: -> 0 (\Device\HarddiskVolume3\Windows\System32\ole32.dll) WinVerifyTrust
4488.f0c: supR3HardenedWinVerifyCacheInsert: \Device\HarddiskVolume3\Windows\System32\ole32.dll
4488.f0c: supR3HardenedWinVerifyCacheProcessImportTodos: Processing 'advapi32.dll'...
4488.f0c: supR3HardenedWinVerifyCacheProcessImportTodos: 'advapi32.dll' -> '\Device\HarddiskVolume3\Windows\System32\advapi32.dll' [rcNtRedir=0xc0150008]
4488.f0c: supR3HardenedScreenImage/Imports: cache hit (VINF_SUCCESS) on \Device\HarddiskVolume3\Windows\System32\advapi32.dll
4488.f0c: supR3HardenedWinVerifyCacheProcessImportTodos: Processing 'user32.dll'...
4488.f0c: supR3HardenedWinVerifyCacheProcessImportTodos: 'user32.dll' -> '\Device\HarddiskVolume3\Windows\System32\user32.dll' [rcNtRedir=0xc0150008]
4488.f0c: supR3HardenedWinVerifyCacheProcessImportTodos: Processing 'combase.dll'...
4488.f0c: supR3HardenedWinVerifyCacheProcessImportTodos: 'combase.dll' -> '\Device\HarddiskVolume3\Windows\System32\combase.dll' [rcNtRedir=0xc0150008]
4488.f0c: supR3HardenedScreenImage/Imports: cache hit (VINF_SUCCESS) on \Device\HarddiskVolume3\Windows\System32\combase.dll [lacks WinVerifyTrust]
4488.f0c: supR3HardenedWinVerifyCacheProcessImportTodos: Processing 'user32.dll'...
4488.f0c: supR3HardenedWinVerifyCacheProcessImportTodos: 'user32.dll' -> '\Device\HarddiskVolume3\Windows\System32\user32.dll' [rcNtRedir=0xc0150008]
4488.f0c: Detected WinVerifyTrust recursion: rc=VINF_SUCCESS '\Device\HarddiskVolume3\Windows\System32\user32.dll'.
4488.f0c: supR3HardenedWinVerifyCacheScheduleImports: Import todo: #0 'win32u.dll'.
4488.f0c: supR3HardenedWinVerifyCacheScheduleImports: Import todo: #39 'gdi32.dll'.
4488.f0c: supHardenedWinVerifyImageByHandle: -> 0 (\Device\HarddiskVolume3\Windows\System32\user32.dll)
4488.f0c: supR3HardenedWinVerifyCacheInsert: \Device\HarddiskVolume3\Windows\System32\user32.dll
4488.f0c: supR3HardenedWinVerifyCacheProcessImportTodos: Processing 'gdi32.dll'...
4488.f0c: supR3HardenedWinVerifyCacheProcessImportTodos: 'gdi32.dll' -> '\Device\HarddiskVolume3\Windows\System32\gdi32.dll' [rcNtRedir=0xc0150008]
4488.f0c: Detected WinVerifyTrust recursion: rc=VINF_SUCCESS '\Device\HarddiskVolume3\Windows\System32\gdi32.dll'.
4488.f0c: supR3HardenedWinVerifyCacheScheduleImports: Import todo: #9 'win32u.dll'.
4488.f0c: supHardenedWinVerifyImageByHandle: -> 0 (\Device\HarddiskVolume3\Windows\System32\gdi32.dll)
4488.f0c: supR3HardenedWinVerifyCacheInsert: \Device\HarddiskVolume3\Windows\System32\gdi32.dll
4488.f0c: supR3HardenedWinVerifyCacheProcessImportTodos: Processing 'msvcp_win.dll'...
4488.f0c: supR3HardenedWinVerifyCacheProcessImportTodos: 'msvcp_win.dll' -> '\Device\HarddiskVolume3\Windows\System32\msvcp_win.dll' [rcNtRedir=0xc0150008]
4488.f0c: supR3HardenedScreenImage/Imports: cache hit (VINF_SUCCESS) on \Device\HarddiskVolume3\Windows\System32\msvcp_win.dll
4488.f0c: supR3HardenedWinVerifyCacheProcessImportTodos: Processing 'win32u.dll'...
4488.f0c: supR3HardenedWinVerifyCacheProcessImportTodos: 'win32u.dll' -> '\Device\HarddiskVolume3\Windows\System32\win32u.dll' [rcNtRedir=0xc0150008]
4488.f0c: Detected WinVerifyTrust recursion: rc=VINF_SUCCESS '\Device\HarddiskVolume3\Windows\System32\win32u.dll'.
4488.f0c: supHardenedWinVerifyImageByHandle: -> 0 (\Device\HarddiskVolume3\Windows\System32\win32u.dll)
4488.f0c: supR3HardenedWinVerifyCacheInsert: \Device\HarddiskVolume3\Windows\System32\win32u.dll
4488.f0c: supR3HardenedWinVerifyCacheProcessImportTodos: Processing 'gdi32.dll'...
4488.f0c: supR3HardenedWinVerifyCacheProcessImportTodos: 'gdi32.dll' -> '\Device\HarddiskVolume3\Windows\System32\gdi32.dll' [rcNtRedir=0xc0150008]
4488.f0c: supR3HardenedScreenImage/Imports: cache hit (VINF_SUCCESS) on \Device\HarddiskVolume3\Windows\System32\gdi32.dll [lacks WinVerifyTrust]
4488.f0c: supR3HardenedWinVerifyCacheProcessImportTodos: Processing 'win32u.dll'...
4488.f0c: supR3HardenedWinVerifyCacheProcessImportTodos: 'win32u.dll' -> '\Device\HarddiskVolume3\Windows\System32\win32u.dll' [rcNtRedir=0xc0150008]
4488.f0c: supR3HardenedScreenImage/Imports: cache hit (VINF_SUCCESS) on \Device\HarddiskVolume3\Windows\System32\win32u.dll [lacks WinVerifyTrust]
4488.f0c: supR3HardenedMonitor_LdrLoadDll: returns rcNt=0x0 hMod=00007ff9c5b00000 'C:\WINDOWS\system32\rsaenh.dll'
4488.f0c: supR3HardenedMonitor_LdrLoadDll: returns rcNt=0x0 hMod=00007ff9c7050000 'C:\WINDOWS\System32\crypt32.dll'
4488.f0c: supR3HardenedWinVerifyCacheScheduleImports: Import todo: #0 'win32u.dll'.
4488.f0c: supR3HardenedWinVerifyCacheScheduleImports: Import todo: #39 'gdi32.dll'.
4488.f0c: supHardenedWinVerifyImageByHandle: -> 0 (\Device\HarddiskVolume3\Windows\System32\user32.dll) WinVerifyTrust
4488.f0c: supR3HardenedWinVerifyCacheProcessImportTodos: Processing 'qt6widgetsvbox.dll'...
4488.f0c: supR3HardenedWinVerifyCacheProcessImportTodos: 'qt6widgetsvbox.dll' -> '\Device\HarddiskVolume3\Program Files\Oracle\VirtualBox\qt6widgetsvbox.dll' [rcNtRedir=0xc0150008]
4488.f0c: supR3HardenedWinVerifyCacheProcessImportTodos: Processing 'gdi32.dll'...
4488.f0c: supR3HardenedWinVerifyCacheProcessImportTodos: 'gdi32.dll' -> '\Device\HarddiskVolume3\Windows\System32\gdi32.dll' [rcNtRedir=0xc0150008]
4488.f0c: supR3HardenedScreenImage/Imports: cache hit (VINF_SUCCESS) on \Device\HarddiskVolume3\Windows\System32\gdi32.dll [lacks WinVerifyTrust]
4488.f0c: supR3HardenedWinVerifyCacheProcessImportTodos: Processing 'win32u.dll'...
4488.f0c: supR3HardenedWinVerifyCacheProcessImportTodos: 'win32u.dll' -> '\Device\HarddiskVolume3\Windows\System32\win32u.dll' [rcNtRedir=0xc0150008]
4488.f0c: supR3HardenedScreenImage/Imports: cache hit (VINF_SUCCESS) on \Device\HarddiskVolume3\Windows\System32\win32u.dll [lacks WinVerifyTrust]
4488.f0c: supR3HardenedMonitor_LdrLoadDll: returns rcNt=0x0 hMod=00007ff9c5b00000 'C:\WINDOWS\system32\rsaenh.dll'
4488.f0c: supR3HardenedMonitor_LdrLoadDll: returns rcNt=0x0 hMod=00007ff9c7050000 'C:\WINDOWS\System32\crypt32.dll'
4488.f0c: supR3HardenedWinVerifyCacheScheduleImports: Import todo: #0 'dwmapi.dll'.
4488.f0c: supR3HardenedWinVerifyCacheScheduleImports: Import todo: #1 'uxtheme.dll'.
4488.f0c: supR3HardenedWinVerifyCacheScheduleImports: Import todo: #2 'qt6guivbox.dll'.
4488.f0c: supR3HardenedWinVerifyCacheScheduleImports: Import todo: #3 'qt6corevbox.dll'.
4488.f0c: supR3HardenedWinVerifyCacheScheduleImports: Import todo: #5 'user32.dll'.
4488.f0c: supR3HardenedWinVerifyCacheScheduleImports: Import todo: #6 'gdi32.dll'.
4488.f0c: supR3HardenedWinVerifyCacheScheduleImports: Import todo: #7 'msvcp140.dll'.
4488.f0c: supR3HardenedWinVerifyCacheScheduleImports: Import todo: #8 'msvcp140_1.dll'.
4488.f0c: supR3HardenedWinVerifyCacheScheduleImports: Import todo: #9 'vcruntime140.dll'.
4488.f0c: supR3HardenedWinVerifyCacheScheduleImports: Import todo: #10 'vcruntime140_1.dll'.
4488.f0c: supHardenedWinVerifyImageByHandle: -> 0 (\Device\HarddiskVolume3\Program Files\Oracle\VirtualBox\Qt6WidgetsVBox.dll) WinVerifyTrust
4488.f0c: supR3HardenedWinVerifyCacheInsert: \Device\HarddiskVolume3\Program Files\Oracle\VirtualBox\Qt6WidgetsVBox.dll
4488.f0c: supR3HardenedWinVerifyCacheProcessImportTodos: Processing 'qt6guivbox.dll'...
4488.f0c: supR3HardenedWinVerifyCacheProcessImportTodos: 'qt6guivbox.dll' -> '\Device\HarddiskVolume3\Program Files\Oracle\VirtualBox\qt6guivbox.dll' [rcNtRedir=0xc0150008]
4488.f0c: supR3HardenedWinVerifyCacheProcessImportTodos: Processing 'vcruntime140_1.dll'...
4488.f0c: supR3HardenedWinVerifyCacheProcessImportTodos: 'vcruntime140_1.dll' -> '\Device\HarddiskVolume3\Windows\System32\vcruntime140_1.dll' [rcNtRedir=0xc0150008]
4488.f0c: supR3HardenedScreenImage/Imports: cache hit (VINF_SUCCESS) on \Device\HarddiskVolume3\Windows\System32\vcruntime140_1.dll
4488.f0c: supR3HardenedWinVerifyCacheProcessImportTodos: Processing 'vcruntime140.dll'...
4488.f0c: supR3HardenedWinVerifyCacheProcessImportTodos: 'vcruntime140.dll' -> '\Device\HarddiskVolume3\Windows\System32\vcruntime140.dll' [rcNtRedir=0xc0150008]
4488.f0c: supR3HardenedScreenImage/Imports: cache hit (VINF_SUCCESS) on \Device\HarddiskVolume3\Windows\System32\vcruntime140.dll
4488.f0c: supR3HardenedWinVerifyCacheProcessImportTodos: Processing 'msvcp140_1.dll'...
4488.f0c: supR3HardenedWinVerifyCacheProcessImportTodos: 'msvcp140_1.dll' -> '\Device\HarddiskVolume3\Windows\System32\msvcp140_1.dll' [rcNtRedir=0xc0150008]
4488.f0c: Detected WinVerifyTrust recursion: rc=VINF_SUCCESS '\Device\HarddiskVolume3\Windows\System32\msvcp140_1.dll'.
4488.f0c: supR3HardenedWinVerifyCacheScheduleImports: Import todo: #0 'msvcp140.dll'.
4488.f0c: supR3HardenedWinVerifyCacheScheduleImports: Import todo: #1 'vcruntime140.dll'.
4488.f0c: supHardenedWinVerifyImageByHandle: -> 0 (\Device\HarddiskVolume3\Windows\System32\msvcp140_1.dll)
4488.f0c: supR3HardenedWinVerifyCacheInsert: \Device\HarddiskVolume3\Windows\System32\msvcp140_1.dll
4488.f0c: supR3HardenedWinVerifyCacheProcessImportTodos: Processing 'msvcp140.dll'...
4488.f0c: supR3HardenedWinVerifyCacheProcessImportTodos: 'msvcp140.dll' -> '\Device\HarddiskVolume3\Windows\System32\msvcp140.dll' [rcNtRedir=0xc0150008]
4488.f0c: supR3HardenedScreenImage/Imports: cache hit (VINF_SUCCESS) on \Device\HarddiskVolume3\Windows\System32\msvcp140.dll
4488.f0c: supR3HardenedWinVerifyCacheProcessImportTodos: Processing 'gdi32.dll'...
4488.f0c: supR3HardenedWinVerifyCacheProcessImportTodos: 'gdi32.dll' -> '\Device\HarddiskVolume3\Windows\System32\gdi32.dll' [rcNtRedir=0xc0150008]
4488.f0c: supR3HardenedScreenImage/Imports: cache hit (VINF_SUCCESS) on \Device\HarddiskVolume3\Windows\System32\gdi32.dll [lacks WinVerifyTrust]
4488.f0c: supR3HardenedWinVerifyCacheProcessImportTodos: Processing 'user32.dll'...
4488.f0c: supR3HardenedWinVerifyCacheProcessImportTodos: 'user32.dll' -> '\Device\HarddiskVolume3\Windows\System32\user32.dll' [rcNtRedir=0xc0150008]
4488.f0c: supR3HardenedScreenImage/Imports: cache hit (VINF_SUCCESS) on \Device\HarddiskVolume3\Windows\System32\user32.dll [lacks WinVerifyTrust]
4488.f0c: supR3HardenedWinVerifyCacheProcessImportTodos: Processing 'qt6corevbox.dll'...
4488.f0c: supR3HardenedWinVerifyCacheProcessImportTodos: 'qt6corevbox.dll' -> '\Device\HarddiskVolume3\Program Files\Oracle\VirtualBox\qt6corevbox.dll' [rcNtRedir=0xc0150008]
4488.f0c: Detected WinVerifyTrust recursion: rc=VINF_SUCCESS '\Device\HarddiskVolume3\Program Files\Oracle\VirtualBox\Qt6CoreVBox.dll'.
4488.f0c: supR3HardenedWinVerifyCacheScheduleImports: Import todo: #1 'mpr.dll'.
4488.f0c: supR3HardenedWinVerifyCacheScheduleImports: Import todo: #2 'userenv.dll'.
4488.f0c: supR3HardenedWinVerifyCacheScheduleImports: Import todo: #3 'advapi32.dll'.
4488.f0c: supR3HardenedWinVerifyCacheScheduleImports: Import todo: #4 'authz.dll'.
4488.f0c: supR3HardenedWinVerifyCacheScheduleImports: Import todo: #6 'netapi32.dll'.
4488.f0c: supR3HardenedWinVerifyCacheScheduleImports: Import todo: #7 'ole32.dll'.
4488.f0c: supR3HardenedWinVerifyCacheScheduleImports: Import todo: #8 'shell32.dll'.
4488.f0c: supR3HardenedWinVerifyCacheScheduleImports: Import todo: #9 'user32.dll'.
4488.f0c: supR3HardenedWinVerifyCacheScheduleImports: Import todo: #10 'version.dll'.
4488.f0c: supR3HardenedWinVerifyCacheScheduleImports: Import todo: #11 'winmm.dll'.
4488.f0c: supR3HardenedWinVerifyCacheScheduleImports: Import todo: #12 'ws2_32.dll'.
4488.f0c: supR3HardenedWinVerifyCacheScheduleImports: Import todo: #13 'msvcp140.dll'.
4488.f0c: supR3HardenedWinVerifyCacheScheduleImports: Import todo: #14 'msvcp140_1.dll'.
4488.f0c: supR3HardenedWinVerifyCacheScheduleImports: Import todo: #15 'vcruntime140_1.dll'.
4488.f0c: supR3HardenedWinVerifyCacheScheduleImports: Import todo: #16 'vcruntime140.dll'.
4488.f0c: supHardenedWinVerifyImageByHandle: -> 0 (\Device\HarddiskVolume3\Program Files\Oracle\VirtualBox\Qt6CoreVBox.dll)
4488.f0c: supR3HardenedWinVerifyCacheInsert: \Device\HarddiskVolume3\Program Files\Oracle\VirtualBox\Qt6CoreVBox.dll
4488.f0c: supR3HardenedWinVerifyCacheProcessImportTodos: Processing 'qt6guivbox.dll'...
4488.f0c: supR3HardenedWinVerifyCacheProcessImportTodos: 'qt6guivbox.dll' -> '\Device\HarddiskVolume3\Program Files\Oracle\VirtualBox\qt6guivbox.dll' [rcNtRedir=0xc0150008]
4488.f0c: Detected WinVerifyTrust recursion: rc=VINF_SUCCESS '\Device\HarddiskVolume3\Program Files\Oracle\VirtualBox\Qt6GuiVBox.dll'.
4488.f0c: supR3HardenedWinVerifyCacheScheduleImports: Import todo: #0 'd3d11.dll'.
4488.f0c: supR3HardenedWinVerifyCacheScheduleImports: Import todo: #1 'dxgi.dll'.
4488.f0c: supR3HardenedWinVerifyCacheScheduleImports: Import todo: #2 'd3d12.dll'.
4488.f0c: supR3HardenedWinVerifyCacheScheduleImports: Import todo: #3 'gdi32.dll'.
4488.f0c: supR3HardenedWinVerifyCacheScheduleImports: Import todo: #4 'ole32.dll'.
4488.f0c: supR3HardenedWinVerifyCacheScheduleImports: Import todo: #5 'shell32.dll'.
4488.f0c: supR3HardenedWinVerifyCacheScheduleImports: Import todo: #6 'user32.dll'.
4488.f0c: supR3HardenedWinVerifyCacheScheduleImports: Import todo: #7 'uxtheme.dll'.
4488.f0c: supR3HardenedWinVerifyCacheScheduleImports: Import todo: #8 'dwrite.dll'.
4488.f0c: supR3HardenedWinVerifyCacheScheduleImports: Import todo: #9 'qt6corevbox.dll'.
4488.f0c: supR3HardenedWinVerifyCacheScheduleImports: Import todo: #11 'msvcp140.dll'.
4488.f0c: supR3HardenedWinVerifyCacheScheduleImports: Import todo: #12 'msvcp140_1.dll'.
4488.f0c: supR3HardenedWinVerifyCacheScheduleImports: Import todo: #13 'msvcp140_2.dll'.
4488.f0c: supR3HardenedWinVerifyCacheScheduleImports: Import todo: #14 'vcruntime140.dll'.
4488.f0c: supR3HardenedWinVerifyCacheScheduleImports: Import todo: #15 'vcruntime140_1.dll'.
4488.f0c: supHardenedWinVerifyImageByHandle: -> 0 (\Device\HarddiskVolume3\Program Files\Oracle\VirtualBox\Qt6GuiVBox.dll)
4488.f0c: supR3HardenedWinVerifyCacheInsert: \Device\HarddiskVolume3\Program Files\Oracle\VirtualBox\Qt6GuiVBox.dll
4488.f0c: supR3HardenedWinVerifyCacheProcessImportTodos: Processing 'uxtheme.dll'...
4488.f0c: supR3HardenedWinVerifyCacheProcessImportTodos: 'uxtheme.dll' -> '\Device\HarddiskVolume3\Windows\System32\uxtheme.dll' [rcNtRedir=0xc0150008]
4488.f0c: Detected WinVerifyTrust recursion: rc=22900 '\Device\HarddiskVolume3\Windows\System32\uxtheme.dll'.
4488.f0c: supR3HardenedWinVerifyCacheScheduleImports: Import todo: #39 'gdi32.dll'.
4488.f0c: supR3HardenedWinVerifyCacheScheduleImports: Import todo: #40 'user32.dll'.
4488.f0c: supHardenedWinVerifyImageByHandle: -> 22900 (\Device\HarddiskVolume3\Windows\System32\uxtheme.dll)
4488.f0c: supR3HardenedWinVerifyCacheInsert: \Device\HarddiskVolume3\Windows\System32\uxtheme.dll
4488.f0c: supR3HardenedWinVerifyCacheProcessImportTodos: Processing 'dwmapi.dll'...
4488.f0c: supR3HardenedWinVerifyCacheProcessImportTodos: 'dwmapi.dll' -> '\Device\HarddiskVolume3\Windows\System32\dwmapi.dll' [rcNtRedir=0xc0150008]
4488.f0c: Detected WinVerifyTrust recursion: rc=VINF_SUCCESS '\Device\HarddiskVolume3\Windows\System32\dwmapi.dll'.
4488.f0c: supR3HardenedWinVerifyCacheScheduleImports: Import todo: #24 'win32u.dll'.
4488.f0c: supR3HardenedWinVerifyCacheScheduleImports: Import todo: #25 'user32.dll'.
4488.f0c: supR3HardenedWinVerifyCacheScheduleImports: Import todo: #26 'gdi32.dll'.
4488.f0c: supHardenedWinVerifyImageByHandle: -> 0 (\Device\HarddiskVolume3\Windows\System32\dwmapi.dll)
4488.f0c: supR3HardenedWinVerifyCacheInsert: \Device\HarddiskVolume3\Windows\System32\dwmapi.dll
4488.f0c: supR3HardenedWinVerifyCacheProcessImportTodos: Processing 'gdi32.dll'...
4488.f0c: supR3HardenedWinVerifyCacheProcessImportTodos: 'gdi32.dll' -> '\Device\HarddiskVolume3\Windows\System32\gdi32.dll' [rcNtRedir=0xc0150008]
4488.f0c: supR3HardenedScreenImage/Imports: cache hit (VINF_SUCCESS) on \Device\HarddiskVolume3\Windows\System32\gdi32.dll [lacks WinVerifyTrust]
4488.f0c: supR3HardenedWinVerifyCacheProcessImportTodos: Processing 'user32.dll'...
4488.f0c: supR3HardenedWinVerifyCacheProcessImportTodos: 'user32.dll' -> '\Device\HarddiskVolume3\Windows\System32\user32.dll' [rcNtRedir=0xc0150008]
4488.f0c: supR3HardenedScreenImage/Imports: cache hit (VINF_SUCCESS) on \Device\HarddiskVolume3\Windows\System32\user32.dll [lacks WinVerifyTrust]
4488.f0c: supR3HardenedWinVerifyCacheProcessImportTodos: Processing 'win32u.dll'...
4488.f0c: supR3HardenedWinVerifyCacheProcessImportTodos: 'win32u.dll' -> '\Device\HarddiskVolume3\Windows\System32\win32u.dll' [rcNtRedir=0xc0150008]
4488.f0c: supR3HardenedScreenImage/Imports: cache hit (VINF_SUCCESS) on \Device\HarddiskVolume3\Windows\System32\win32u.dll [lacks WinVerifyTrust]
4488.f0c: supR3HardenedWinVerifyCacheProcessImportTodos: Processing 'user32.dll'...
4488.f0c: supR3HardenedWinVerifyCacheProcessImportTodos: 'user32.dll' -> '\Device\HarddiskVolume3\Windows\System32\user32.dll' [rcNtRedir=0xc0150008]
4488.f0c: supR3HardenedScreenImage/Imports: cache hit (VINF_SUCCESS) on \Device\HarddiskVolume3\Windows\System32\user32.dll [lacks WinVerifyTrust]
4488.f0c: supR3HardenedWinVerifyCacheProcessImportTodos: Processing 'gdi32.dll'...
4488.f0c: supR3HardenedWinVerifyCacheProcessImportTodos: 'gdi32.dll' -> '\Device\HarddiskVolume3\Windows\System32\gdi32.dll' [rcNtRedir=0xc0150008]
4488.f0c: supR3HardenedScreenImage/Imports: cache hit (VINF_SUCCESS) on \Device\HarddiskVolume3\Windows\System32\gdi32.dll [lacks WinVerifyTrust]
4488.f0c: supR3HardenedWinVerifyCacheProcessImportTodos: Processing 'vcruntime140_1.dll'...
4488.f0c: supR3HardenedWinVerifyCacheProcessImportTodos: 'vcruntime140_1.dll' -> '\Device\HarddiskVolume3\Windows\System32\vcruntime140_1.dll' [rcNtRedir=0xc0150008]
4488.f0c: supR3HardenedScreenImage/Imports: cache hit (VINF_SUCCESS) on \Device\HarddiskVolume3\Windows\System32\vcruntime140_1.dll
4488.f0c: supR3HardenedWinVerifyCacheProcessImportTodos: Processing 'vcruntime140.dll'...
4488.f0c: supR3HardenedWinVerifyCacheProcessImportTodos: 'vcruntime140.dll' -> '\Device\HarddiskVolume3\Windows\System32\vcruntime140.dll' [rcNtRedir=0xc0150008]
4488.f0c: supR3HardenedScreenImage/Imports: cache hit (VINF_SUCCESS) on \Device\HarddiskVolume3\Windows\System32\vcruntime140.dll
4488.f0c: supR3HardenedWinVerifyCacheProcessImportTodos: Processing 'msvcp140_2.dll'...
4488.f0c: supR3HardenedWinVerifyCacheProcessImportTodos: 'msvcp140_2.dll' -> '\Device\HarddiskVolume3\Windows\System32\msvcp140_2.dll' [rcNtRedir=0xc0150008]
4488.f0c: Detected WinVerifyTrust recursion: rc=VINF_SUCCESS '\Device\HarddiskVolume3\Windows\System32\msvcp140_2.dll'.
4488.f0c: supR3HardenedWinVerifyCacheScheduleImports: Import todo: #0 'msvcp140.dll'.
4488.f0c: supR3HardenedWinVerifyCacheScheduleImports: Import todo: #1 'vcruntime140.dll'.
4488.f0c: supR3HardenedWinVerifyCacheScheduleImports: Import todo: #2 'vcruntime140_1.dll'.
4488.f0c: supHardenedWinVerifyImageByHandle: -> 0 (\Device\HarddiskVolume3\Windows\System32\msvcp140_2.dll)
4488.f0c: supR3HardenedWinVerifyCacheInsert: \Device\HarddiskVolume3\Windows\System32\msvcp140_2.dll
4488.f0c: supR3HardenedWinVerifyCacheProcessImportTodos: Processing 'msvcp140_1.dll'...
4488.f0c: supR3HardenedWinVerifyCacheProcessImportTodos: 'msvcp140_1.dll' -> '\Device\HarddiskVolume3\Windows\System32\msvcp140_1.dll' [rcNtRedir=0xc0150008]
4488.f0c: supR3HardenedScreenImage/Imports: cache hit (VINF_SUCCESS) on \Device\HarddiskVolume3\Windows\System32\msvcp140_1.dll [lacks WinVerifyTrust]
4488.f0c: supR3HardenedWinVerifyCacheProcessImportTodos: Processing 'msvcp140.dll'...
4488.f0c: supR3HardenedWinVerifyCacheProcessImportTodos: 'msvcp140.dll' -> '\Device\HarddiskVolume3\Windows\System32\msvcp140.dll' [rcNtRedir=0xc0150008]
4488.f0c: supR3HardenedScreenImage/Imports: cache hit (VINF_SUCCESS) on \Device\HarddiskVolume3\Windows\System32\msvcp140.dll
4488.f0c: supR3HardenedWinVerifyCacheProcessImportTodos: Processing 'qt6corevbox.dll'...
4488.f0c: supR3HardenedWinVerifyCacheProcessImportTodos: 'qt6corevbox.dll' -> '\Device\HarddiskVolume3\Program Files\Oracle\VirtualBox\qt6corevbox.dll' [rcNtRedir=0xc0150008]
4488.f0c: supR3HardenedScreenImage/Imports: cache hit (VINF_SUCCESS) on \Device\HarddiskVolume3\Program Files\Oracle\VirtualBox\Qt6CoreVBox.dll [lacks WinVerifyTrust]
4488.f0c: supR3HardenedWinVerifyCacheProcessImportTodos: Processing 'dwrite.dll'...
4488.f0c: supR3HardenedWinVerifyCacheProcessImportTodos: 'dwrite.dll' -> '\Device\HarddiskVolume3\Windows\System32\dwrite.dll' [rcNtRedir=0xc0150008]
4488.f0c: Detected WinVerifyTrust recursion: rc=22900 '\Device\HarddiskVolume3\Windows\System32\DWrite.dll'.
4488.f0c: supR3HardenedWinVerifyCacheScheduleImports: Import todo: #22 'rpcrt4.dll'.
4488.f0c: supR3HardenedWinVerifyCacheScheduleImports: Import todo: #28 'msvcp_win.dll'.
4488.f0c: supHardenedWinVerifyImageByHandle: -> 22900 (\Device\HarddiskVolume3\Windows\System32\DWrite.dll)
4488.f0c: supR3HardenedWinVerifyCacheInsert: \Device\HarddiskVolume3\Windows\System32\DWrite.dll
4488.f0c: supR3HardenedWinVerifyCacheProcessImportTodos: Processing 'uxtheme.dll'...
4488.f0c: supR3HardenedWinVerifyCacheProcessImportTodos: 'uxtheme.dll' -> '\Device\HarddiskVolume3\Windows\System32\uxtheme.dll' [rcNtRedir=0xc0150008]
4488.f0c: supR3HardenedScreenImage/Imports: cache hit (22900) on \Device\HarddiskVolume3\Windows\System32\uxtheme.dll [lacks WinVerifyTrust]
4488.f0c: supR3HardenedWinVerifyCacheProcessImportTodos: Processing 'user32.dll'...
4488.f0c: supR3HardenedWinVerifyCacheProcessImportTodos: 'user32.dll' -> '\Device\HarddiskVolume3\Windows\System32\user32.dll' [rcNtRedir=0xc0150008]
4488.f0c: supR3HardenedScreenImage/Imports: cache hit (VINF_SUCCESS) on \Device\HarddiskVolume3\Windows\System32\user32.dll [lacks WinVerifyTrust]
4488.f0c: supR3HardenedWinVerifyCacheProcessImportTodos: Processing 'shell32.dll'...
4488.f0c: supR3HardenedWinVerifyCacheProcessImportTodos: 'shell32.dll' -> '\Device\HarddiskVolume3\Windows\System32\shell32.dll' [rcNtRedir=0xc0150008]
4488.f0c: Detected WinVerifyTrust recursion: rc=VINF_SUCCESS '\Device\HarddiskVolume3\Windows\System32\shell32.dll'.
4488.f0c: supR3HardenedWinVerifyCacheScheduleImports: Import todo: #0 'msvcp_win.dll'.
4488.f0c: supR3HardenedWinVerifyCacheScheduleImports: Import todo: #72 'user32.dll'.
4488.f0c: supR3HardenedWinVerifyCacheScheduleImports: Import todo: #74 'gdi32.dll'.
4488.f0c: supHardenedWinVerifyImageByHandle: -> 0 (\Device\HarddiskVolume3\Windows\System32\shell32.dll)
4488.f0c: supR3HardenedWinVerifyCacheInsert: \Device\HarddiskVolume3\Windows\System32\shell32.dll
4488.f0c: supR3HardenedWinVerifyCacheProcessImportTodos: Processing 'ole32.dll'...
4488.f0c: supR3HardenedWinVerifyCacheProcessImportTodos: 'ole32.dll' -> '\Device\HarddiskVolume3\Windows\System32\ole32.dll' [rcNtRedir=0xc0150008]
4488.f0c: supR3HardenedScreenImage/Imports: cache hit (VINF_SUCCESS) on \Device\HarddiskVolume3\Windows\System32\ole32.dll
4488.f0c: supR3HardenedWinVerifyCacheProcessImportTodos: Processing 'gdi32.dll'...
4488.f0c: supR3HardenedWinVerifyCacheProcessImportTodos: 'gdi32.dll' -> '\Device\HarddiskVolume3\Windows\System32\gdi32.dll' [rcNtRedir=0xc0150008]
4488.f0c: supR3HardenedScreenImage/Imports: cache hit (VINF_SUCCESS) on \Device\HarddiskVolume3\Windows\System32\gdi32.dll [lacks WinVerifyTrust]
4488.f0c: supR3HardenedWinVerifyCacheProcessImportTodos: Processing 'd3d12.dll'...
4488.f0c: supR3HardenedWinVerifyCacheProcessImportTodos: 'd3d12.dll' -> '\Device\HarddiskVolume3\Windows\System32\d3d12.dll' [rcNtRedir=0xc0150008]
4488.f0c: Detected WinVerifyTrust recursion: rc=VINF_SUCCESS '\Device\HarddiskVolume3\Windows\System32\D3D12.dll'.
4488.f0c: supR3HardenedWinVerifyCacheScheduleImports: Import todo: #0 'msvcp_win.dll'.
4488.f0c: supHardenedWinVerifyImageByHandle: -> 0 (\Device\HarddiskVolume3\Windows\System32\D3D12.dll)
4488.f0c: supR3HardenedWinVerifyCacheInsert: \Device\HarddiskVolume3\Windows\System32\D3D12.dll
4488.f0c: supR3HardenedWinVerifyCacheProcessImportTodos: Processing 'dxgi.dll'...
4488.f0c: supR3HardenedWinVerifyCacheProcessImportTodos: 'dxgi.dll' -> '\Device\HarddiskVolume3\Windows\System32\dxgi.dll' [rcNtRedir=0xc0150008]
4488.f0c: Detected WinVerifyTrust recursion: rc=VINF_SUCCESS '\Device\HarddiskVolume3\Windows\System32\dxgi.dll'.
4488.f0c: supR3HardenedWinVerifyCacheScheduleImports: Import todo: #0 'msvcp_win.dll'.
4488.f0c: supR3HardenedWinVerifyCacheScheduleImports: Import todo: #6 'win32u.dll'.
4488.f0c: supHardenedWinVerifyImageByHandle: -> 0 (\Device\HarddiskVolume3\Windows\System32\dxgi.dll)
4488.f0c: supR3HardenedWinVerifyCacheInsert: \Device\HarddiskVolume3\Windows\System32\dxgi.dll
4488.f0c: supR3HardenedWinVerifyCacheProcessImportTodos: Processing 'd3d11.dll'...
4488.f0c: supR3HardenedWinVerifyCacheProcessImportTodos: 'd3d11.dll' -> '\Device\HarddiskVolume3\Windows\System32\d3d11.dll' [rcNtRedir=0xc0150008]
4488.f0c: Detected WinVerifyTrust recursion: rc=VINF_SUCCESS '\Device\HarddiskVolume3\Windows\System32\d3d11.dll'.
4488.f0c: supR3HardenedWinVerifyCacheScheduleImports: Import todo: #0 'msvcp_win.dll'.
4488.f0c: supR3HardenedWinVerifyCacheScheduleImports: Import todo: #29 'dxgi.dll'.
4488.f0c: supR3HardenedWinVerifyCacheScheduleImports: Import todo: #31 'win32u.dll'.
4488.f0c: supHardenedWinVerifyImageByHandle: -> 0 (\Device\HarddiskVolume3\Windows\System32\d3d11.dll)
4488.f0c: supR3HardenedWinVerifyCacheInsert: \Device\HarddiskVolume3\Windows\System32\d3d11.dll
4488.f0c: supR3HardenedWinVerifyCacheProcessImportTodos: Processing 'vcruntime140.dll'...
4488.f0c: supR3HardenedWinVerifyCacheProcessImportTodos: 'vcruntime140.dll' -> '\Device\HarddiskVolume3\Windows\System32\vcruntime140.dll' [rcNtRedir=0xc0150008]
4488.f0c: supR3HardenedWinVerifyCacheProcessImportTodos: Processing 'vcruntime140_1.dll'...
4488.f0c: supR3HardenedWinVerifyCacheProcessImportTodos: 'vcruntime140_1.dll' -> '\Device\HarddiskVolume3\Windows\System32\vcruntime140_1.dll' [rcNtRedir=0xc0150008]
4488.f0c: supR3HardenedScreenImage/Imports: cache hit (VINF_SUCCESS) on \Device\HarddiskVolume3\Windows\System32\vcruntime140_1.dll
4488.f0c: supR3HardenedWinVerifyCacheProcessImportTodos: Processing 'msvcp140_1.dll'...
4488.f0c: supR3HardenedWinVerifyCacheProcessImportTodos: 'msvcp140_1.dll' -> '\Device\HarddiskVolume3\Windows\System32\msvcp140_1.dll' [rcNtRedir=0xc0150008]
4488.f0c: supR3HardenedScreenImage/Imports: cache hit (VINF_SUCCESS) on \Device\HarddiskVolume3\Windows\System32\msvcp140_1.dll [lacks WinVerifyTrust]
4488.f0c: supR3HardenedWinVerifyCacheProcessImportTodos: Processing 'msvcp140.dll'...
4488.f0c: supR3HardenedWinVerifyCacheProcessImportTodos: 'msvcp140.dll' -> '\Device\HarddiskVolume3\Windows\System32\msvcp140.dll' [rcNtRedir=0xc0150008]
4488.f0c: supR3HardenedScreenImage/Imports: cache hit (VINF_SUCCESS) on \Device\HarddiskVolume3\Windows\System32\msvcp140.dll
4488.f0c: supR3HardenedWinVerifyCacheProcessImportTodos: Processing 'ws2_32.dll'...
4488.f0c: supR3HardenedWinVerifyCacheProcessImportTodos: 'ws2_32.dll' -> '\Device\HarddiskVolume3\Windows\System32\ws2_32.dll' [rcNtRedir=0xc0150008]
4488.f0c: supR3HardenedScreenImage/Imports: cache hit (VINF_SUCCESS) on \Device\HarddiskVolume3\Windows\System32\ws2_32.dll
4488.f0c: supR3HardenedWinVerifyCacheProcessImportTodos: Processing 'winmm.dll'...
4488.f0c: supR3HardenedWinVerifyCacheProcessImportTodos: 'winmm.dll' -> '\Device\HarddiskVolume3\Windows\System32\winmm.dll' [rcNtRedir=0xc0150008]
4488.f0c: supR3HardenedScreenImage/Imports: cache hit (VINF_SUCCESS) on \Device\HarddiskVolume3\Windows\System32\winmm.dll
4488.f0c: supR3HardenedWinVerifyCacheProcessImportTodos: Processing 'version.dll'...
4488.f0c: supR3HardenedWinVerifyCacheProcessImportTodos: 'version.dll' -> '\Device\HarddiskVolume3\Windows\System32\version.dll' [rcNtRedir=0xc0150008]
4488.f0c: Detected WinVerifyTrust recursion: rc=VINF_SUCCESS '\Device\HarddiskVolume3\Windows\System32\version.dll'.
4488.f0c: supR3HardenedWinVerifyCacheScheduleImports: Import todo: #0 'msvcrt.dll'.
4488.f0c: supHardenedWinVerifyImageByHandle: -> 0 (\Device\HarddiskVolume3\Windows\System32\version.dll)
4488.f0c: supR3HardenedWinVerifyCacheInsert: \Device\HarddiskVolume3\Windows\System32\version.dll
4488.f0c: supR3HardenedWinVerifyCacheProcessImportTodos: Processing 'user32.dll'...
4488.f0c: supR3HardenedWinVerifyCacheProcessImportTodos: 'user32.dll' -> '\Device\HarddiskVolume3\Windows\System32\user32.dll' [rcNtRedir=0xc0150008]
4488.f0c: supR3HardenedScreenImage/Imports: cache hit (VINF_SUCCESS) on \Device\HarddiskVolume3\Windows\System32\user32.dll [lacks WinVerifyTrust]
4488.f0c: supR3HardenedWinVerifyCacheProcessImportTodos: Processing 'shell32.dll'...
4488.f0c: supR3HardenedWinVerifyCacheProcessImportTodos: 'shell32.dll' -> '\Device\HarddiskVolume3\Windows\System32\shell32.dll' [rcNtRedir=0xc0150008]
4488.f0c: supR3HardenedScreenImage/Imports: cache hit (VINF_SUCCESS) on \Device\HarddiskVolume3\Windows\System32\shell32.dll [lacks WinVerifyTrust]
4488.f0c: supR3HardenedWinVerifyCacheProcessImportTodos: Processing 'ole32.dll'...
4488.f0c: supR3HardenedWinVerifyCacheProcessImportTodos: 'ole32.dll' -> '\Device\HarddiskVolume3\Windows\System32\ole32.dll' [rcNtRedir=0xc0150008]
4488.f0c: supR3HardenedScreenImage/Imports: cache hit (VINF_SUCCESS) on \Device\HarddiskVolume3\Windows\System32\ole32.dll
4488.f0c: supR3HardenedWinVerifyCacheProcessImportTodos: Processing 'netapi32.dll'...
4488.f0c: supR3HardenedWinVerifyCacheProcessImportTodos: 'netapi32.dll' -> '\Device\HarddiskVolume3\Windows\System32\netapi32.dll' [rcNtRedir=0xc0150008]
4488.f0c: Detected WinVerifyTrust recursion: rc=VINF_SUCCESS '\Device\HarddiskVolume3\Windows\System32\netapi32.dll'.
4488.f0c: supR3HardenedWinVerifyCacheScheduleImports: Import todo: #0 'msvcrt.dll'.
4488.f0c: supHardenedWinVerifyImageByHandle: -> 0 (\Device\HarddiskVolume3\Windows\System32\netapi32.dll)
4488.f0c: supR3HardenedWinVerifyCacheInsert: \Device\HarddiskVolume3\Windows\System32\netapi32.dll
4488.f0c: supR3HardenedWinVerifyCacheProcessImportTodos: Processing 'authz.dll'...
4488.f0c: supR3HardenedWinVerifyCacheProcessImportTodos: 'authz.dll' -> '\Device\HarddiskVolume3\Windows\System32\authz.dll' [rcNtRedir=0xc0150008]
4488.f0c: Detected WinVerifyTrust recursion: rc=22900 '\Device\HarddiskVolume3\Windows\System32\authz.dll'.
4488.f0c: supHardenedWinVerifyImageByHandle: -> 22900 (\Device\HarddiskVolume3\Windows\System32\authz.dll)
4488.f0c: supR3HardenedWinVerifyCacheInsert: \Device\HarddiskVolume3\Windows\System32\authz.dll
4488.f0c: supR3HardenedWinVerifyCacheProcessImportTodos: Processing 'advapi32.dll'...
4488.f0c: supR3HardenedWinVerifyCacheProcessImportTodos: 'advapi32.dll' -> '\Device\HarddiskVolume3\Windows\System32\advapi32.dll' [rcNtRedir=0xc0150008]
4488.f0c: supR3HardenedScreenImage/Imports: cache hit (VINF_SUCCESS) on \Device\HarddiskVolume3\Windows\System32\advapi32.dll
4488.f0c: supR3HardenedWinVerifyCacheProcessImportTodos: Processing 'userenv.dll'...
4488.f0c: supR3HardenedWinVerifyCacheProcessImportTodos: 'userenv.dll' -> '\Device\HarddiskVolume3\Windows\System32\userenv.dll' [rcNtRedir=0xc0150008]
4488.f0c: Detected WinVerifyTrust recursion: rc=VINF_SUCCESS '\Device\HarddiskVolume3\Windows\System32\userenv.dll'.
4488.f0c: supR3HardenedWinVerifyCacheScheduleImports: Import todo: #15 'rpcrt4.dll'.
4488.f0c: supHardenedWinVerifyImageByHandle: -> 0 (\Device\HarddiskVolume3\Windows\System32\userenv.dll)
4488.f0c: supR3HardenedWinVerifyCacheInsert: \Device\HarddiskVolume3\Windows\System32\userenv.dll
4488.f0c: supR3HardenedWinVerifyCacheProcessImportTodos: Processing 'mpr.dll'...
4488.f0c: supR3HardenedWinVerifyCacheProcessImportTodos: 'mpr.dll' -> '\Device\HarddiskVolume3\Windows\System32\mpr.dll' [rcNtRedir=0xc0150008]
4488.f0c: Detected WinVerifyTrust recursion: rc=VINF_SUCCESS '\Device\HarddiskVolume3\Windows\System32\mpr.dll'.
4488.f0c: supHardenedWinVerifyImageByHandle: -> 0 (\Device\HarddiskVolume3\Windows\System32\mpr.dll)
4488.f0c: supR3HardenedWinVerifyCacheInsert: \Device\HarddiskVolume3\Windows\System32\mpr.dll
4488.f0c: supR3HardenedWinVerifyCacheProcessImportTodos: Processing 'vcruntime140.dll'...
4488.f0c: supR3HardenedWinVerifyCacheProcessImportTodos: 'vcruntime140.dll' -> '\Device\HarddiskVolume3\Windows\System32\vcruntime140.dll' [rcNtRedir=0xc0150008]
4488.f0c: supR3HardenedWinVerifyCacheProcessImportTodos: Processing 'msvcp140.dll'...
4488.f0c: supR3HardenedWinVerifyCacheProcessImportTodos: 'msvcp140.dll' -> '\Device\HarddiskVolume3\Windows\System32\msvcp140.dll' [rcNtRedir=0xc0150008]
4488.f0c: supR3HardenedScreenImage/Imports: cache hit (VINF_SUCCESS) on \Device\HarddiskVolume3\Windows\System32\msvcp140.dll
4488.f0c: supR3HardenedWinVerifyCacheProcessImportTodos: Processing 'rpcrt4.dll'...
4488.f0c: supR3HardenedWinVerifyCacheProcessImportTodos: 'rpcrt4.dll' -> '\Device\HarddiskVolume3\Windows\System32\rpcrt4.dll' [rcNtRedir=0xc0150008]
4488.f0c: supR3HardenedWinVerifyCacheProcessImportTodos: Processing 'msvcrt.dll'...
4488.f0c: supR3HardenedWinVerifyCacheProcessImportTodos: 'msvcrt.dll' -> '\Device\HarddiskVolume3\Windows\System32\msvcrt.dll' [rcNtRedir=0xc0150008]
4488.f0c: supR3HardenedScreenImage/Imports: cache hit (VINF_SUCCESS) on \Device\HarddiskVolume3\Windows\System32\msvcrt.dll
4488.f0c: supR3HardenedWinVerifyCacheProcessImportTodos: Processing 'msvcrt.dll'...
4488.f0c: supR3HardenedWinVerifyCacheProcessImportTodos: 'msvcrt.dll' -> '\Device\HarddiskVolume3\Windows\System32\msvcrt.dll' [rcNtRedir=0xc0150008]
4488.f0c: supR3HardenedScreenImage/Imports: cache hit (VINF_SUCCESS) on \Device\HarddiskVolume3\Windows\System32\msvcrt.dll
4488.f0c: supR3HardenedWinVerifyCacheProcessImportTodos: Processing 'win32u.dll'...
4488.f0c: supR3HardenedWinVerifyCacheProcessImportTodos: 'win32u.dll' -> '\Device\HarddiskVolume3\Windows\System32\win32u.dll' [rcNtRedir=0xc0150008]
4488.f0c: supR3HardenedScreenImage/Imports: cache hit (VINF_SUCCESS) on \Device\HarddiskVolume3\Windows\System32\win32u.dll [lacks WinVerifyTrust]
4488.f0c: supR3HardenedWinVerifyCacheProcessImportTodos: Processing 'dxgi.dll'...
4488.f0c: supR3HardenedWinVerifyCacheProcessImportTodos: 'dxgi.dll' -> '\Device\HarddiskVolume3\Windows\System32\dxgi.dll' [rcNtRedir=0xc0150008]
4488.f0c: supR3HardenedScreenImage/Imports: cache hit (VINF_SUCCESS) on \Device\HarddiskVolume3\Windows\System32\dxgi.dll [lacks WinVerifyTrust]
4488.f0c: supR3HardenedWinVerifyCacheProcessImportTodos: Processing 'msvcp_win.dll'...
4488.f0c: supR3HardenedWinVerifyCacheProcessImportTodos: 'msvcp_win.dll' -> '\Device\HarddiskVolume3\Windows\System32\msvcp_win.dll' [rcNtRedir=0xc0150008]
4488.f0c: supR3HardenedScreenImage/Imports: cache hit (VINF_SUCCESS) on \Device\HarddiskVolume3\Windows\System32\msvcp_win.dll
4488.f0c: supR3HardenedWinVerifyCacheProcessImportTodos: Processing 'win32u.dll'...
4488.f0c: supR3HardenedWinVerifyCacheProcessImportTodos: 'win32u.dll' -> '\Device\HarddiskVolume3\Windows\System32\win32u.dll' [rcNtRedir=0xc0150008]
4488.f0c: supR3HardenedScreenImage/Imports: cache hit (VINF_SUCCESS) on \Device\HarddiskVolume3\Windows\System32\win32u.dll [lacks WinVerifyTrust]
4488.f0c: supR3HardenedWinVerifyCacheProcessImportTodos: Processing 'msvcp_win.dll'...
4488.f0c: supR3HardenedWinVerifyCacheProcessImportTodos: 'msvcp_win.dll' -> '\Device\HarddiskVolume3\Windows\System32\msvcp_win.dll' [rcNtRedir=0xc0150008]
4488.f0c: supR3HardenedScreenImage/Imports: cache hit (VINF_SUCCESS) on \Device\HarddiskVolume3\Windows\System32\msvcp_win.dll
4488.f0c: supR3HardenedWinVerifyCacheProcessImportTodos: Processing 'msvcp_win.dll'...
4488.f0c: supR3HardenedWinVerifyCacheProcessImportTodos: 'msvcp_win.dll' -> '\Device\HarddiskVolume3\Windows\System32\msvcp_win.dll' [rcNtRedir=0xc0150008]
4488.f0c: supR3HardenedScreenImage/Imports: cache hit (VINF_SUCCESS) on \Device\HarddiskVolume3\Windows\System32\msvcp_win.dll
4488.f0c: supR3HardenedWinVerifyCacheProcessImportTodos: Processing 'gdi32.dll'...
4488.f0c: supR3HardenedWinVerifyCacheProcessImportTodos: 'gdi32.dll' -> '\Device\HarddiskVolume3\Windows\System32\gdi32.dll' [rcNtRedir=0xc0150008]
4488.f0c: supR3HardenedScreenImage/Imports: cache hit (VINF_SUCCESS) on \Device\HarddiskVolume3\Windows\System32\gdi32.dll [lacks WinVerifyTrust]
4488.f0c: supR3HardenedWinVerifyCacheProcessImportTodos: Processing 'user32.dll'...
4488.f0c: supR3HardenedWinVerifyCacheProcessImportTodos: 'user32.dll' -> '\Device\HarddiskVolume3\Windows\System32\user32.dll' [rcNtRedir=0xc0150008]
4488.f0c: supR3HardenedScreenImage/Imports: cache hit (VINF_SUCCESS) on \Device\HarddiskVolume3\Windows\System32\user32.dll [lacks WinVerifyTrust]
4488.f0c: supR3HardenedWinVerifyCacheProcessImportTodos: Processing 'msvcp_win.dll'...
4488.f0c: supR3HardenedWinVerifyCacheProcessImportTodos: 'msvcp_win.dll' -> '\Device\HarddiskVolume3\Windows\System32\msvcp_win.dll' [rcNtRedir=0xc0150008]
4488.f0c: supR3HardenedScreenImage/Imports: cache hit (VINF_SUCCESS) on \Device\HarddiskVolume3\Windows\System32\msvcp_win.dll
4488.f0c: supR3HardenedWinVerifyCacheProcessImportTodos: Processing 'msvcp_win.dll'...
4488.f0c: supR3HardenedWinVerifyCacheProcessImportTodos: 'msvcp_win.dll' -> '\Device\HarddiskVolume3\Windows\System32\msvcp_win.dll' [rcNtRedir=0xc0150008]
4488.f0c: supR3HardenedScreenImage/Imports: cache hit (VINF_SUCCESS) on \Device\HarddiskVolume3\Windows\System32\msvcp_win.dll
4488.f0c: supR3HardenedWinVerifyCacheProcessImportTodos: Processing 'rpcrt4.dll'...
4488.f0c: supR3HardenedWinVerifyCacheProcessImportTodos: 'rpcrt4.dll' -> '\Device\HarddiskVolume3\Windows\System32\rpcrt4.dll' [rcNtRedir=0xc0150008]
4488.f0c: supR3HardenedWinVerifyCacheProcessImportTodos: Processing 'vcruntime140_1.dll'...
4488.f0c: supR3HardenedWinVerifyCacheProcessImportTodos: 'vcruntime140_1.dll' -> '\Device\HarddiskVolume3\Windows\System32\vcruntime140_1.dll' [rcNtRedir=0xc0150008]
4488.f0c: supR3HardenedScreenImage/Imports: cache hit (VINF_SUCCESS) on \Device\HarddiskVolume3\Windows\System32\vcruntime140_1.dll
4488.f0c: supR3HardenedWinVerifyCacheProcessImportTodos: Processing 'vcruntime140.dll'...
4488.f0c: supR3HardenedWinVerifyCacheProcessImportTodos: 'vcruntime140.dll' -> '\Device\HarddiskVolume3\Windows\System32\vcruntime140.dll' [rcNtRedir=0xc0150008]
4488.f0c: supR3HardenedWinVerifyCacheProcessImportTodos: Processing 'msvcp140.dll'...
4488.f0c: supR3HardenedWinVerifyCacheProcessImportTodos: 'msvcp140.dll' -> '\Device\HarddiskVolume3\Windows\System32\msvcp140.dll' [rcNtRedir=0xc0150008]
4488.f0c: supR3HardenedScreenImage/Imports: cache hit (VINF_SUCCESS) on \Device\HarddiskVolume3\Windows\System32\msvcp140.dll
4488.f0c: supR3HardenedMonitor_LdrLoadDll: returns rcNt=0x0 hMod=00007ff9c5b00000 'C:\WINDOWS\system32\rsaenh.dll'
4488.f0c: supR3HardenedMonitor_LdrLoadDll: returns rcNt=0x0 hMod=00007ff9c7050000 'C:\WINDOWS\System32\crypt32.dll'
4488.f0c: supR3HardenedWinVerifyCacheScheduleImports: Import todo: #0 'd3d11.dll'.
4488.f0c: supR3HardenedWinVerifyCacheScheduleImports: Import todo: #1 'dxgi.dll'.
4488.f0c: supR3HardenedWinVerifyCacheScheduleImports: Import todo: #2 'd3d12.dll'.
4488.f0c: supR3HardenedWinVerifyCacheScheduleImports: Import todo: #3 'gdi32.dll'.
4488.f0c: supR3HardenedWinVerifyCacheScheduleImports: Import todo: #4 'ole32.dll'.
4488.f0c: supR3HardenedWinVerifyCacheScheduleImports: Import todo: #5 'shell32.dll'.
4488.f0c: supR3HardenedWinVerifyCacheScheduleImports: Import todo: #6 'user32.dll'.
4488.f0c: supR3HardenedWinVerifyCacheScheduleImports: Import todo: #7 'uxtheme.dll'.
4488.f0c: supR3HardenedWinVerifyCacheScheduleImports: Import todo: #8 'dwrite.dll'.
4488.f0c: supR3HardenedWinVerifyCacheScheduleImports: Import todo: #9 'qt6corevbox.dll'.
4488.f0c: supR3HardenedWinVerifyCacheScheduleImports: Import todo: #11 'msvcp140.dll'.
4488.f0c: supR3HardenedWinVerifyCacheScheduleImports: Import todo: #12 'msvcp140_1.dll'.
4488.f0c: supR3HardenedWinVerifyCacheScheduleImports: Import todo: #13 'msvcp140_2.dll'.
4488.f0c: supR3HardenedWinVerifyCacheScheduleImports: Import todo: #14 'vcruntime140.dll'.
4488.f0c: supR3HardenedWinVerifyCacheScheduleImports: Import todo: #15 'vcruntime140_1.dll'.
4488.f0c: supHardenedWinVerifyImageByHandle: -> 0 (\Device\HarddiskVolume3\Program Files\Oracle\VirtualBox\Qt6GuiVBox.dll) WinVerifyTrust
4488.f0c: supR3HardenedWinVerifyCacheProcessImportTodos: Processing 'qt6corevbox.dll'...
4488.f0c: supR3HardenedWinVerifyCacheProcessImportTodos: 'qt6corevbox.dll' -> '\Device\HarddiskVolume3\Program Files\Oracle\VirtualBox\qt6corevbox.dll' [rcNtRedir=0xc0150008]
4488.f0c: supR3HardenedScreenImage/Imports: cache hit (VINF_SUCCESS) on \Device\HarddiskVolume3\Program Files\Oracle\VirtualBox\Qt6CoreVBox.dll [redoing WinVerifyTrust]
4488.f0c: supR3HardenedWinVerifyCacheProcessImportTodos: Processing 'vcruntime140_1.dll'...
4488.f0c: supR3HardenedWinVerifyCacheProcessImportTodos: 'vcruntime140_1.dll' -> '\Device\HarddiskVolume3\Windows\System32\vcruntime140_1.dll' [rcNtRedir=0xc0150008]
4488.f0c: supR3HardenedScreenImage/Imports: cache hit (VINF_SUCCESS) on \Device\HarddiskVolume3\Windows\System32\vcruntime140_1.dll
4488.f0c: supR3HardenedWinVerifyCacheProcessImportTodos: Processing 'vcruntime140.dll'...
4488.f0c: supR3HardenedWinVerifyCacheProcessImportTodos: 'vcruntime140.dll' -> '\Device\HarddiskVolume3\Windows\System32\vcruntime140.dll' [rcNtRedir=0xc0150008]
4488.f0c: supR3HardenedWinVerifyCacheProcessImportTodos: Processing 'msvcp140_2.dll'...
4488.f0c: supR3HardenedWinVerifyCacheProcessImportTodos: 'msvcp140_2.dll' -> '\Device\HarddiskVolume3\Windows\System32\msvcp140_2.dll' [rcNtRedir=0xc0150008]
4488.f0c: supR3HardenedScreenImage/Imports: cache hit (VINF_SUCCESS) on \Device\HarddiskVolume3\Windows\System32\msvcp140_2.dll [lacks WinVerifyTrust]
4488.f0c: supR3HardenedWinVerifyCacheProcessImportTodos: Processing 'msvcp140_1.dll'...
4488.f0c: supR3HardenedWinVerifyCacheProcessImportTodos: 'msvcp140_1.dll' -> '\Device\HarddiskVolume3\Windows\System32\msvcp140_1.dll' [rcNtRedir=0xc0150008]
4488.f0c: supR3HardenedScreenImage/Imports: cache hit (VINF_SUCCESS) on \Device\HarddiskVolume3\Windows\System32\msvcp140_1.dll [lacks WinVerifyTrust]
4488.f0c: supR3HardenedWinVerifyCacheProcessImportTodos: Processing 'msvcp140.dll'...
4488.f0c: supR3HardenedWinVerifyCacheProcessImportTodos: 'msvcp140.dll' -> '\Device\HarddiskVolume3\Windows\System32\msvcp140.dll' [rcNtRedir=0xc0150008]
4488.f0c: supR3HardenedWinVerifyCacheProcessImportTodos: Processing 'qt6corevbox.dll'...
4488.f0c: supR3HardenedWinVerifyCacheProcessImportTodos: 'qt6corevbox.dll' -> '\Device\HarddiskVolume3\Program Files\Oracle\VirtualBox\qt6corevbox.dll' [rcNtRedir=0xc0150008]
4488.f0c: supR3HardenedScreenImage/Imports: cache hit (VINF_SUCCESS) on \Device\HarddiskVolume3\Program Files\Oracle\VirtualBox\Qt6CoreVBox.dll [lacks WinVerifyTrust]
4488.f0c: supR3HardenedWinVerifyCacheProcessImportTodos: Processing 'dwrite.dll'...
4488.f0c: supR3HardenedWinVerifyCacheProcessImportTodos: 'dwrite.dll' -> '\Device\HarddiskVolume3\Windows\System32\dwrite.dll' [rcNtRedir=0xc0150008]
4488.f0c: supR3HardenedScreenImage/Imports: cache hit (22900) on \Device\HarddiskVolume3\Windows\System32\DWrite.dll [lacks WinVerifyTrust]
4488.f0c: supR3HardenedWinVerifyCacheProcessImportTodos: Processing 'uxtheme.dll'...
4488.f0c: supR3HardenedWinVerifyCacheProcessImportTodos: 'uxtheme.dll' -> '\Device\HarddiskVolume3\Windows\System32\uxtheme.dll' [rcNtRedir=0xc0150008]
4488.f0c: supR3HardenedScreenImage/Imports: cache hit (22900) on \Device\HarddiskVolume3\Windows\System32\uxtheme.dll [lacks WinVerifyTrust]
4488.f0c: supR3HardenedWinVerifyCacheProcessImportTodos: Processing 'user32.dll'...
4488.f0c: supR3HardenedWinVerifyCacheProcessImportTodos: 'user32.dll' -> '\Device\HarddiskVolume3\Windows\System32\user32.dll' [rcNtRedir=0xc0150008]
4488.f0c: supR3HardenedScreenImage/Imports: cache hit (VINF_SUCCESS) on \Device\HarddiskVolume3\Windows\System32\user32.dll [lacks WinVerifyTrust]
4488.f0c: supR3HardenedWinVerifyCacheProcessImportTodos: Processing 'shell32.dll'...
4488.f0c: supR3HardenedWinVerifyCacheProcessImportTodos: 'shell32.dll' -> '\Device\HarddiskVolume3\Windows\System32\shell32.dll' [rcNtRedir=0xc0150008]
4488.f0c: supR3HardenedScreenImage/Imports: cache hit (VINF_SUCCESS) on \Device\HarddiskVolume3\Windows\System32\shell32.dll [lacks WinVerifyTrust]
4488.f0c: supR3HardenedWinVerifyCacheProcessImportTodos: Processing 'ole32.dll'...
4488.f0c: supR3HardenedWinVerifyCacheProcessImportTodos: 'ole32.dll' -> '\Device\HarddiskVolume3\Windows\System32\ole32.dll' [rcNtRedir=0xc0150008]
4488.f0c: supR3HardenedScreenImage/Imports: cache hit (VINF_SUCCESS) on \Device\HarddiskVolume3\Windows\System32\ole32.dll
4488.f0c: supR3HardenedWinVerifyCacheProcessImportTodos: Processing 'gdi32.dll'...
4488.f0c: supR3HardenedWinVerifyCacheProcessImportTodos: 'gdi32.dll' -> '\Device\HarddiskVolume3\Windows\System32\gdi32.dll' [rcNtRedir=0xc0150008]
4488.f0c: supR3HardenedScreenImage/Imports: cache hit (VINF_SUCCESS) on \Device\HarddiskVolume3\Windows\System32\gdi32.dll [lacks WinVerifyTrust]
4488.f0c: supR3HardenedWinVerifyCacheProcessImportTodos: Processing 'd3d12.dll'...
4488.f0c: supR3HardenedWinVerifyCacheProcessImportTodos: 'd3d12.dll' -> '\Device\HarddiskVolume3\Windows\System32\d3d12.dll' [rcNtRedir=0xc0150008]
4488.f0c: supR3HardenedScreenImage/Imports: cache hit (VINF_SUCCESS) on \Device\HarddiskVolume3\Windows\System32\D3D12.dll [lacks WinVerifyTrust]
4488.f0c: supR3HardenedWinVerifyCacheProcessImportTodos: Processing 'dxgi.dll'...
4488.f0c: supR3HardenedWinVerifyCacheProcessImportTodos: 'dxgi.dll' -> '\Device\HarddiskVolume3\Windows\System32\dxgi.dll' [rcNtRedir=0xc0150008]
4488.f0c: supR3HardenedScreenImage/Imports: cache hit (VINF_SUCCESS) on \Device\HarddiskVolume3\Windows\System32\dxgi.dll [lacks WinVerifyTrust]
4488.f0c: supR3HardenedWinVerifyCacheProcessImportTodos: Processing 'd3d11.dll'...
4488.f0c: supR3HardenedWinVerifyCacheProcessImportTodos: 'd3d11.dll' -> '\Device\HarddiskVolume3\Windows\System32\d3d11.dll' [rcNtRedir=0xc0150008]
4488.f0c: supR3HardenedScreenImage/Imports: cache hit (VINF_SUCCESS) on \Device\HarddiskVolume3\Windows\System32\d3d11.dll [lacks WinVerifyTrust]
4488.f0c: supR3HardenedMonitor_LdrLoadDll: returns rcNt=0x0 hMod=00007ff9c5b00000 'C:\WINDOWS\system32\rsaenh.dll'
4488.f0c: supR3HardenedMonitor_LdrLoadDll: returns rcNt=0x0 hMod=00007ff9c7050000 'C:\WINDOWS\System32\crypt32.dll'
4488.f0c: supR3HardenedScreenImage/Imports: 0 (was 0) fWinVerifyTrust=1 for '\Device\HarddiskVolume3\Program Files\Oracle\VirtualBox\Qt6CoreVBox.dll'
4488.f0c: supR3HardenedWinVerifyCacheProcessImportTodos: Processing 'uicommon.dll'...
4488.f0c: supR3HardenedWinVerifyCacheProcessImportTodos: 'uicommon.dll' -> '\Device\HarddiskVolume3\Program Files\Oracle\VirtualBox\uicommon.dll' [rcNtRedir=0xc0150008]
4488.f0c: supR3HardenedMonitor_LdrLoadDll: returns rcNt=0x0 hMod=00007ff9c5b00000 'C:\WINDOWS\system32\rsaenh.dll'
4488.f0c: supR3HardenedMonitor_LdrLoadDll: returns rcNt=0x0 hMod=00007ff9c7050000 'C:\WINDOWS\System32\crypt32.dll'
4488.f0c: supR3HardenedWinVerifyCacheScheduleImports: Import todo: #0 'qt6corevbox.dll'.
4488.f0c: supR3HardenedWinVerifyCacheScheduleImports: Import todo: #1 'qt6guivbox.dll'.
4488.f0c: supR3HardenedWinVerifyCacheScheduleImports: Import todo: #2 'qt6widgetsvbox.dll'.
4488.f0c: supR3HardenedWinVerifyCacheScheduleImports: Import todo: #3 'qt6helpvbox.dll'.
4488.f0c: supR3HardenedWinVerifyCacheScheduleImports: Import todo: #4 'qt6statemachinevbox.dll'.
4488.f0c: supR3HardenedWinVerifyCacheScheduleImports: Import todo: #11 'user32.dll'.
4488.f0c: supR3HardenedWinVerifyCacheScheduleImports: Import todo: #12 'ole32.dll'.
4488.f0c: supR3HardenedWinVerifyCacheScheduleImports: Import todo: #13 'oleaut32.dll'.
4488.f0c: supR3HardenedWinVerifyCacheScheduleImports: Import todo: #14 'vboxrt.dll'.
4488.f0c: supR3HardenedWinVerifyCacheScheduleImports: Import todo: #15 'vcruntime140.dll'.
4488.f0c: supR3HardenedWinVerifyCacheScheduleImports: Import todo: #16 'vcruntime140_1.dll'.
4488.f0c: supR3HardenedWinVerifyCacheScheduleImports: Import todo: #17 'msvcp140.dll'.
4488.f0c: supR3HardenedWinVerifyCacheScheduleImports: Import todo: #18 'advapi32.dll'.
4488.f0c: supR3HardenedWinVerifyCacheScheduleImports: Import todo: #19 'rpcrt4.dll'.
4488.f0c: supHardenedWinVerifyImageByHandle: -> 0 (\Device\HarddiskVolume3\Program Files\Oracle\VirtualBox\UICommon.dll) WinVerifyTrust
4488.f0c: supR3HardenedWinVerifyCacheInsert: \Device\HarddiskVolume3\Program Files\Oracle\VirtualBox\UICommon.dll
4488.f0c: supR3HardenedWinVerifyCacheProcessImportTodos: Processing 'rpcrt4.dll'...
4488.f0c: supR3HardenedWinVerifyCacheProcessImportTodos: 'rpcrt4.dll' -> '\Device\HarddiskVolume3\Windows\System32\rpcrt4.dll' [rcNtRedir=0xc0150008]
4488.f0c: supR3HardenedWinVerifyCacheProcessImportTodos: Processing 'advapi32.dll'...
4488.f0c: supR3HardenedWinVerifyCacheProcessImportTodos: 'advapi32.dll' -> '\Device\HarddiskVolume3\Windows\System32\advapi32.dll' [rcNtRedir=0xc0150008]
4488.f0c: supR3HardenedScreenImage/Imports: cache hit (VINF_SUCCESS) on \Device\HarddiskVolume3\Windows\System32\advapi32.dll
4488.f0c: supR3HardenedWinVerifyCacheProcessImportTodos: Processing 'msvcp140.dll'...
4488.f0c: supR3HardenedWinVerifyCacheProcessImportTodos: 'msvcp140.dll' -> '\Device\HarddiskVolume3\Windows\System32\msvcp140.dll' [rcNtRedir=0xc0150008]
4488.f0c: supR3HardenedWinVerifyCacheProcessImportTodos: Processing 'vcruntime140_1.dll'...
4488.f0c: supR3HardenedWinVerifyCacheProcessImportTodos: 'vcruntime140_1.dll' -> '\Device\HarddiskVolume3\Windows\System32\vcruntime140_1.dll' [rcNtRedir=0xc0150008]
4488.f0c: supR3HardenedWinVerifyCacheProcessImportTodos: Processing 'vcruntime140.dll'...
4488.f0c: supR3HardenedWinVerifyCacheProcessImportTodos: 'vcruntime140.dll' -> '\Device\HarddiskVolume3\Windows\System32\vcruntime140.dll' [rcNtRedir=0xc0150008]
4488.f0c: supR3HardenedWinVerifyCacheProcessImportTodos: Processing 'vboxrt.dll'...
4488.f0c: supR3HardenedWinVerifyCacheProcessImportTodos: 'vboxrt.dll' -> '\Device\HarddiskVolume3\Program Files\Oracle\VirtualBox\vboxrt.dll' [rcNtRedir=0xc0150008]
4488.f0c: supR3HardenedWinVerifyCacheProcessImportTodos: Processing 'oleaut32.dll'...
4488.f0c: supR3HardenedWinVerifyCacheProcessImportTodos: 'oleaut32.dll' -> '\Device\HarddiskVolume3\Windows\System32\oleaut32.dll' [rcNtRedir=0xc0150008]
4488.f0c: supR3HardenedScreenImage/Imports: cache hit (VINF_SUCCESS) on \Device\HarddiskVolume3\Windows\System32\oleaut32.dll
4488.f0c: supR3HardenedWinVerifyCacheProcessImportTodos: Processing 'ole32.dll'...
4488.f0c: supR3HardenedWinVerifyCacheProcessImportTodos: 'ole32.dll' -> '\Device\HarddiskVolume3\Windows\System32\ole32.dll' [rcNtRedir=0xc0150008]
4488.f0c: supR3HardenedScreenImage/Imports: cache hit (VINF_SUCCESS) on \Device\HarddiskVolume3\Windows\System32\ole32.dll
4488.f0c: supR3HardenedWinVerifyCacheProcessImportTodos: Processing 'user32.dll'...
4488.f0c: supR3HardenedWinVerifyCacheProcessImportTodos: 'user32.dll' -> '\Device\HarddiskVolume3\Windows\System32\user32.dll' [rcNtRedir=0xc0150008]
4488.f0c: supR3HardenedScreenImage/Imports: cache hit (VINF_SUCCESS) on \Device\HarddiskVolume3\Windows\System32\user32.dll [redoing WinVerifyTrust]
4488.f0c: supR3HardenedMonitor_LdrLoadDll: returns rcNt=0x0 hMod=00007ff9c5b00000 'C:\WINDOWS\system32\rsaenh.dll'
4488.f0c: supR3HardenedMonitor_LdrLoadDll: returns rcNt=0x0 hMod=00007ff9c7050000 'C:\WINDOWS\System32\crypt32.dll'
4488.f0c: supR3HardenedScreenImage/Imports: 0 (was 0) fWinVerifyTrust=1 for '\Device\HarddiskVolume3\Windows\System32\user32.dll'
4488.f0c: supR3HardenedWinVerifyCacheProcessImportTodos: Processing 'qt6statemachinevbox.dll'...
4488.f0c: supR3HardenedWinVerifyCacheProcessImportTodos: 'qt6statemachinevbox.dll' -> '\Device\HarddiskVolume3\Program Files\Oracle\VirtualBox\qt6statemachinevbox.dll' [rcNtRedir=0xc0150008]
4488.f0c: supR3HardenedMonitor_LdrLoadDll: returns rcNt=0x0 hMod=00007ff9c5b00000 'C:\WINDOWS\system32\rsaenh.dll'
4488.f0c: supR3HardenedMonitor_LdrLoadDll: returns rcNt=0x0 hMod=00007ff9c7050000 'C:\WINDOWS\System32\crypt32.dll'
4488.f0c: supR3HardenedWinVerifyCacheScheduleImports: Import todo: #0 'qt6guivbox.dll'.
4488.f0c: supR3HardenedWinVerifyCacheScheduleImports: Import todo: #1 'qt6corevbox.dll'.
4488.f0c: supR3HardenedWinVerifyCacheScheduleImports: Import todo: #2 'vcruntime140.dll'.
4488.f0c: supHardenedWinVerifyImageByHandle: -> 0 (\Device\HarddiskVolume3\Program Files\Oracle\VirtualBox\Qt6StateMachineVBox.dll) WinVerifyTrust
4488.f0c: supR3HardenedWinVerifyCacheInsert: \Device\HarddiskVolume3\Program Files\Oracle\VirtualBox\Qt6StateMachineVBox.dll
4488.f0c: supR3HardenedWinVerifyCacheProcessImportTodos: Processing 'qt6helpvbox.dll'...
4488.f0c: supR3HardenedWinVerifyCacheProcessImportTodos: 'qt6helpvbox.dll' -> '\Device\HarddiskVolume3\Program Files\Oracle\VirtualBox\qt6helpvbox.dll' [rcNtRedir=0xc0150008]
4488.f0c: supR3HardenedWinVerifyCacheProcessImportTodos: Processing 'vcruntime140.dll'...
4488.f0c: supR3HardenedWinVerifyCacheProcessImportTodos: 'vcruntime140.dll' -> '\Device\HarddiskVolume3\Windows\System32\vcruntime140.dll' [rcNtRedir=0xc0150008]
4488.f0c: supR3HardenedWinVerifyCacheProcessImportTodos: Processing 'qt6corevbox.dll'...
4488.f0c: supR3HardenedWinVerifyCacheProcessImportTodos: 'qt6corevbox.dll' -> '\Device\HarddiskVolume3\Program Files\Oracle\VirtualBox\qt6corevbox.dll' [rcNtRedir=0xc0150008]
4488.f0c: supR3HardenedScreenImage/Imports: cache hit (VINF_SUCCESS) on \Device\HarddiskVolume3\Program Files\Oracle\VirtualBox\Qt6CoreVBox.dll
4488.f0c: supR3HardenedWinVerifyCacheProcessImportTodos: Processing 'qt6guivbox.dll'...
4488.f0c: supR3HardenedWinVerifyCacheProcessImportTodos: 'qt6guivbox.dll' -> '\Device\HarddiskVolume3\Program Files\Oracle\VirtualBox\qt6guivbox.dll' [rcNtRedir=0xc0150008]
4488.f0c: supR3HardenedScreenImage/Imports: cache hit (VINF_SUCCESS) on \Device\HarddiskVolume3\Program Files\Oracle\VirtualBox\Qt6GuiVBox.dll [lacks WinVerifyTrust]
4488.f0c: supR3HardenedMonitor_LdrLoadDll: returns rcNt=0x0 hMod=00007ff9c5b00000 'C:\WINDOWS\system32\rsaenh.dll'
4488.f0c: supR3HardenedMonitor_LdrLoadDll: returns rcNt=0x0 hMod=00007ff9c7050000 'C:\WINDOWS\System32\crypt32.dll'
4488.f0c: supR3HardenedWinVerifyCacheScheduleImports: Import todo: #0 'qt6sqlvbox.dll'.
4488.f0c: supR3HardenedWinVerifyCacheScheduleImports: Import todo: #1 'qt6widgetsvbox.dll'.
4488.f0c: supR3HardenedWinVerifyCacheScheduleImports: Import todo: #2 'qt6guivbox.dll'.
4488.f0c: supR3HardenedWinVerifyCacheScheduleImports: Import todo: #3 'qt6corevbox.dll'.
4488.f0c: supR3HardenedWinVerifyCacheScheduleImports: Import todo: #4 'msvcp140.dll'.
4488.f0c: supR3HardenedWinVerifyCacheScheduleImports: Import todo: #5 'vcruntime140.dll'.
4488.f0c: supR3HardenedWinVerifyCacheScheduleImports: Import todo: #6 'vcruntime140_1.dll'.
4488.f0c: supHardenedWinVerifyImageByHandle: -> 0 (\Device\HarddiskVolume3\Program Files\Oracle\VirtualBox\Qt6HelpVBox.dll) WinVerifyTrust
4488.f0c: supR3HardenedWinVerifyCacheInsert: \Device\HarddiskVolume3\Program Files\Oracle\VirtualBox\Qt6HelpVBox.dll
4488.f0c: supR3HardenedWinVerifyCacheProcessImportTodos: Processing 'qt6widgetsvbox.dll'...
4488.f0c: supR3HardenedWinVerifyCacheProcessImportTodos: 'qt6widgetsvbox.dll' -> '\Device\HarddiskVolume3\Program Files\Oracle\VirtualBox\qt6widgetsvbox.dll' [rcNtRedir=0xc0150008]
4488.f0c: supR3HardenedScreenImage/Imports: cache hit (VINF_SUCCESS) on \Device\HarddiskVolume3\Program Files\Oracle\VirtualBox\Qt6WidgetsVBox.dll
4488.f0c: supR3HardenedWinVerifyCacheProcessImportTodos: Processing 'qt6guivbox.dll'...
4488.f0c: supR3HardenedWinVerifyCacheProcessImportTodos: 'qt6guivbox.dll' -> '\Device\HarddiskVolume3\Program Files\Oracle\VirtualBox\qt6guivbox.dll' [rcNtRedir=0xc0150008]
4488.f0c: supR3HardenedScreenImage/Imports: cache hit (VINF_SUCCESS) on \Device\HarddiskVolume3\Program Files\Oracle\VirtualBox\Qt6GuiVBox.dll [redoing WinVerifyTrust]
4488.f0c: supR3HardenedWinVerifyCacheProcessImportTodos: Processing 'vcruntime140_1.dll'...
4488.f0c: supR3HardenedWinVerifyCacheProcessImportTodos: 'vcruntime140_1.dll' -> '\Device\HarddiskVolume3\Windows\System32\vcruntime140_1.dll' [rcNtRedir=0xc0150008]
4488.f0c: supR3HardenedWinVerifyCacheProcessImportTodos: Processing 'vcruntime140.dll'...
4488.f0c: supR3HardenedWinVerifyCacheProcessImportTodos: 'vcruntime140.dll' -> '\Device\HarddiskVolume3\Windows\System32\vcruntime140.dll' [rcNtRedir=0xc0150008]
4488.f0c: supR3HardenedWinVerifyCacheProcessImportTodos: Processing 'msvcp140.dll'...
4488.f0c: supR3HardenedWinVerifyCacheProcessImportTodos: 'msvcp140.dll' -> '\Device\HarddiskVolume3\Windows\System32\msvcp140.dll' [rcNtRedir=0xc0150008]
4488.f0c: supR3HardenedWinVerifyCacheProcessImportTodos: Processing 'qt6corevbox.dll'...
4488.f0c: supR3HardenedWinVerifyCacheProcessImportTodos: 'qt6corevbox.dll' -> '\Device\HarddiskVolume3\Program Files\Oracle\VirtualBox\qt6corevbox.dll' [rcNtRedir=0xc0150008]
4488.f0c: supR3HardenedScreenImage/Imports: cache hit (VINF_SUCCESS) on \Device\HarddiskVolume3\Program Files\Oracle\VirtualBox\Qt6CoreVBox.dll
4488.f0c: supR3HardenedWinVerifyCacheProcessImportTodos: Processing 'qt6guivbox.dll'...
4488.f0c: supR3HardenedWinVerifyCacheProcessImportTodos: 'qt6guivbox.dll' -> '\Device\HarddiskVolume3\Program Files\Oracle\VirtualBox\qt6guivbox.dll' [rcNtRedir=0xc0150008]
4488.f0c: supR3HardenedScreenImage/Imports: cache hit (VINF_SUCCESS) on \Device\HarddiskVolume3\Program Files\Oracle\VirtualBox\Qt6GuiVBox.dll [lacks WinVerifyTrust]
4488.f0c: supR3HardenedWinVerifyCacheProcessImportTodos: Processing 'qt6widgetsvbox.dll'...
4488.f0c: supR3HardenedWinVerifyCacheProcessImportTodos: 'qt6widgetsvbox.dll' -> '\Device\HarddiskVolume3\Program Files\Oracle\VirtualBox\qt6widgetsvbox.dll' [rcNtRedir=0xc0150008]
4488.f0c: supR3HardenedScreenImage/Imports: cache hit (VINF_SUCCESS) on \Device\HarddiskVolume3\Program Files\Oracle\VirtualBox\Qt6WidgetsVBox.dll
4488.f0c: supR3HardenedWinVerifyCacheProcessImportTodos: Processing 'qt6sqlvbox.dll'...
4488.f0c: supR3HardenedWinVerifyCacheProcessImportTodos: 'qt6sqlvbox.dll' -> '\Device\HarddiskVolume3\Program Files\Oracle\VirtualBox\qt6sqlvbox.dll' [rcNtRedir=0xc0150008]
4488.f0c: Detected WinVerifyTrust recursion: rc=VINF_SUCCESS '\Device\HarddiskVolume3\Program Files\Oracle\VirtualBox\Qt6SqlVBox.dll'.
4488.f0c: supR3HardenedWinVerifyCacheScheduleImports: Import todo: #0 'qt6corevbox.dll'.
4488.f0c: supR3HardenedWinVerifyCacheScheduleImports: Import todo: #1 'msvcp140.dll'.
4488.f0c: supR3HardenedWinVerifyCacheScheduleImports: Import todo: #2 'vcruntime140.dll'.
4488.f0c: supR3HardenedWinVerifyCacheScheduleImports: Import todo: #3 'vcruntime140_1.dll'.
4488.f0c: supHardenedWinVerifyImageByHandle: -> 0 (\Device\HarddiskVolume3\Program Files\Oracle\VirtualBox\Qt6SqlVBox.dll)
4488.f0c: supR3HardenedWinVerifyCacheInsert: \Device\HarddiskVolume3\Program Files\Oracle\VirtualBox\Qt6SqlVBox.dll
4488.f0c: supR3HardenedWinVerifyCacheProcessImportTodos: Processing 'vcruntime140_1.dll'...
4488.f0c: supR3HardenedWinVerifyCacheProcessImportTodos: 'vcruntime140_1.dll' -> '\Device\HarddiskVolume3\Windows\System32\vcruntime140_1.dll' [rcNtRedir=0xc0150008]
4488.f0c: supR3HardenedWinVerifyCacheProcessImportTodos: Processing 'vcruntime140.dll'...
4488.f0c: supR3HardenedWinVerifyCacheProcessImportTodos: 'vcruntime140.dll' -> '\Device\HarddiskVolume3\Windows\System32\vcruntime140.dll' [rcNtRedir=0xc0150008]
4488.f0c: supR3HardenedScreenImage/Imports: cache hit (VINF_SUCCESS) on \Device\HarddiskVolume3\Windows\System32\vcruntime140.dll
4488.f0c: supR3HardenedWinVerifyCacheProcessImportTodos: Processing 'msvcp140.dll'...
4488.f0c: supR3HardenedWinVerifyCacheProcessImportTodos: 'msvcp140.dll' -> '\Device\HarddiskVolume3\Windows\System32\msvcp140.dll' [rcNtRedir=0xc0150008]
4488.f0c: supR3HardenedWinVerifyCacheProcessImportTodos: Processing 'qt6corevbox.dll'...
4488.f0c: supR3HardenedWinVerifyCacheProcessImportTodos: 'qt6corevbox.dll' -> '\Device\HarddiskVolume3\Program Files\Oracle\VirtualBox\qt6corevbox.dll' [rcNtRedir=0xc0150008]
4488.f0c: supR3HardenedScreenImage/Imports: cache hit (VINF_SUCCESS) on \Device\HarddiskVolume3\Program Files\Oracle\VirtualBox\Qt6CoreVBox.dll
4488.f0c: supR3HardenedMonitor_LdrLoadDll: returns rcNt=0x0 hMod=00007ff9c5b00000 'C:\WINDOWS\system32\rsaenh.dll'
4488.f0c: supR3HardenedMonitor_LdrLoadDll: returns rcNt=0x0 hMod=00007ff9c7050000 'C:\WINDOWS\System32\crypt32.dll'
4488.f0c: supR3HardenedScreenImage/Imports: 0 (was 0) fWinVerifyTrust=1 for '\Device\HarddiskVolume3\Program Files\Oracle\VirtualBox\Qt6GuiVBox.dll'
4488.f0c: supR3HardenedWinVerifyCacheProcessImportTodos: Processing 'qt6corevbox.dll'...
4488.f0c: supR3HardenedWinVerifyCacheProcessImportTodos: 'qt6corevbox.dll' -> '\Device\HarddiskVolume3\Program Files\Oracle\VirtualBox\qt6corevbox.dll' [rcNtRedir=0xc0150008]
4488.f0c: supR3HardenedScreenImage/Imports: cache hit (VINF_SUCCESS) on \Device\HarddiskVolume3\Program Files\Oracle\VirtualBox\Qt6CoreVBox.dll
4488.f0c: supR3HardenedMonitor_LdrLoadDll: pName=C:\Program Files\Oracle\VirtualBox\VirtualBoxVM.dll (rcNtResolve=0xc0150008) *pfFlags=0x0 pwszSearchPath=0000000000000a01:<flags> [calling]
4488.f0c: supR3HardenedScreenImage/NtCreateSection: cache hit (VINF_SUCCESS) on \Device\HarddiskVolume3\Program Files\Oracle\VirtualBox\VirtualBoxVM.dll
4488.f0c: supR3HardenedScreenImage/NtCreateSection: cache hit (VINF_SUCCESS) on \Device\HarddiskVolume3\Program Files\Oracle\VirtualBox\UICommon.dll
4488.f0c: supR3HardenedScreenImage/NtCreateSection: cache hit (VINF_SUCCESS) on \Device\HarddiskVolume3\Program Files\Oracle\VirtualBox\Qt6CoreVBox.dll
4488.f0c: supR3HardenedScreenImage/NtCreateSection: cache hit (VINF_SUCCESS) on \Device\HarddiskVolume3\Program Files\Oracle\VirtualBox\Qt6GuiVBox.dll
4488.f0c: supR3HardenedScreenImage/NtCreateSection: cache hit (VINF_SUCCESS) on \Device\HarddiskVolume3\Program Files\Oracle\VirtualBox\Qt6WidgetsVBox.dll
4488.f0c: supR3HardenedScreenImage/NtCreateSection: cache hit (VINF_SUCCESS) on \Device\HarddiskVolume3\Windows\System32\winmm.dll
4488.f0c: supR3HardenedScreenImage/NtCreateSection: cache hit (VINF_SUCCESS) on \Device\HarddiskVolume3\Program Files\Oracle\VirtualBox\Qt6HelpVBox.dll
4488.f0c: supR3HardenedScreenImage/NtCreateSection: cache hit (VINF_SUCCESS) on \Device\HarddiskVolume3\Program Files\Oracle\VirtualBox\Qt6StateMachineVBox.dll
4488.f0c: supR3HardenedScreenImage/NtCreateSection: cache hit (VINF_SUCCESS) on \Device\HarddiskVolume3\Windows\System32\mpr.dll [avoiding WinVerifyTrust]
4488.f0c: supR3HardenedScreenImage/NtCreateSection: cache hit (VINF_SUCCESS) on \Device\HarddiskVolume3\Windows\System32\userenv.dll [avoiding WinVerifyTrust]
4488.f0c: supR3HardenedScreenImage/NtCreateSection: cache hit (22900) on \Device\HarddiskVolume3\Windows\System32\authz.dll [avoiding WinVerifyTrust]
4488.f0c: supR3HardenedScreenImage/NtCreateSection: cache hit (VINF_SUCCESS) on \Device\HarddiskVolume3\Windows\System32\netapi32.dll [avoiding WinVerifyTrust]
4488.f0c: supR3HardenedScreenImage/NtCreateSection: cache hit (VINF_SUCCESS) on \Device\HarddiskVolume3\Windows\System32\version.dll [avoiding WinVerifyTrust]
4488.f0c: supR3HardenedScreenImage/NtCreateSection: cache hit (VINF_SUCCESS) on \Device\HarddiskVolume3\Windows\System32\msvcp140_1.dll [avoiding WinVerifyTrust]
4488.f0c: supR3HardenedScreenImage/NtCreateSection: cache hit (VINF_SUCCESS) on \Device\HarddiskVolume3\Windows\System32\d3d11.dll [avoiding WinVerifyTrust]
4488.f0c: supR3HardenedScreenImage/NtCreateSection: cache hit (VINF_SUCCESS) on \Device\HarddiskVolume3\Windows\System32\dxgi.dll [avoiding WinVerifyTrust]
4488.f0c: supR3HardenedScreenImage/NtCreateSection: cache hit (VINF_SUCCESS) on \Device\HarddiskVolume3\Windows\System32\D3D12.dll [avoiding WinVerifyTrust]
4488.f0c: supR3HardenedScreenImage/NtCreateSection: cache hit (22900) on \Device\HarddiskVolume3\Windows\System32\uxtheme.dll [avoiding WinVerifyTrust]
4488.f0c: supR3HardenedScreenImage/NtCreateSection: cache hit (22900) on \Device\HarddiskVolume3\Windows\System32\DWrite.dll [avoiding WinVerifyTrust]
4488.f0c: supR3HardenedScreenImage/NtCreateSection: cache hit (VINF_SUCCESS) on \Device\HarddiskVolume3\Windows\System32\msvcp140_2.dll [avoiding WinVerifyTrust]
4488.f0c: supR3HardenedScreenImage/NtCreateSection: cache hit (VINF_SUCCESS) on \Device\HarddiskVolume3\Windows\System32\dwmapi.dll [avoiding WinVerifyTrust]
4488.f0c: supR3HardenedScreenImage/NtCreateSection: cache hit (VINF_SUCCESS) on \Device\HarddiskVolume3\Program Files\Oracle\VirtualBox\Qt6SqlVBox.dll [avoiding WinVerifyTrust]
4488.f0c: supR3HardenedWinVerifyCacheScheduleImports: Import todo: #12 'rpcrt4.dll'.
4488.f0c: supHardenedWinVerifyImageByHandle: -> 0 (\Device\HarddiskVolume3\Windows\System32\powrprof.dll)
4488.f0c: supR3HardenedWinVerifyCacheInsert: \Device\HarddiskVolume3\Windows\System32\powrprof.dll
4488.f0c: supR3HardenedWinVerifyCacheScheduleImports: Import todo: #3 'rpcrt4.dll'.
4488.f0c: supHardenedWinVerifyImageByHandle: -> 0 (\Device\HarddiskVolume3\Windows\System32\srvcli.dll)
4488.f0c: supR3HardenedWinVerifyCacheInsert: \Device\HarddiskVolume3\Windows\System32\srvcli.dll
4488.f0c: supHardenedWinVerifyImageByHandle: -> 0 (\Device\HarddiskVolume3\Windows\System32\netutils.dll)
4488.f0c: supR3HardenedWinVerifyCacheInsert: \Device\HarddiskVolume3\Windows\System32\netutils.dll
4488.f0c: supR3HardenedDllNotificationCallback: load   00007ff9b5300000 LB 0x00021000 C:\WINDOWS\SYSTEM32\MPR.dll [fFlags=0x0]
4488.f0c: supR3HardenedScreenImage/LdrLoadDll: cache hit (VINF_SUCCESS) on \Device\HarddiskVolume3\Windows\System32\mpr.dll [avoiding WinVerifyTrust]
4488.f0c: supR3HardenedDllNotificationCallback: load   00007ff9c6210000 LB 0x00034000 C:\WINDOWS\SYSTEM32\USERENV.dll [fFlags=0x0]
4488.f0c: supR3HardenedScreenImage/LdrLoadDll: cache hit (VINF_SUCCESS) on \Device\HarddiskVolume3\Windows\System32\userenv.dll [avoiding WinVerifyTrust]
4488.f0c: supR3HardenedDllNotificationCallback: load   00007ff9c5760000 LB 0x00050000 C:\WINDOWS\SYSTEM32\AUTHZ.dll [fFlags=0x0]
4488.f0c: supR3HardenedScreenImage/LdrLoadDll: cache hit (22900) on \Device\HarddiskVolume3\Windows\System32\authz.dll [avoiding WinVerifyTrust]
4488.f0c: supR3HardenedDllNotificationCallback: load   00007ff9b74a0000 LB 0x0001a000 C:\WINDOWS\SYSTEM32\NETAPI32.dll [fFlags=0x0]
4488.f0c: supR3HardenedScreenImage/LdrLoadDll: cache hit (VINF_SUCCESS) on \Device\HarddiskVolume3\Windows\System32\netapi32.dll [avoiding WinVerifyTrust]
4488.f0c: supR3HardenedDllNotificationCallback: load   00007ff9c6ed0000 LB 0x00027000 C:\WINDOWS\System32\win32u.dll [fFlags=0x0]
4488.f0c: supR3HardenedScreenImage/LdrLoadDll: cache hit (VINF_SUCCESS) on \Device\HarddiskVolume3\Windows\System32\win32u.dll [avoiding WinVerifyTrust]
4488.f0c: supR3HardenedDllNotificationCallback: load   00007ff9c9610000 LB 0x001cf000 C:\WINDOWS\System32\USER32.dll [fFlags=0x0]
4488.f0c: supR3HardenedDllNotificationCallback: load   00007ff9c78c0000 LB 0x00129000 C:\WINDOWS\System32\gdi32full.dll [fFlags=0x0]
4488.f0c: supR3HardenedWinVerifyCacheScheduleImports: Import todo: #0 'msvcp_win.dll'.
4488.f0c: supR3HardenedWinVerifyCacheScheduleImports: Import todo: #35 'gdi32.dll'.
4488.f0c: supR3HardenedWinVerifyCacheScheduleImports: Import todo: #37 'user32.dll'.
4488.f0c: supR3HardenedWinVerifyCacheScheduleImports: Import todo: #38 'win32u.dll'.
4488.f0c: supHardenedWinVerifyImageByHandle: -> 0 (\Device\HarddiskVolume3\Windows\System32\gdi32full.dll)
4488.f0c: supR3HardenedWinVerifyCacheInsert: \Device\HarddiskVolume3\Windows\System32\gdi32full.dll
4488.f0c: supR3HardenedDllNotificationCallback: load   00007ff9c90a0000 LB 0x0002b000 C:\WINDOWS\System32\GDI32.dll [fFlags=0x0]
4488.f0c: supR3HardenedScreenImage/LdrLoadDll: cache hit (VINF_SUCCESS) on \Device\HarddiskVolume3\Windows\System32\gdi32.dll [avoiding WinVerifyTrust]
4488.f0c: supR3HardenedDllNotificationCallback: load   00007ff9c7fc0000 LB 0x00385000 C:\WINDOWS\System32\combase.dll [fFlags=0x0]
4488.f0c: supR3HardenedScreenImage/LdrLoadDll: cache hit (VINF_SUCCESS) on \Device\HarddiskVolume3\Windows\System32\combase.dll [avoiding WinVerifyTrust]
4488.f0c: supR3HardenedDllNotificationCallback: load   00007ff9c9110000 LB 0x0019a000 C:\WINDOWS\System32\ole32.dll [fFlags=0x0]
4488.f0c: supR3HardenedScreenImage/LdrLoadDll: cache hit (VINF_SUCCESS) on \Device\HarddiskVolume3\Windows\System32\ole32.dll
4488.f0c: supR3HardenedDllNotificationCallback: load   00007ff9c8480000 LB 0x00798000 C:\WINDOWS\System32\SHELL32.dll [fFlags=0x0]
4488.f0c: supR3HardenedScreenImage/LdrLoadDll: cache hit (VINF_SUCCESS) on \Device\HarddiskVolume3\Windows\System32\shell32.dll [avoiding WinVerifyTrust]
4488.f0c: supR3HardenedDllNotificationCallback: load   00007ff9bc420000 LB 0x0000b000 C:\WINDOWS\SYSTEM32\VERSION.dll [fFlags=0x0]
4488.f0c: supR3HardenedScreenImage/LdrLoadDll: cache hit (VINF_SUCCESS) on \Device\HarddiskVolume3\Windows\System32\version.dll [avoiding WinVerifyTrust]
4488.f0c: supR3HardenedDllNotificationCallback: load   00007ff9bc510000 LB 0x00036000 C:\WINDOWS\SYSTEM32\WINMM.dll [fFlags=0x0]
4488.f0c: supR3HardenedScreenImage/LdrLoadDll: cache hit (VINF_SUCCESS) on \Device\HarddiskVolume3\Windows\System32\winmm.dll
4488.f0c: supR3HardenedDllNotificationCallback: load   00007ff9b87d0000 LB 0x00009000 C:\WINDOWS\SYSTEM32\MSVCP140_1.dll [fFlags=0x0]
4488.f0c: supR3HardenedScreenImage/LdrLoadDll: cache hit (VINF_SUCCESS) on \Device\HarddiskVolume3\Windows\System32\msvcp140_1.dll [avoiding WinVerifyTrust]
4488.f0c: supR3HardenedDllNotificationCallback: load   00007ff9b3b60000 LB 0x00029000 C:\WINDOWS\SYSTEM32\SRVCLI.DLL [fFlags=0x0]
4488.f0c: supR3HardenedScreenImage/LdrLoadDll: cache hit (VINF_SUCCESS) on \Device\HarddiskVolume3\Windows\System32\srvcli.dll [avoiding WinVerifyTrust]
4488.f0c: supR3HardenedDllNotificationCallback: load   00007ff9c5550000 LB 0x0000d000 C:\WINDOWS\SYSTEM32\NETUTILS.DLL [fFlags=0x0]
4488.f0c: supR3HardenedScreenImage/LdrLoadDll: cache hit (VINF_SUCCESS) on \Device\HarddiskVolume3\Windows\System32\netutils.dll [avoiding WinVerifyTrust]
4488.f0c: supR3HardenedDllNotificationCallback: load   00007ff968120000 LB 0x005c3000 C:\Program Files\Oracle\VirtualBox\Qt6CoreVBox.dll [fFlags=0x0]
4488.f0c: supR3HardenedDllNotificationCallback: load   00007ff9c6d30000 LB 0x0005e000 C:\WINDOWS\SYSTEM32\powrprof.dll [fFlags=0x0]
4488.f0c: supR3HardenedScreenImage/LdrLoadDll: cache hit (VINF_SUCCESS) on \Device\HarddiskVolume3\Windows\System32\powrprof.dll [avoiding WinVerifyTrust]
4488.f0c: supR3HardenedDllNotificationCallback: load   00007ff9c4140000 LB 0x0013b000 C:\WINDOWS\SYSTEM32\dxgi.dll [fFlags=0x0]
4488.f0c: supR3HardenedScreenImage/LdrLoadDll: cache hit (VINF_SUCCESS) on \Device\HarddiskVolume3\Windows\System32\dxgi.dll [avoiding WinVerifyTrust]
4488.f0c: supR3HardenedDllNotificationCallback: load   00007ff9c3090000 LB 0x00260000 C:\WINDOWS\SYSTEM32\d3d11.dll [fFlags=0x0]
4488.f0c: supR3HardenedScreenImage/LdrLoadDll: cache hit (VINF_SUCCESS) on \Device\HarddiskVolume3\Windows\System32\d3d11.dll [avoiding WinVerifyTrust]
4488.f0c: supR3HardenedDllNotificationCallback: load   00007ff9b3ec0000 LB 0x00023000 C:\WINDOWS\SYSTEM32\d3d12.dll [fFlags=0x0]
4488.f0c: supR3HardenedScreenImage/LdrLoadDll: cache hit (VINF_SUCCESS) on \Device\HarddiskVolume3\Windows\System32\D3D12.dll [avoiding WinVerifyTrust]
4488.f0c: supR3HardenedDllNotificationCallback: load   00007ff9c3fd0000 LB 0x000a8000 C:\WINDOWS\SYSTEM32\UxTheme.dll [fFlags=0x0]
4488.f0c: supR3HardenedScreenImage/LdrLoadDll: cache hit (22900) on \Device\HarddiskVolume3\Windows\System32\uxtheme.dll [avoiding WinVerifyTrust]
4488.f0c: supR3HardenedDllNotificationCallback: load   00007ff9c27e0000 LB 0x0026a000 C:\WINDOWS\SYSTEM32\DWrite.dll [fFlags=0x0]
4488.f0c: supR3HardenedScreenImage/LdrLoadDll: cache hit (22900) on \Device\HarddiskVolume3\Windows\System32\DWrite.dll [avoiding WinVerifyTrust]
4488.f0c: supR3HardenedDllNotificationCallback: load   00007ff998020000 LB 0x00044000 C:\WINDOWS\SYSTEM32\MSVCP140_2.dll [fFlags=0x0]
4488.f0c: supR3HardenedScreenImage/LdrLoadDll: cache hit (VINF_SUCCESS) on \Device\HarddiskVolume3\Windows\System32\msvcp140_2.dll [avoiding WinVerifyTrust]
4488.f0c: supR3HardenedDllNotificationCallback: load   00007ff9686f0000 LB 0x0088e000 C:\Program Files\Oracle\VirtualBox\Qt6GuiVBox.dll [fFlags=0x0]
4488.f0c: supR3HardenedScreenImage/LdrLoadDll: cache hit (VINF_SUCCESS) on \Device\HarddiskVolume3\Program Files\Oracle\VirtualBox\Qt6GuiVBox.dll
4488.f0c: supR3HardenedDllNotificationCallback: load   00007ff9c42a0000 LB 0x0002f000 C:\WINDOWS\SYSTEM32\dwmapi.dll [fFlags=0x0]
4488.f0c: supR3HardenedScreenImage/LdrLoadDll: cache hit (VINF_SUCCESS) on \Device\HarddiskVolume3\Windows\System32\dwmapi.dll [avoiding WinVerifyTrust]
4488.f0c: supR3HardenedDllNotificationCallback: load   00007ff960c60000 LB 0x0062a000 C:\Program Files\Oracle\VirtualBox\Qt6WidgetsVBox.dll [fFlags=0x0]
4488.f0c: supR3HardenedScreenImage/LdrLoadDll: cache hit (VINF_SUCCESS) on \Device\HarddiskVolume3\Program Files\Oracle\VirtualBox\Qt6WidgetsVBox.dll
4488.f0c: supR3HardenedDllNotificationCallback: load   00007ff98d590000 LB 0x0004d000 C:\Program Files\Oracle\VirtualBox\Qt6SqlVBox.dll [fFlags=0x0]
4488.f0c: supR3HardenedScreenImage/LdrLoadDll: cache hit (VINF_SUCCESS) on \Device\HarddiskVolume3\Program Files\Oracle\VirtualBox\Qt6SqlVBox.dll [avoiding WinVerifyTrust]
4488.f0c: supR3HardenedDllNotificationCallback: load   00007ff960bc0000 LB 0x00092000 C:\Program Files\Oracle\VirtualBox\Qt6HelpVBox.dll [fFlags=0x0]
4488.f0c: supR3HardenedScreenImage/LdrLoadDll: cache hit (VINF_SUCCESS) on \Device\HarddiskVolume3\Program Files\Oracle\VirtualBox\Qt6HelpVBox.dll
4488.f0c: supR3HardenedDllNotificationCallback: load   00007ff970fb0000 LB 0x00055000 C:\Program Files\Oracle\VirtualBox\Qt6StateMachineVBox.dll [fFlags=0x0]
4488.f0c: supR3HardenedScreenImage/LdrLoadDll: cache hit (VINF_SUCCESS) on \Device\HarddiskVolume3\Program Files\Oracle\VirtualBox\Qt6StateMachineVBox.dll
4488.f0c: supR3HardenedDllNotificationCallback: load   00007ff9c8fc0000 LB 0x000d9000 C:\WINDOWS\System32\OLEAUT32.dll [fFlags=0x0]
4488.f0c: supR3HardenedScreenImage/LdrLoadDll: cache hit (VINF_SUCCESS) on \Device\HarddiskVolume3\Windows\System32\oleaut32.dll
4488.f0c: supR3HardenedDllNotificationCallback: load   00007ff902b70000 LB 0x01b74000 C:\Program Files\Oracle\VirtualBox\UICommon.dll [fFlags=0x0]
4488.f0c: supR3HardenedScreenImage/LdrLoadDll: cache hit (VINF_SUCCESS) on \Device\HarddiskVolume3\Program Files\Oracle\VirtualBox\UICommon.dll
4488.f0c: supR3HardenedDllNotificationCallback: load   00007ff9a38d0000 LB 0x00151000 C:\Program Files\Oracle\VirtualBox\VirtualBoxVM.dll [fFlags=0x0]
4488.f0c: supR3HardenedScreenImage/LdrLoadDll: cache hit (VINF_SUCCESS) on \Device\HarddiskVolume3\Program Files\Oracle\VirtualBox\VirtualBoxVM.dll
4488.f0c: supR3HardenedWinVerifyCacheScheduleImports: Import todo: #26 'win32u.dll'.
4488.f0c: supHardenedWinVerifyImageByHandle: -> 0 (\Device\HarddiskVolume3\Windows\System32\imm32.dll)
4488.f0c: supR3HardenedWinVerifyCacheInsert: \Device\HarddiskVolume3\Windows\System32\imm32.dll
4488.f0c: Detected loader lock ownership: rc=VINF_SUCCESS '\Device\HarddiskVolume3\Windows\System32\imm32.dll'.
4488.f0c: supR3HardenedWinVerifyCacheProcessWvtTodos: 0 (was 0) fWinVerifyTrust=0 for '\Device\HarddiskVolume3\Windows\System32\imm32.dll' [rescheduled]
4488.f0c: Detected loader lock ownership: rc=VINF_SUCCESS '\Device\HarddiskVolume3\Windows\System32\gdi32full.dll'.
4488.f0c: supR3HardenedWinVerifyCacheProcessWvtTodos: 0 (was 0) fWinVerifyTrust=0 for '\Device\HarddiskVolume3\Windows\System32\gdi32full.dll' [rescheduled]
4488.f0c: Detected loader lock ownership: rc=VINF_SUCCESS '\Device\HarddiskVolume3\Windows\System32\netutils.dll'.
4488.f0c: supR3HardenedWinVerifyCacheProcessWvtTodos: 0 (was 0) fWinVerifyTrust=0 for '\Device\HarddiskVolume3\Windows\System32\netutils.dll' [rescheduled]
4488.f0c: Detected loader lock ownership: rc=VINF_SUCCESS '\Device\HarddiskVolume3\Windows\System32\srvcli.dll'.
4488.f0c: supR3HardenedWinVerifyCacheProcessWvtTodos: 0 (was 0) fWinVerifyTrust=0 for '\Device\HarddiskVolume3\Windows\System32\srvcli.dll' [rescheduled]
4488.f0c: Detected loader lock ownership: rc=VINF_SUCCESS '\Device\HarddiskVolume3\Windows\System32\powrprof.dll'.
4488.f0c: supR3HardenedWinVerifyCacheProcessWvtTodos: 0 (was 0) fWinVerifyTrust=0 for '\Device\HarddiskVolume3\Windows\System32\powrprof.dll' [rescheduled]
4488.f0c: Detected loader lock ownership: rc=VINF_SUCCESS '\Device\HarddiskVolume3\Program Files\Oracle\VirtualBox\Qt6SqlVBox.dll'.
4488.f0c: supR3HardenedWinVerifyCacheProcessWvtTodos: 0 (was 0) fWinVerifyTrust=0 for '\Device\HarddiskVolume3\Program Files\Oracle\VirtualBox\Qt6SqlVBox.dll' [rescheduled]
4488.f0c: Detected loader lock ownership: rc=VINF_SUCCESS '\Device\HarddiskVolume3\Windows\System32\mpr.dll'.
4488.f0c: supR3HardenedWinVerifyCacheProcessWvtTodos: 0 (was 0) fWinVerifyTrust=0 for '\Device\HarddiskVolume3\Windows\System32\mpr.dll' [rescheduled]
4488.f0c: Detected loader lock ownership: rc=VINF_SUCCESS '\Device\HarddiskVolume3\Windows\System32\userenv.dll'.
4488.f0c: supR3HardenedWinVerifyCacheProcessWvtTodos: 0 (was 0) fWinVerifyTrust=0 for '\Device\HarddiskVolume3\Windows\System32\userenv.dll' [rescheduled]
4488.f0c: Detected loader lock ownership: rc=22900 '\Device\HarddiskVolume3\Windows\System32\authz.dll'.
4488.f0c: supR3HardenedWinVerifyCacheProcessWvtTodos: 22900 (was 22900) fWinVerifyTrust=0 for '\Device\HarddiskVolume3\Windows\System32\authz.dll' [rescheduled]
4488.f0c: Detected loader lock ownership: rc=VINF_SUCCESS '\Device\HarddiskVolume3\Windows\System32\netapi32.dll'.
4488.f0c: supR3HardenedWinVerifyCacheProcessWvtTodos: 0 (was 0) fWinVerifyTrust=0 for '\Device\HarddiskVolume3\Windows\System32\netapi32.dll' [rescheduled]
4488.f0c: Detected loader lock ownership: rc=VINF_SUCCESS '\Device\HarddiskVolume3\Windows\System32\version.dll'.
4488.f0c: supR3HardenedWinVerifyCacheProcessWvtTodos: 0 (was 0) fWinVerifyTrust=0 for '\Device\HarddiskVolume3\Windows\System32\version.dll' [rescheduled]
4488.f0c: Detected loader lock ownership: rc=VINF_SUCCESS '\Device\HarddiskVolume3\Windows\System32\d3d11.dll'.
4488.f0c: supR3HardenedWinVerifyCacheProcessWvtTodos: 0 (was 0) fWinVerifyTrust=0 for '\Device\HarddiskVolume3\Windows\System32\d3d11.dll' [rescheduled]
4488.f0c: Detected loader lock ownership: rc=VINF_SUCCESS '\Device\HarddiskVolume3\Windows\System32\dxgi.dll'.
4488.f0c: supR3HardenedWinVerifyCacheProcessWvtTodos: 0 (was 0) fWinVerifyTrust=0 for '\Device\HarddiskVolume3\Windows\System32\dxgi.dll' [rescheduled]
4488.f0c: Detected loader lock ownership: rc=VINF_SUCCESS '\Device\HarddiskVolume3\Windows\System32\D3D12.dll'.
4488.f0c: supR3HardenedWinVerifyCacheProcessWvtTodos: 0 (was 0) fWinVerifyTrust=0 for '\Device\HarddiskVolume3\Windows\System32\D3D12.dll' [rescheduled]
4488.f0c: Detected loader lock ownership: rc=VINF_SUCCESS '\Device\HarddiskVolume3\Windows\System32\shell32.dll'.
4488.f0c: supR3HardenedWinVerifyCacheProcessWvtTodos: 0 (was 0) fWinVerifyTrust=0 for '\Device\HarddiskVolume3\Windows\System32\shell32.dll' [rescheduled]
4488.f0c: Detected loader lock ownership: rc=22900 '\Device\HarddiskVolume3\Windows\System32\DWrite.dll'.
4488.f0c: supR3HardenedWinVerifyCacheProcessWvtTodos: 22900 (was 22900) fWinVerifyTrust=0 for '\Device\HarddiskVolume3\Windows\System32\DWrite.dll' [rescheduled]
4488.f0c: Detected loader lock ownership: rc=VINF_SUCCESS '\Device\HarddiskVolume3\Windows\System32\msvcp140_2.dll'.
4488.f0c: supR3HardenedWinVerifyCacheProcessWvtTodos: 0 (was 0) fWinVerifyTrust=0 for '\Device\HarddiskVolume3\Windows\System32\msvcp140_2.dll' [rescheduled]
4488.f0c: Detected loader lock ownership: rc=VINF_SUCCESS '\Device\HarddiskVolume3\Windows\System32\dwmapi.dll'.
4488.f0c: supR3HardenedWinVerifyCacheProcessWvtTodos: 0 (was 0) fWinVerifyTrust=0 for '\Device\HarddiskVolume3\Windows\System32\dwmapi.dll' [rescheduled]
4488.f0c: Detected loader lock ownership: rc=22900 '\Device\HarddiskVolume3\Windows\System32\uxtheme.dll'.
4488.f0c: supR3HardenedWinVerifyCacheProcessWvtTodos: 22900 (was 22900) fWinVerifyTrust=0 for '\Device\HarddiskVolume3\Windows\System32\uxtheme.dll' [rescheduled]
4488.f0c: Detected loader lock ownership: rc=VINF_SUCCESS '\Device\HarddiskVolume3\Windows\System32\msvcp140_1.dll'.
4488.f0c: supR3HardenedWinVerifyCacheProcessWvtTodos: 0 (was 0) fWinVerifyTrust=0 for '\Device\HarddiskVolume3\Windows\System32\msvcp140_1.dll' [rescheduled]
4488.f0c: Detected loader lock ownership: rc=VINF_SUCCESS '\Device\HarddiskVolume3\Windows\System32\win32u.dll'.
4488.f0c: supR3HardenedWinVerifyCacheProcessWvtTodos: 0 (was 0) fWinVerifyTrust=0 for '\Device\HarddiskVolume3\Windows\System32\win32u.dll' [rescheduled]
4488.f0c: Detected loader lock ownership: rc=VINF_SUCCESS '\Device\HarddiskVolume3\Windows\System32\gdi32.dll'.
4488.f0c: supR3HardenedWinVerifyCacheProcessWvtTodos: 0 (was 0) fWinVerifyTrust=0 for '\Device\HarddiskVolume3\Windows\System32\gdi32.dll' [rescheduled]
4488.f0c: Detected loader lock ownership: rc=VINF_SUCCESS '\Device\HarddiskVolume3\Windows\System32\combase.dll'.
4488.f0c: supR3HardenedWinVerifyCacheProcessWvtTodos: 0 (was 0) fWinVerifyTrust=0 for '\Device\HarddiskVolume3\Windows\System32\combase.dll' [rescheduled]
4488.f0c: supR3HardenedScreenImage/LdrLoadDll: cache hit (VINF_SUCCESS) on \Device\HarddiskVolume3\Windows\System32\imm32.dll [redoing WinVerifyTrust]
4488.f0c: Detected loader lock ownership: rc=VINF_SUCCESS '\Device\HarddiskVolume3\Windows\System32\imm32.dll'.
4488.f0c: supR3HardenedScreenImage/LdrLoadDll: WinVerifyTrust not available, rescheduling \Device\HarddiskVolume3\Windows\System32\imm32.dll
4488.f0c: supR3HardenedWinVerifyCacheProcessImportTodos: Processing 'win32u.dll'...
4488.f0c: supR3HardenedWinVerifyCacheProcessImportTodos: 'win32u.dll' -> '\Device\HarddiskVolume3\Windows\System32\win32u.dll' [rcNtRedir=0xc0150008]
4488.f0c: supR3HardenedScreenImage/Imports: cache hit (VINF_SUCCESS) on \Device\HarddiskVolume3\Windows\System32\win32u.dll [redoing WinVerifyTrust]
4488.f0c: Detected loader lock ownership: rc=VINF_SUCCESS '\Device\HarddiskVolume3\Windows\System32\win32u.dll'.
4488.f0c: supR3HardenedScreenImage/Imports: WinVerifyTrust not available, rescheduling \Device\HarddiskVolume3\Windows\System32\win32u.dll
4488.f0c: supR3HardenedWinVerifyCacheProcessImportTodos: Processing 'win32u.dll'...
4488.f0c: supR3HardenedWinVerifyCacheProcessImportTodos: 'win32u.dll' -> '\Device\HarddiskVolume3\Windows\System32\win32u.dll' [rcNtRedir=0xc0150008]
4488.f0c: supR3HardenedScreenImage/Imports: cache hit (VINF_SUCCESS) on \Device\HarddiskVolume3\Windows\System32\win32u.dll [redoing WinVerifyTrust]
4488.f0c: Detected loader lock ownership: rc=VINF_SUCCESS '\Device\HarddiskVolume3\Windows\System32\win32u.dll'.
4488.f0c: supR3HardenedScreenImage/Imports: WinVerifyTrust not available, rescheduling \Device\HarddiskVolume3\Windows\System32\win32u.dll
4488.f0c: supR3HardenedWinVerifyCacheProcessImportTodos: Processing 'user32.dll'...
4488.f0c: supR3HardenedWinVerifyCacheProcessImportTodos: 'user32.dll' -> '\Device\HarddiskVolume3\Windows\System32\user32.dll' [rcNtRedir=0xc0150008]
4488.f0c: supR3HardenedWinVerifyCacheProcessImportTodos: Processing 'gdi32.dll'...
4488.f0c: supR3HardenedWinVerifyCacheProcessImportTodos: 'gdi32.dll' -> '\Device\HarddiskVolume3\Windows\System32\gdi32.dll' [rcNtRedir=0xc0150008]
4488.f0c: supR3HardenedScreenImage/Imports: cache hit (VINF_SUCCESS) on \Device\HarddiskVolume3\Windows\System32\gdi32.dll [redoing WinVerifyTrust]
4488.f0c: Detected loader lock ownership: rc=VINF_SUCCESS '\Device\HarddiskVolume3\Windows\System32\gdi32.dll'.
4488.f0c: supR3HardenedScreenImage/Imports: WinVerifyTrust not available, rescheduling \Device\HarddiskVolume3\Windows\System32\gdi32.dll
4488.f0c: supR3HardenedWinVerifyCacheProcessImportTodos: Processing 'msvcp_win.dll'...
4488.f0c: supR3HardenedWinVerifyCacheProcessImportTodos: 'msvcp_win.dll' -> '\Device\HarddiskVolume3\Windows\System32\msvcp_win.dll' [rcNtRedir=0xc0150008]
4488.f0c: supR3HardenedWinVerifyCacheProcessImportTodos: Processing 'rpcrt4.dll'...
4488.f0c: supR3HardenedWinVerifyCacheProcessImportTodos: 'rpcrt4.dll' -> '\Device\HarddiskVolume3\Windows\System32\rpcrt4.dll' [rcNtRedir=0xc0150008]
4488.f0c: supR3HardenedWinVerifyCacheProcessImportTodos: Processing 'rpcrt4.dll'...
4488.f0c: supR3HardenedWinVerifyCacheProcessImportTodos: 'rpcrt4.dll' -> '\Device\HarddiskVolume3\Windows\System32\rpcrt4.dll' [rcNtRedir=0xc0150008]
4488.f0c: supR3HardenedMonitor_LdrLoadDll: pName=C:\WINDOWS\system32\IMM32.DLL (rcNtResolve=0xc0150008) *pfFlags=0x0 pwszSearchPath=0000000000000009:<flags> [calling]
4488.f0c: supR3HardenedDllNotificationCallback: load   00007ff9c90d0000 LB 0x00031000 C:\WINDOWS\System32\IMM32.DLL [fFlags=0x0]
4488.f0c: supR3HardenedScreenImage/LdrLoadDll: cache hit (VINF_SUCCESS) on \Device\HarddiskVolume3\Windows\System32\imm32.dll [avoiding WinVerifyTrust]
4488.f0c: supR3HardenedMonitor_LdrLoadDll: returns rcNt=0x0 hMod=00007ff9c90d0000 'C:\WINDOWS\system32\IMM32.DLL'
4488.f0c: Detected loader lock ownership: rc=VINF_SUCCESS '\Device\HarddiskVolume3\Windows\System32\imm32.dll'.
4488.f0c: supR3HardenedWinVerifyCacheProcessWvtTodos: 0 (was 0) fWinVerifyTrust=0 for '\Device\HarddiskVolume3\Windows\System32\imm32.dll' [rescheduled]
4488.f0c: Detected loader lock ownership: rc=VINF_SUCCESS '\Device\HarddiskVolume3\Windows\System32\gdi32full.dll'.
4488.f0c: supR3HardenedWinVerifyCacheProcessWvtTodos: 0 (was 0) fWinVerifyTrust=0 for '\Device\HarddiskVolume3\Windows\System32\gdi32full.dll' [rescheduled]
4488.f0c: Detected loader lock ownership: rc=VINF_SUCCESS '\Device\HarddiskVolume3\Windows\System32\netutils.dll'.
4488.f0c: supR3HardenedWinVerifyCacheProcessWvtTodos: 0 (was 0) fWinVerifyTrust=0 for '\Device\HarddiskVolume3\Windows\System32\netutils.dll' [rescheduled]
4488.f0c: Detected loader lock ownership: rc=VINF_SUCCESS '\Device\HarddiskVolume3\Windows\System32\srvcli.dll'.
4488.f0c: supR3HardenedWinVerifyCacheProcessWvtTodos: 0 (was 0) fWinVerifyTrust=0 for '\Device\HarddiskVolume3\Windows\System32\srvcli.dll' [rescheduled]
4488.f0c: Detected loader lock ownership: rc=VINF_SUCCESS '\Device\HarddiskVolume3\Windows\System32\powrprof.dll'.
4488.f0c: supR3HardenedWinVerifyCacheProcessWvtTodos: 0 (was 0) fWinVerifyTrust=0 for '\Device\HarddiskVolume3\Windows\System32\powrprof.dll' [rescheduled]
4488.f0c: Detected loader lock ownership: rc=VINF_SUCCESS '\Device\HarddiskVolume3\Program Files\Oracle\VirtualBox\Qt6SqlVBox.dll'.
4488.f0c: supR3HardenedWinVerifyCacheProcessWvtTodos: 0 (was 0) fWinVerifyTrust=0 for '\Device\HarddiskVolume3\Program Files\Oracle\VirtualBox\Qt6SqlVBox.dll' [rescheduled]
4488.f0c: Detected loader lock ownership: rc=VINF_SUCCESS '\Device\HarddiskVolume3\Windows\System32\mpr.dll'.
4488.f0c: supR3HardenedWinVerifyCacheProcessWvtTodos: 0 (was 0) fWinVerifyTrust=0 for '\Device\HarddiskVolume3\Windows\System32\mpr.dll' [rescheduled]
4488.f0c: Detected loader lock ownership: rc=VINF_SUCCESS '\Device\HarddiskVolume3\Windows\System32\userenv.dll'.
4488.f0c: supR3HardenedWinVerifyCacheProcessWvtTodos: 0 (was 0) fWinVerifyTrust=0 for '\Device\HarddiskVolume3\Windows\System32\userenv.dll' [rescheduled]
4488.f0c: Detected loader lock ownership: rc=22900 '\Device\HarddiskVolume3\Windows\System32\authz.dll'.
4488.f0c: supR3HardenedWinVerifyCacheProcessWvtTodos: 22900 (was 22900) fWinVerifyTrust=0 for '\Device\HarddiskVolume3\Windows\System32\authz.dll' [rescheduled]
4488.f0c: Detected loader lock ownership: rc=VINF_SUCCESS '\Device\HarddiskVolume3\Windows\System32\netapi32.dll'.
4488.f0c: supR3HardenedWinVerifyCacheProcessWvtTodos: 0 (was 0) fWinVerifyTrust=0 for '\Device\HarddiskVolume3\Windows\System32\netapi32.dll' [rescheduled]
4488.f0c: Detected loader lock ownership: rc=VINF_SUCCESS '\Device\HarddiskVolume3\Windows\System32\version.dll'.
4488.f0c: supR3HardenedWinVerifyCacheProcessWvtTodos: 0 (was 0) fWinVerifyTrust=0 for '\Device\HarddiskVolume3\Windows\System32\version.dll' [rescheduled]
4488.f0c: Detected loader lock ownership: rc=VINF_SUCCESS '\Device\HarddiskVolume3\Windows\System32\d3d11.dll'.
4488.f0c: supR3HardenedWinVerifyCacheProcessWvtTodos: 0 (was 0) fWinVerifyTrust=0 for '\Device\HarddiskVolume3\Windows\System32\d3d11.dll' [rescheduled]
4488.f0c: Detected loader lock ownership: rc=VINF_SUCCESS '\Device\HarddiskVolume3\Windows\System32\dxgi.dll'.
4488.f0c: supR3HardenedWinVerifyCacheProcessWvtTodos: 0 (was 0) fWinVerifyTrust=0 for '\Device\HarddiskVolume3\Windows\System32\dxgi.dll' [rescheduled]
4488.f0c: Detected loader lock ownership: rc=VINF_SUCCESS '\Device\HarddiskVolume3\Windows\System32\D3D12.dll'.
4488.f0c: supR3HardenedWinVerifyCacheProcessWvtTodos: 0 (was 0) fWinVerifyTrust=0 for '\Device\HarddiskVolume3\Windows\System32\D3D12.dll' [rescheduled]
4488.f0c: Detected loader lock ownership: rc=VINF_SUCCESS '\Device\HarddiskVolume3\Windows\System32\shell32.dll'.
4488.f0c: supR3HardenedWinVerifyCacheProcessWvtTodos: 0 (was 0) fWinVerifyTrust=0 for '\Device\HarddiskVolume3\Windows\System32\shell32.dll' [rescheduled]
4488.f0c: Detected loader lock ownership: rc=22900 '\Device\HarddiskVolume3\Windows\System32\DWrite.dll'.
4488.f0c: supR3HardenedWinVerifyCacheProcessWvtTodos: 22900 (was 22900) fWinVerifyTrust=0 for '\Device\HarddiskVolume3\Windows\System32\DWrite.dll' [rescheduled]
4488.f0c: Detected loader lock ownership: rc=VINF_SUCCESS '\Device\HarddiskVolume3\Windows\System32\msvcp140_2.dll'.
4488.f0c: supR3HardenedWinVerifyCacheProcessWvtTodos: 0 (was 0) fWinVerifyTrust=0 for '\Device\HarddiskVolume3\Windows\System32\msvcp140_2.dll' [rescheduled]
4488.f0c: Detected loader lock ownership: rc=VINF_SUCCESS '\Device\HarddiskVolume3\Windows\System32\dwmapi.dll'.
4488.f0c: supR3HardenedWinVerifyCacheProcessWvtTodos: 0 (was 0) fWinVerifyTrust=0 for '\Device\HarddiskVolume3\Windows\System32\dwmapi.dll' [rescheduled]
4488.f0c: Detected loader lock ownership: rc=22900 '\Device\HarddiskVolume3\Windows\System32\uxtheme.dll'.
4488.f0c: supR3HardenedWinVerifyCacheProcessWvtTodos: 22900 (was 22900) fWinVerifyTrust=0 for '\Device\HarddiskVolume3\Windows\System32\uxtheme.dll' [rescheduled]
4488.f0c: Detected loader lock ownership: rc=VINF_SUCCESS '\Device\HarddiskVolume3\Windows\System32\msvcp140_1.dll'.
4488.f0c: supR3HardenedWinVerifyCacheProcessWvtTodos: 0 (was 0) fWinVerifyTrust=0 for '\Device\HarddiskVolume3\Windows\System32\msvcp140_1.dll' [rescheduled]
4488.f0c: Detected loader lock ownership: rc=VINF_SUCCESS '\Device\HarddiskVolume3\Windows\System32\win32u.dll'.
4488.f0c: supR3HardenedWinVerifyCacheProcessWvtTodos: 0 (was 0) fWinVerifyTrust=0 for '\Device\HarddiskVolume3\Windows\System32\win32u.dll' [rescheduled]
4488.f0c: Detected loader lock ownership: rc=VINF_SUCCESS '\Device\HarddiskVolume3\Windows\System32\gdi32.dll'.
4488.f0c: supR3HardenedWinVerifyCacheProcessWvtTodos: 0 (was 0) fWinVerifyTrust=0 for '\Device\HarddiskVolume3\Windows\System32\gdi32.dll' [rescheduled]
4488.f0c: Detected loader lock ownership: rc=VINF_SUCCESS '\Device\HarddiskVolume3\Windows\System32\combase.dll'.
4488.f0c: supR3HardenedWinVerifyCacheProcessWvtTodos: 0 (was 0) fWinVerifyTrust=0 for '\Device\HarddiskVolume3\Windows\System32\combase.dll' [rescheduled]
4488.f0c: supHardenedWinVerifyImageByHandle: -> 0 (\Device\HarddiskVolume3\Windows\System32\umpdc.dll)
4488.f0c: supR3HardenedWinVerifyCacheInsert: \Device\HarddiskVolume3\Windows\System32\umpdc.dll
4488.f0c: supR3HardenedDllNotificationCallback: load   00007ff9c6d10000 LB 0x00015000 C:\WINDOWS\SYSTEM32\UMPDC.dll [fFlags=0x0]
4488.f0c: supR3HardenedScreenImage/LdrLoadDll: cache hit (VINF_SUCCESS) on \Device\HarddiskVolume3\Windows\System32\umpdc.dll [avoiding WinVerifyTrust]
4488.f0c: Detected loader lock ownership: rc=VINF_SUCCESS '\Device\HarddiskVolume3\Windows\System32\umpdc.dll'.
4488.f0c: supR3HardenedWinVerifyCacheProcessWvtTodos: 0 (was 0) fWinVerifyTrust=0 for '\Device\HarddiskVolume3\Windows\System32\umpdc.dll' [rescheduled]
4488.f0c: Detected loader lock ownership: rc=VINF_SUCCESS '\Device\HarddiskVolume3\Windows\System32\imm32.dll'.
4488.f0c: supR3HardenedWinVerifyCacheProcessWvtTodos: 0 (was 0) fWinVerifyTrust=0 for '\Device\HarddiskVolume3\Windows\System32\imm32.dll' [rescheduled]
4488.f0c: Detected loader lock ownership: rc=VINF_SUCCESS '\Device\HarddiskVolume3\Windows\System32\gdi32full.dll'.
4488.f0c: supR3HardenedWinVerifyCacheProcessWvtTodos: 0 (was 0) fWinVerifyTrust=0 for '\Device\HarddiskVolume3\Windows\System32\gdi32full.dll' [rescheduled]
4488.f0c: Detected loader lock ownership: rc=VINF_SUCCESS '\Device\HarddiskVolume3\Windows\System32\netutils.dll'.
4488.f0c: supR3HardenedWinVerifyCacheProcessWvtTodos: 0 (was 0) fWinVerifyTrust=0 for '\Device\HarddiskVolume3\Windows\System32\netutils.dll' [rescheduled]
4488.f0c: Detected loader lock ownership: rc=VINF_SUCCESS '\Device\HarddiskVolume3\Windows\System32\srvcli.dll'.
4488.f0c: supR3HardenedWinVerifyCacheProcessWvtTodos: 0 (was 0) fWinVerifyTrust=0 for '\Device\HarddiskVolume3\Windows\System32\srvcli.dll' [rescheduled]
4488.f0c: Detected loader lock ownership: rc=VINF_SUCCESS '\Device\HarddiskVolume3\Windows\System32\powrprof.dll'.
4488.f0c: supR3HardenedWinVerifyCacheProcessWvtTodos: 0 (was 0) fWinVerifyTrust=0 for '\Device\HarddiskVolume3\Windows\System32\powrprof.dll' [rescheduled]
4488.f0c: Detected loader lock ownership: rc=VINF_SUCCESS '\Device\HarddiskVolume3\Program Files\Oracle\VirtualBox\Qt6SqlVBox.dll'.
4488.f0c: supR3HardenedWinVerifyCacheProcessWvtTodos: 0 (was 0) fWinVerifyTrust=0 for '\Device\HarddiskVolume3\Program Files\Oracle\VirtualBox\Qt6SqlVBox.dll' [rescheduled]
4488.f0c: Detected loader lock ownership: rc=VINF_SUCCESS '\Device\HarddiskVolume3\Windows\System32\mpr.dll'.
4488.f0c: supR3HardenedWinVerifyCacheProcessWvtTodos: 0 (was 0) fWinVerifyTrust=0 for '\Device\HarddiskVolume3\Windows\System32\mpr.dll' [rescheduled]
4488.f0c: Detected loader lock ownership: rc=VINF_SUCCESS '\Device\HarddiskVolume3\Windows\System32\userenv.dll'.
4488.f0c: supR3HardenedWinVerifyCacheProcessWvtTodos: 0 (was 0) fWinVerifyTrust=0 for '\Device\HarddiskVolume3\Windows\System32\userenv.dll' [rescheduled]
4488.f0c: Detected loader lock ownership: rc=22900 '\Device\HarddiskVolume3\Windows\System32\authz.dll'.
4488.f0c: supR3HardenedWinVerifyCacheProcessWvtTodos: 22900 (was 22900) fWinVerifyTrust=0 for '\Device\HarddiskVolume3\Windows\System32\authz.dll' [rescheduled]
4488.f0c: Detected loader lock ownership: rc=VINF_SUCCESS '\Device\HarddiskVolume3\Windows\System32\netapi32.dll'.
4488.f0c: supR3HardenedWinVerifyCacheProcessWvtTodos: 0 (was 0) fWinVerifyTrust=0 for '\Device\HarddiskVolume3\Windows\System32\netapi32.dll' [rescheduled]
4488.f0c: Detected loader lock ownership: rc=VINF_SUCCESS '\Device\HarddiskVolume3\Windows\System32\version.dll'.
4488.f0c: supR3HardenedWinVerifyCacheProcessWvtTodos: 0 (was 0) fWinVerifyTrust=0 for '\Device\HarddiskVolume3\Windows\System32\version.dll' [rescheduled]
4488.f0c: Detected loader lock ownership: rc=VINF_SUCCESS '\Device\HarddiskVolume3\Windows\System32\d3d11.dll'.
4488.f0c: supR3HardenedWinVerifyCacheProcessWvtTodos: 0 (was 0) fWinVerifyTrust=0 for '\Device\HarddiskVolume3\Windows\System32\d3d11.dll' [rescheduled]
4488.f0c: Detected loader lock ownership: rc=VINF_SUCCESS '\Device\HarddiskVolume3\Windows\System32\dxgi.dll'.
4488.f0c: supR3HardenedWinVerifyCacheProcessWvtTodos: 0 (was 0) fWinVerifyTrust=0 for '\Device\HarddiskVolume3\Windows\System32\dxgi.dll' [rescheduled]
4488.f0c: Detected loader lock ownership: rc=VINF_SUCCESS '\Device\HarddiskVolume3\Windows\System32\D3D12.dll'.
4488.f0c: supR3HardenedWinVerifyCacheProcessWvtTodos: 0 (was 0) fWinVerifyTrust=0 for '\Device\HarddiskVolume3\Windows\System32\D3D12.dll' [rescheduled]
4488.f0c: Detected loader lock ownership: rc=VINF_SUCCESS '\Device\HarddiskVolume3\Windows\System32\shell32.dll'.
4488.f0c: supR3HardenedWinVerifyCacheProcessWvtTodos: 0 (was 0) fWinVerifyTrust=0 for '\Device\HarddiskVolume3\Windows\System32\shell32.dll' [rescheduled]
4488.f0c: Detected loader lock ownership: rc=22900 '\Device\HarddiskVolume3\Windows\System32\DWrite.dll'.
4488.f0c: supR3HardenedWinVerifyCacheProcessWvtTodos: 22900 (was 22900) fWinVerifyTrust=0 for '\Device\HarddiskVolume3\Windows\System32\DWrite.dll' [rescheduled]
4488.f0c: Detected loader lock ownership: rc=VINF_SUCCESS '\Device\HarddiskVolume3\Windows\System32\msvcp140_2.dll'.
4488.f0c: supR3HardenedWinVerifyCacheProcessWvtTodos: 0 (was 0) fWinVerifyTrust=0 for '\Device\HarddiskVolume3\Windows\System32\msvcp140_2.dll' [rescheduled]
4488.f0c: Detected loader lock ownership: rc=VINF_SUCCESS '\Device\HarddiskVolume3\Windows\System32\dwmapi.dll'.
4488.f0c: supR3HardenedWinVerifyCacheProcessWvtTodos: 0 (was 0) fWinVerifyTrust=0 for '\Device\HarddiskVolume3\Windows\System32\dwmapi.dll' [rescheduled]
4488.f0c: Detected loader lock ownership: rc=22900 '\Device\HarddiskVolume3\Windows\System32\uxtheme.dll'.
4488.f0c: supR3HardenedWinVerifyCacheProcessWvtTodos: 22900 (was 22900) fWinVerifyTrust=0 for '\Device\HarddiskVolume3\Windows\System32\uxtheme.dll' [rescheduled]
4488.f0c: Detected loader lock ownership: rc=VINF_SUCCESS '\Device\HarddiskVolume3\Windows\System32\msvcp140_1.dll'.
4488.f0c: supR3HardenedWinVerifyCacheProcessWvtTodos: 0 (was 0) fWinVerifyTrust=0 for '\Device\HarddiskVolume3\Windows\System32\msvcp140_1.dll' [rescheduled]
4488.f0c: Detected loader lock ownership: rc=VINF_SUCCESS '\Device\HarddiskVolume3\Windows\System32\win32u.dll'.
4488.f0c: supR3HardenedWinVerifyCacheProcessWvtTodos: 0 (was 0) fWinVerifyTrust=0 for '\Device\HarddiskVolume3\Windows\System32\win32u.dll' [rescheduled]
4488.f0c: Detected loader lock ownership: rc=VINF_SUCCESS '\Device\HarddiskVolume3\Windows\System32\gdi32.dll'.
4488.f0c: supR3HardenedWinVerifyCacheProcessWvtTodos: 0 (was 0) fWinVerifyTrust=0 for '\Device\HarddiskVolume3\Windows\System32\gdi32.dll' [rescheduled]
4488.f0c: Detected loader lock ownership: rc=VINF_SUCCESS '\Device\HarddiskVolume3\Windows\System32\combase.dll'.
4488.f0c: supR3HardenedWinVerifyCacheProcessWvtTodos: 0 (was 0) fWinVerifyTrust=0 for '\Device\HarddiskVolume3\Windows\System32\combase.dll' [rescheduled]
4488.f0c: supR3HardenedScreenImage/LdrLoadDll: cache hit (VINF_SUCCESS) on \Device\HarddiskVolume3\Windows\System32\gdi32.dll [redoing WinVerifyTrust]
4488.f0c: Detected loader lock ownership: rc=VINF_SUCCESS '\Device\HarddiskVolume3\Windows\System32\gdi32.dll'.
4488.f0c: supR3HardenedScreenImage/LdrLoadDll: WinVerifyTrust not available, rescheduling \Device\HarddiskVolume3\Windows\System32\gdi32.dll
4488.f0c: supR3HardenedMonitor_LdrLoadDll: returns rcNt=0x0 hMod=00007ff9c90a0000 'C:\WINDOWS\System32\gdi32.dll'
4488.f0c: Detected loader lock ownership: rc=VINF_SUCCESS '\Device\HarddiskVolume3\Windows\System32\umpdc.dll'.
4488.f0c: supR3HardenedWinVerifyCacheProcessWvtTodos: 0 (was 0) fWinVerifyTrust=0 for '\Device\HarddiskVolume3\Windows\System32\umpdc.dll' [rescheduled]
4488.f0c: Detected loader lock ownership: rc=VINF_SUCCESS '\Device\HarddiskVolume3\Windows\System32\imm32.dll'.
4488.f0c: supR3HardenedWinVerifyCacheProcessWvtTodos: 0 (was 0) fWinVerifyTrust=0 for '\Device\HarddiskVolume3\Windows\System32\imm32.dll' [rescheduled]
4488.f0c: Detected loader lock ownership: rc=VINF_SUCCESS '\Device\HarddiskVolume3\Windows\System32\gdi32full.dll'.
4488.f0c: supR3HardenedWinVerifyCacheProcessWvtTodos: 0 (was 0) fWinVerifyTrust=0 for '\Device\HarddiskVolume3\Windows\System32\gdi32full.dll' [rescheduled]
4488.f0c: Detected loader lock ownership: rc=VINF_SUCCESS '\Device\HarddiskVolume3\Windows\System32\netutils.dll'.
4488.f0c: supR3HardenedWinVerifyCacheProcessWvtTodos: 0 (was 0) fWinVerifyTrust=0 for '\Device\HarddiskVolume3\Windows\System32\netutils.dll' [rescheduled]
4488.f0c: Detected loader lock ownership: rc=VINF_SUCCESS '\Device\HarddiskVolume3\Windows\System32\srvcli.dll'.
4488.f0c: supR3HardenedWinVerifyCacheProcessWvtTodos: 0 (was 0) fWinVerifyTrust=0 for '\Device\HarddiskVolume3\Windows\System32\srvcli.dll' [rescheduled]
4488.f0c: Detected loader lock ownership: rc=VINF_SUCCESS '\Device\HarddiskVolume3\Windows\System32\powrprof.dll'.
4488.f0c: supR3HardenedWinVerifyCacheProcessWvtTodos: 0 (was 0) fWinVerifyTrust=0 for '\Device\HarddiskVolume3\Windows\System32\powrprof.dll' [rescheduled]
4488.f0c: Detected loader lock ownership: rc=VINF_SUCCESS '\Device\HarddiskVolume3\Program Files\Oracle\VirtualBox\Qt6SqlVBox.dll'.
4488.f0c: supR3HardenedWinVerifyCacheProcessWvtTodos: 0 (was 0) fWinVerifyTrust=0 for '\Device\HarddiskVolume3\Program Files\Oracle\VirtualBox\Qt6SqlVBox.dll' [rescheduled]
4488.f0c: Detected loader lock ownership: rc=VINF_SUCCESS '\Device\HarddiskVolume3\Windows\System32\mpr.dll'.
4488.f0c: supR3HardenedWinVerifyCacheProcessWvtTodos: 0 (was 0) fWinVerifyTrust=0 for '\Device\HarddiskVolume3\Windows\System32\mpr.dll' [rescheduled]
4488.f0c: Detected loader lock ownership: rc=VINF_SUCCESS '\Device\HarddiskVolume3\Windows\System32\userenv.dll'.
4488.f0c: supR3HardenedWinVerifyCacheProcessWvtTodos: 0 (was 0) fWinVerifyTrust=0 for '\Device\HarddiskVolume3\Windows\System32\userenv.dll' [rescheduled]
4488.f0c: Detected loader lock ownership: rc=22900 '\Device\HarddiskVolume3\Windows\System32\authz.dll'.
4488.f0c: supR3HardenedWinVerifyCacheProcessWvtTodos: 22900 (was 22900) fWinVerifyTrust=0 for '\Device\HarddiskVolume3\Windows\System32\authz.dll' [rescheduled]
4488.f0c: Detected loader lock ownership: rc=VINF_SUCCESS '\Device\HarddiskVolume3\Windows\System32\netapi32.dll'.
4488.f0c: supR3HardenedWinVerifyCacheProcessWvtTodos: 0 (was 0) fWinVerifyTrust=0 for '\Device\HarddiskVolume3\Windows\System32\netapi32.dll' [rescheduled]
4488.f0c: Detected loader lock ownership: rc=VINF_SUCCESS '\Device\HarddiskVolume3\Windows\System32\version.dll'.
4488.f0c: supR3HardenedWinVerifyCacheProcessWvtTodos: 0 (was 0) fWinVerifyTrust=0 for '\Device\HarddiskVolume3\Windows\System32\version.dll' [rescheduled]
4488.f0c: Detected loader lock ownership: rc=VINF_SUCCESS '\Device\HarddiskVolume3\Windows\System32\d3d11.dll'.
4488.f0c: supR3HardenedWinVerifyCacheProcessWvtTodos: 0 (was 0) fWinVerifyTrust=0 for '\Device\HarddiskVolume3\Windows\System32\d3d11.dll' [rescheduled]
4488.f0c: Detected loader lock ownership: rc=VINF_SUCCESS '\Device\HarddiskVolume3\Windows\System32\dxgi.dll'.
4488.f0c: supR3HardenedWinVerifyCacheProcessWvtTodos: 0 (was 0) fWinVerifyTrust=0 for '\Device\HarddiskVolume3\Windows\System32\dxgi.dll' [rescheduled]
4488.f0c: Detected loader lock ownership: rc=VINF_SUCCESS '\Device\HarddiskVolume3\Windows\System32\D3D12.dll'.
4488.f0c: supR3HardenedWinVerifyCacheProcessWvtTodos: 0 (was 0) fWinVerifyTrust=0 for '\Device\HarddiskVolume3\Windows\System32\D3D12.dll' [rescheduled]
4488.f0c: Detected loader lock ownership: rc=VINF_SUCCESS '\Device\HarddiskVolume3\Windows\System32\shell32.dll'.
4488.f0c: supR3HardenedWinVerifyCacheProcessWvtTodos: 0 (was 0) fWinVerifyTrust=0 for '\Device\HarddiskVolume3\Windows\System32\shell32.dll' [rescheduled]
4488.f0c: Detected loader lock ownership: rc=22900 '\Device\HarddiskVolume3\Windows\System32\DWrite.dll'.
4488.f0c: supR3HardenedWinVerifyCacheProcessWvtTodos: 22900 (was 22900) fWinVerifyTrust=0 for '\Device\HarddiskVolume3\Windows\System32\DWrite.dll' [rescheduled]
4488.f0c: Detected loader lock ownership: rc=VINF_SUCCESS '\Device\HarddiskVolume3\Windows\System32\msvcp140_2.dll'.
4488.f0c: supR3HardenedWinVerifyCacheProcessWvtTodos: 0 (was 0) fWinVerifyTrust=0 for '\Device\HarddiskVolume3\Windows\System32\msvcp140_2.dll' [rescheduled]
4488.f0c: Detected loader lock ownership: rc=VINF_SUCCESS '\Device\HarddiskVolume3\Windows\System32\dwmapi.dll'.
4488.f0c: supR3HardenedWinVerifyCacheProcessWvtTodos: 0 (was 0) fWinVerifyTrust=0 for '\Device\HarddiskVolume3\Windows\System32\dwmapi.dll' [rescheduled]
4488.f0c: Detected loader lock ownership: rc=22900 '\Device\HarddiskVolume3\Windows\System32\uxtheme.dll'.
4488.f0c: supR3HardenedWinVerifyCacheProcessWvtTodos: 22900 (was 22900) fWinVerifyTrust=0 for '\Device\HarddiskVolume3\Windows\System32\uxtheme.dll' [rescheduled]
4488.f0c: Detected loader lock ownership: rc=VINF_SUCCESS '\Device\HarddiskVolume3\Windows\System32\msvcp140_1.dll'.
4488.f0c: supR3HardenedWinVerifyCacheProcessWvtTodos: 0 (was 0) fWinVerifyTrust=0 for '\Device\HarddiskVolume3\Windows\System32\msvcp140_1.dll' [rescheduled]
4488.f0c: Detected loader lock ownership: rc=VINF_SUCCESS '\Device\HarddiskVolume3\Windows\System32\win32u.dll'.
4488.f0c: supR3HardenedWinVerifyCacheProcessWvtTodos: 0 (was 0) fWinVerifyTrust=0 for '\Device\HarddiskVolume3\Windows\System32\win32u.dll' [rescheduled]
4488.f0c: Detected loader lock ownership: rc=VINF_SUCCESS '\Device\HarddiskVolume3\Windows\System32\gdi32.dll'.
4488.f0c: supR3HardenedWinVerifyCacheProcessWvtTodos: 0 (was 0) fWinVerifyTrust=0 for '\Device\HarddiskVolume3\Windows\System32\gdi32.dll' [rescheduled]
4488.f0c: Detected loader lock ownership: rc=VINF_SUCCESS '\Device\HarddiskVolume3\Windows\System32\combase.dll'.
4488.f0c: supR3HardenedWinVerifyCacheProcessWvtTodos: 0 (was 0) fWinVerifyTrust=0 for '\Device\HarddiskVolume3\Windows\System32\combase.dll' [rescheduled]
4488.f0c: supR3HardenedMonitor_LdrLoadDll: returns rcNt=0x0 hMod=00007ff9a38d0000 'C:\Program Files\Oracle\VirtualBox\VirtualBoxVM.dll'
4488.f0c: supR3HardenedMonitor_LdrLoadDll: returns rcNt=0x0 hMod=00007ff9c5b00000 'C:\WINDOWS\system32\rsaenh.dll'
4488.f0c: supR3HardenedMonitor_LdrLoadDll: returns rcNt=0x0 hMod=00007ff9c7050000 'C:\WINDOWS\System32\crypt32.dll'
4488.f0c: supR3HardenedWinVerifyCacheProcessWvtTodos: 0 (was 0) fWinVerifyTrust=1 for '\Device\HarddiskVolume3\Windows\System32\umpdc.dll'
4488.f0c: supR3HardenedMonitor_LdrLoadDll: returns rcNt=0x0 hMod=00007ff9c5b00000 'C:\WINDOWS\system32\rsaenh.dll'
4488.f0c: supR3HardenedMonitor_LdrLoadDll: returns rcNt=0x0 hMod=00007ff9c7050000 'C:\WINDOWS\System32\crypt32.dll'
4488.f0c: supR3HardenedWinVerifyCacheProcessWvtTodos: 0 (was 0) fWinVerifyTrust=1 for '\Device\HarddiskVolume3\Windows\System32\imm32.dll'
4488.f0c: supR3HardenedMonitor_LdrLoadDll: returns rcNt=0x0 hMod=00007ff9c5b00000 'C:\WINDOWS\system32\rsaenh.dll'
4488.f0c: supR3HardenedMonitor_LdrLoadDll: returns rcNt=0x0 hMod=00007ff9c7050000 'C:\WINDOWS\System32\crypt32.dll'
4488.f0c: supR3HardenedWinVerifyCacheProcessWvtTodos: 0 (was 0) fWinVerifyTrust=1 for '\Device\HarddiskVolume3\Windows\System32\gdi32full.dll'
4488.f0c: supR3HardenedMonitor_LdrLoadDll: returns rcNt=0x0 hMod=00007ff9c5b00000 'C:\WINDOWS\system32\rsaenh.dll'
4488.f0c: supR3HardenedMonitor_LdrLoadDll: returns rcNt=0x0 hMod=00007ff9c7050000 'C:\WINDOWS\System32\crypt32.dll'
4488.f0c: supR3HardenedWinVerifyCacheProcessWvtTodos: 0 (was 0) fWinVerifyTrust=1 for '\Device\HarddiskVolume3\Windows\System32\netutils.dll'
4488.f0c: supR3HardenedMonitor_LdrLoadDll: returns rcNt=0x0 hMod=00007ff9c5b00000 'C:\WINDOWS\system32\rsaenh.dll'
4488.f0c: supR3HardenedMonitor_LdrLoadDll: returns rcNt=0x0 hMod=00007ff9c7050000 'C:\WINDOWS\System32\crypt32.dll'
4488.f0c: supR3HardenedWinVerifyCacheProcessWvtTodos: 0 (was 0) fWinVerifyTrust=1 for '\Device\HarddiskVolume3\Windows\System32\srvcli.dll'
4488.f0c: supR3HardenedMonitor_LdrLoadDll: returns rcNt=0x0 hMod=00007ff9c5b00000 'C:\WINDOWS\system32\rsaenh.dll'
4488.f0c: supR3HardenedMonitor_LdrLoadDll: returns rcNt=0x0 hMod=00007ff9c7050000 'C:\WINDOWS\System32\crypt32.dll'
4488.f0c: supR3HardenedWinVerifyCacheProcessWvtTodos: 0 (was 0) fWinVerifyTrust=1 for '\Device\HarddiskVolume3\Windows\System32\powrprof.dll'
4488.f0c: supR3HardenedMonitor_LdrLoadDll: returns rcNt=0x0 hMod=00007ff9c5b00000 'C:\WINDOWS\system32\rsaenh.dll'
4488.f0c: supR3HardenedMonitor_LdrLoadDll: returns rcNt=0x0 hMod=00007ff9c7050000 'C:\WINDOWS\System32\crypt32.dll'
4488.f0c: supR3HardenedWinVerifyCacheProcessWvtTodos: 0 (was 0) fWinVerifyTrust=1 for '\Device\HarddiskVolume3\Program Files\Oracle\VirtualBox\Qt6SqlVBox.dll'
4488.f0c: supR3HardenedMonitor_LdrLoadDll: returns rcNt=0x0 hMod=00007ff9c5b00000 'C:\WINDOWS\system32\rsaenh.dll'
4488.f0c: supR3HardenedMonitor_LdrLoadDll: returns rcNt=0x0 hMod=00007ff9c7050000 'C:\WINDOWS\System32\crypt32.dll'
4488.f0c: supR3HardenedWinVerifyCacheProcessWvtTodos: 0 (was 0) fWinVerifyTrust=1 for '\Device\HarddiskVolume3\Windows\System32\mpr.dll'
4488.f0c: supR3HardenedMonitor_LdrLoadDll: returns rcNt=0x0 hMod=00007ff9c5b00000 'C:\WINDOWS\system32\rsaenh.dll'
4488.f0c: supR3HardenedMonitor_LdrLoadDll: returns rcNt=0x0 hMod=00007ff9c7050000 'C:\WINDOWS\System32\crypt32.dll'
4488.f0c: supR3HardenedWinVerifyCacheProcessWvtTodos: 0 (was 0) fWinVerifyTrust=1 for '\Device\HarddiskVolume3\Windows\System32\userenv.dll'
4488.f0c: supR3HardNtViCallWinVerifyTrustCatFile: hFile=000000000000052c pwszName=\Device\HarddiskVolume3\Windows\System32\authz.dll
4488.f0c: supR3HardNtViCallWinVerifyTrustCatFile: Cached context 00000207be1a4f20
4488.f0c: supR3HardNtViCallWinVerifyTrustCatFile: hCatAdmin=00000207be1a4f20
4488.f0c: supR3HardNtViCallWinVerifyTrustCatFile: cbHash=20 wszDigest=F22CD6E74F3084CBAF978AC0024AC93363B48EDF
4488.f0c: supR3HardenedMonitor_LdrLoadDll: returns rcNt=0x0 hMod=00007ff9c5b00000 'C:\WINDOWS\system32\rsaenh.dll'
4488.f0c: supR3HardenedMonitor_LdrLoadDll: returns rcNt=0x0 hMod=00007ff9c7050000 'C:\WINDOWS\System32\crypt32.dll'
4488.f0c: supR3HardNtViCallWinVerifyTrustCatFile: WinVerifyTrust => 0x0; cat='C:\WINDOWS\system32\CatRoot\{F750E6C3-38EE-11D1-85E5-00C04FC295EE}\Microsoft-OneCore-CoreSystem-Core-merged-Package~31bf3856ad364e35~amd64~~10.0.26100.9168.cat'; file='\Device\HarddiskVolume3\Windows\System32\authz.dll'
4488.f0c: supR3HardNtViCallWinVerifyTrustCatFile -> 0 (org 22900)
4488.f0c: supR3HardenedWinVerifyCacheProcessWvtTodos: 0 (was 22900) fWinVerifyTrust=1 for '\Device\HarddiskVolume3\Windows\System32\authz.dll'
4488.f0c: supR3HardenedMonitor_LdrLoadDll: returns rcNt=0x0 hMod=00007ff9c5b00000 'C:\WINDOWS\system32\rsaenh.dll'
4488.f0c: supR3HardenedScreenImage/LdrLoadDll: cache hit (VINF_SUCCESS) on \Device\HarddiskVolume3\Windows\System32\crypt32.dll
4488.f0c: supR3HardenedMonitor_LdrLoadDll: pName=C:\WINDOWS\System32\crypt32.dll (Input=crypt32.dll, rcNtResolve=0xc0150008) *pfFlags=0x0 pwszSearchPath=0000000000000001:<flags> [calling]
4488.f0c: supR3HardenedMonitor_LdrLoadDll: returns rcNt=0x0 hMod=00007ff9c7050000 'C:\WINDOWS\System32\crypt32.dll'
4488.f0c: supR3HardenedWinVerifyCacheProcessWvtTodos: 0 (was 0) fWinVerifyTrust=1 for '\Device\HarddiskVolume3\Windows\System32\netapi32.dll'
4488.f0c: supR3HardenedMonitor_LdrLoadDll: returns rcNt=0x0 hMod=00007ff9c5b00000 'C:\WINDOWS\system32\rsaenh.dll'
4488.f0c: supR3HardenedMonitor_LdrLoadDll: returns rcNt=0x0 hMod=00007ff9c7050000 'C:\WINDOWS\System32\crypt32.dll'
4488.f0c: supR3HardenedWinVerifyCacheProcessWvtTodos: 0 (was 0) fWinVerifyTrust=1 for '\Device\HarddiskVolume3\Windows\System32\version.dll'
4488.f0c: supR3HardenedMonitor_LdrLoadDll: returns rcNt=0x0 hMod=00007ff9c5b00000 'C:\WINDOWS\system32\rsaenh.dll'
4488.f0c: supR3HardenedMonitor_LdrLoadDll: returns rcNt=0x0 hMod=00007ff9c7050000 'C:\WINDOWS\System32\crypt32.dll'
4488.f0c: supR3HardenedWinVerifyCacheProcessWvtTodos: 0 (was 0) fWinVerifyTrust=1 for '\Device\HarddiskVolume3\Windows\System32\d3d11.dll'
4488.f0c: supR3HardenedScreenImage/LdrLoadDll: cache hit (VINF_SUCCESS) on \Device\HarddiskVolume3\Windows\System32\rsaenh.dll
4488.f0c: supR3HardenedMonitor_LdrLoadDll: pName=C:\WINDOWS\system32\rsaenh.dll (rcNtResolve=0xc0150008) *pfFlags=0x0 pwszSearchPath=0000000000000001:<flags> [calling]
4488.f0c: supR3HardenedMonitor_LdrLoadDll: returns rcNt=0x0 hMod=00007ff9c5b00000 'C:\WINDOWS\system32\rsaenh.dll'
4488.f0c: supR3HardenedMonitor_LdrLoadDll: returns rcNt=0x0 hMod=00007ff9c7050000 'C:\WINDOWS\System32\crypt32.dll'
4488.f0c: supR3HardenedWinVerifyCacheProcessWvtTodos: 0 (was 0) fWinVerifyTrust=1 for '\Device\HarddiskVolume3\Windows\System32\dxgi.dll'
4488.f0c: supR3HardenedMonitor_LdrLoadDll: returns rcNt=0x0 hMod=00007ff9c5b00000 'C:\WINDOWS\system32\rsaenh.dll'
4488.f0c: supR3HardenedMonitor_LdrLoadDll: returns rcNt=0x0 hMod=00007ff9c7050000 'C:\WINDOWS\System32\crypt32.dll'
4488.f0c: supR3HardenedWinVerifyCacheProcessWvtTodos: 0 (was 0) fWinVerifyTrust=1 for '\Device\HarddiskVolume3\Windows\System32\D3D12.dll'
4488.f0c: supR3HardenedMonitor_LdrLoadDll: returns rcNt=0x0 hMod=00007ff9c5b00000 'C:\WINDOWS\system32\rsaenh.dll'
4488.f0c: supR3HardenedMonitor_LdrLoadDll: returns rcNt=0x0 hMod=00007ff9c7050000 'C:\WINDOWS\System32\crypt32.dll'
4488.f0c: supR3HardenedWinVerifyCacheProcessWvtTodos: 0 (was 0) fWinVerifyTrust=1 for '\Device\HarddiskVolume3\Windows\System32\shell32.dll'
4488.f0c: supR3HardNtViCallWinVerifyTrustCatFile: hFile=0000000000000518 pwszName=\Device\HarddiskVolume3\Windows\System32\DWrite.dll
4488.f0c: supR3HardNtViCallWinVerifyTrustCatFile: Cached context 00000207be1a4f20
4488.f0c: supR3HardNtViCallWinVerifyTrustCatFile: hCatAdmin=00000207be1a4f20
4488.f0c: supR3HardNtViCallWinVerifyTrustCatFile: cbHash=20 wszDigest=0812EB943F8FC2E8BFE2D324D88C386241C79F4D
4488.f0c: supR3HardenedMonitor_LdrLoadDll: returns rcNt=0x0 hMod=00007ff9c5b00000 'C:\WINDOWS\system32\rsaenh.dll'
4488.f0c: supR3HardenedMonitor_LdrLoadDll: returns rcNt=0x0 hMod=00007ff9c7050000 'C:\WINDOWS\System32\crypt32.dll'
4488.f0c: supR3HardNtViCallWinVerifyTrustCatFile: WinVerifyTrust => 0x0; cat='C:\WINDOWS\system32\CatRoot\{F750E6C3-38EE-11D1-85E5-00C04FC295EE}\Microsoft-OneCore-Graphics-DirectX-Package~31bf3856ad364e35~amd64~~10.0.26100.9444.cat'; file='\Device\HarddiskVolume3\Windows\System32\DWrite.dll'
4488.f0c: supR3HardNtViCallWinVerifyTrustCatFile -> 0 (org 22900)
4488.f0c: supR3HardenedWinVerifyCacheProcessWvtTodos: 0 (was 22900) fWinVerifyTrust=1 for '\Device\HarddiskVolume3\Windows\System32\DWrite.dll'
4488.f0c: supR3HardenedMonitor_LdrLoadDll: returns rcNt=0x0 hMod=00007ff9c5b00000 'C:\WINDOWS\system32\rsaenh.dll'
4488.f0c: supR3HardenedMonitor_LdrLoadDll: returns rcNt=0x0 hMod=00007ff9c7050000 'C:\WINDOWS\System32\crypt32.dll'
4488.f0c: supR3HardenedWinVerifyCacheProcessWvtTodos: 0 (was 0) fWinVerifyTrust=1 for '\Device\HarddiskVolume3\Windows\System32\msvcp140_2.dll'
4488.f0c: supR3HardenedMonitor_LdrLoadDll: returns rcNt=0x0 hMod=00007ff9c5b00000 'C:\WINDOWS\system32\rsaenh.dll'
4488.f0c: supR3HardenedMonitor_LdrLoadDll: returns rcNt=0x0 hMod=00007ff9c7050000 'C:\WINDOWS\System32\crypt32.dll'
4488.f0c: supR3HardenedWinVerifyCacheProcessWvtTodos: 0 (was 0) fWinVerifyTrust=1 for '\Device\HarddiskVolume3\Windows\System32\dwmapi.dll'
4488.f0c: supR3HardNtViCallWinVerifyTrustCatFile: hFile=00000000000004fc pwszName=\Device\HarddiskVolume3\Windows\System32\uxtheme.dll
4488.f0c: supR3HardNtViCallWinVerifyTrustCatFile: Cached context 00000207be1a4f20
4488.f0c: supR3HardNtViCallWinVerifyTrustCatFile: hCatAdmin=00000207be1a4f20
4488.f0c: supR3HardNtViCallWinVerifyTrustCatFile: cbHash=20 wszDigest=B102441B15BEC704A72B166CF1AA29D65687BE8B
4488.f0c: supR3HardenedMonitor_LdrLoadDll: returns rcNt=0x0 hMod=00007ff9c5b00000 'C:\WINDOWS\system32\rsaenh.dll'
4488.f0c: supR3HardenedMonitor_LdrLoadDll: returns rcNt=0x0 hMod=00007ff9c7050000 'C:\WINDOWS\System32\crypt32.dll'
4488.f0c: supR3HardNtViCallWinVerifyTrustCatFile: WinVerifyTrust => 0x0; cat='C:\WINDOWS\system32\CatRoot\{F750E6C3-38EE-11D1-85E5-00C04FC295EE}\Microsoft-Windows-Client-Desktop-Required-Package05112~31bf3856ad364e35~amd64~~10.0.26100.9445.cat'; file='\Device\HarddiskVolume3\Windows\System32\uxtheme.dll'
4488.f0c: supR3HardNtViCallWinVerifyTrustCatFile -> 0 (org 22900)
4488.f0c: supR3HardenedWinVerifyCacheProcessWvtTodos: 0 (was 22900) fWinVerifyTrust=1 for '\Device\HarddiskVolume3\Windows\System32\uxtheme.dll'
4488.f0c: supR3HardenedMonitor_LdrLoadDll: returns rcNt=0x0 hMod=00007ff9c5b00000 'C:\WINDOWS\system32\rsaenh.dll'
4488.f0c: supR3HardenedMonitor_LdrLoadDll: returns rcNt=0x0 hMod=00007ff9c7050000 'C:\WINDOWS\System32\crypt32.dll'
4488.f0c: supR3HardenedWinVerifyCacheProcessWvtTodos: 0 (was 0) fWinVerifyTrust=1 for '\Device\HarddiskVolume3\Windows\System32\msvcp140_1.dll'
4488.f0c: supR3HardenedMonitor_LdrLoadDll: returns rcNt=0x0 hMod=00007ff9c5b00000 'C:\WINDOWS\system32\rsaenh.dll'
4488.f0c: supR3HardenedMonitor_LdrLoadDll: returns rcNt=0x0 hMod=00007ff9c7050000 'C:\WINDOWS\System32\crypt32.dll'
4488.f0c: supR3HardenedWinVerifyCacheProcessWvtTodos: 0 (was 0) fWinVerifyTrust=1 for '\Device\HarddiskVolume3\Windows\System32\win32u.dll'
4488.f0c: supR3HardenedMonitor_LdrLoadDll: returns rcNt=0x0 hMod=00007ff9c5b00000 'C:\WINDOWS\system32\rsaenh.dll'
4488.f0c: supR3HardenedMonitor_LdrLoadDll: returns rcNt=0x0 hMod=00007ff9c7050000 'C:\WINDOWS\System32\crypt32.dll'
4488.f0c: supR3HardenedWinVerifyCacheProcessWvtTodos: 0 (was 0) fWinVerifyTrust=1 for '\Device\HarddiskVolume3\Windows\System32\gdi32.dll'
4488.f0c: supR3HardenedMonitor_LdrLoadDll: returns rcNt=0x0 hMod=00007ff9c5b00000 'C:\WINDOWS\system32\rsaenh.dll'
4488.f0c: supR3HardenedMonitor_LdrLoadDll: returns rcNt=0x0 hMod=00007ff9c7050000 'C:\WINDOWS\System32\crypt32.dll'
4488.f0c: supR3HardenedWinVerifyCacheProcessWvtTodos: 0 (was 0) fWinVerifyTrust=1 for '\Device\HarddiskVolume3\Windows\System32\combase.dll'
4488.f0c: SUPR3HardenedMain: Calling TrustedMain (00007ff9a38d19b0)...
4488.f0c: supR3HardenedWinVerifyCacheScheduleImports: Import todo: #31 'combase.dll'.
4488.f0c: supR3HardenedWinVerifyCacheScheduleImports: Import todo: #32 'msvcp_win.dll'.
4488.f0c: supHardenedWinVerifyImageByHandle: -> 0 (\Device\HarddiskVolume3\Windows\System32\windows.storage.dll)
4488.f0c: supR3HardenedWinVerifyCacheInsert: \Device\HarddiskVolume3\Windows\System32\windows.storage.dll
4488.f0c: supR3HardenedDllNotificationCallback: load   00007ff9c4970000 LB 0x008ae000 C:\WINDOWS\SYSTEM32\windows.storage.dll [fFlags=0x0]
4488.f0c: supR3HardenedScreenImage/LdrLoadDll: cache hit (VINF_SUCCESS) on \Device\HarddiskVolume3\Windows\System32\windows.storage.dll [avoiding WinVerifyTrust]
4488.f0c: supR3HardenedDllNotificationCallback: load   00007ff9c8410000 LB 0x00066000 C:\WINDOWS\System32\shlwapi.dll [fFlags=0x0]
4488.f0c: supHardenedWinVerifyImageByHandle: -> 0 (\Device\HarddiskVolume3\Windows\System32\shlwapi.dll)
4488.f0c: supR3HardenedWinVerifyCacheInsert: \Device\HarddiskVolume3\Windows\System32\shlwapi.dll
4488.f0c: supR3HardenedWinVerifyCacheProcessImportTodos: Processing 'msvcp_win.dll'...
4488.f0c: supR3HardenedWinVerifyCacheProcessImportTodos: 'msvcp_win.dll' -> '\Device\HarddiskVolume3\Windows\System32\msvcp_win.dll' [rcNtRedir=0xc0150008]
4488.f0c: supR3HardenedWinVerifyCacheProcessImportTodos: Processing 'combase.dll'...
4488.f0c: supR3HardenedWinVerifyCacheProcessImportTodos: 'combase.dll' -> '\Device\HarddiskVolume3\Windows\System32\combase.dll' [rcNtRedir=0xc0150008]
4488.f0c: supR3HardenedScreenImage/Imports: cache hit (VINF_SUCCESS) on \Device\HarddiskVolume3\Windows\System32\combase.dll
4488.f0c: supR3HardenedMonitor_LdrLoadDll: returns rcNt=0x0 hMod=00007ff9c5b00000 'C:\WINDOWS\system32\rsaenh.dll'
4488.f0c: supR3HardenedMonitor_LdrLoadDll: returns rcNt=0x0 hMod=00007ff9c7050000 'C:\WINDOWS\System32\crypt32.dll'
4488.f0c: supR3HardenedWinVerifyCacheProcessWvtTodos: 0 (was 0) fWinVerifyTrust=1 for '\Device\HarddiskVolume3\Windows\System32\shlwapi.dll'
4488.f0c: supR3HardenedMonitor_LdrLoadDll: returns rcNt=0x0 hMod=00007ff9c5b00000 'C:\WINDOWS\system32\rsaenh.dll'
4488.f0c: supR3HardenedMonitor_LdrLoadDll: returns rcNt=0x0 hMod=00007ff9c7050000 'C:\WINDOWS\System32\crypt32.dll'
4488.f0c: supR3HardenedWinVerifyCacheProcessWvtTodos: 0 (was 0) fWinVerifyTrust=1 for '\Device\HarddiskVolume3\Windows\System32\windows.storage.dll'
4488.f0c: supR3HardenedMonitor_LdrLoadDll: returns rcNt=0x0 hMod=00007ff9c5b00000 'C:\WINDOWS\system32\rsaenh.dll'
4488.f0c: supR3HardenedMonitor_LdrLoadDll: returns rcNt=0x0 hMod=00007ff9c7050000 'C:\WINDOWS\System32\crypt32.dll'
4488.f0c: supR3HardenedWinVerifyCacheScheduleImports: Import todo: #0 'advapi32.dll'.
4488.f0c: supR3HardenedWinVerifyCacheScheduleImports: Import todo: #1 'dwmapi.dll'.
4488.f0c: supR3HardenedWinVerifyCacheScheduleImports: Import todo: #2 'gdi32.dll'.
4488.f0c: supR3HardenedWinVerifyCacheScheduleImports: Import todo: #3 'imm32.dll'.
4488.f0c: supR3HardenedWinVerifyCacheScheduleImports: Import todo: #4 'ole32.dll'.
4488.f0c: supR3HardenedWinVerifyCacheScheduleImports: Import todo: #5 'oleaut32.dll'.
4488.f0c: supR3HardenedWinVerifyCacheScheduleImports: Import todo: #6 'setupapi.dll'.
4488.f0c: supR3HardenedWinVerifyCacheScheduleImports: Import todo: #7 'shell32.dll'.
4488.f0c: supR3HardenedWinVerifyCacheScheduleImports: Import todo: #8 'shlwapi.dll'.
4488.f0c: supR3HardenedWinVerifyCacheScheduleImports: Import todo: #9 'user32.dll'.
4488.f0c: supR3HardenedWinVerifyCacheScheduleImports: Import todo: #10 'winmm.dll'.
4488.f0c: supR3HardenedWinVerifyCacheScheduleImports: Import todo: #11 'wtsapi32.dll'.
4488.f0c: supR3HardenedWinVerifyCacheScheduleImports: Import todo: #13 'comdlg32.dll'.
4488.f0c: supR3HardenedWinVerifyCacheScheduleImports: Import todo: #14 'd3d9.dll'.
4488.f0c: supR3HardenedWinVerifyCacheScheduleImports: Import todo: #17 'uiautomationcore.dll'.
4488.f0c: supR3HardenedWinVerifyCacheScheduleImports: Import todo: #18 'qt6guivbox.dll'.
4488.f0c: supR3HardenedWinVerifyCacheScheduleImports: Import todo: #19 'qt6corevbox.dll'.
4488.f0c: supR3HardenedWinVerifyCacheScheduleImports: Import todo: #21 'msvcp140.dll'.
4488.f0c: supR3HardenedWinVerifyCacheScheduleImports: Import todo: #22 'vcruntime140.dll'.
4488.f0c: supR3HardenedWinVerifyCacheScheduleImports: Import todo: #23 'vcruntime140_1.dll'.
4488.f0c: supHardenedWinVerifyImageByHandle: -> 0 (\Device\HarddiskVolume3\Program Files\Oracle\VirtualBox\platforms\qwindowsVBox.dll) WinVerifyTrust
4488.f0c: supR3HardenedWinVerifyCacheInsert: \Device\HarddiskVolume3\Program Files\Oracle\VirtualBox\platforms\qwindowsVBox.dll
4488.f0c: supR3HardenedWinVerifyCacheProcessImportTodos: Processing 'vcruntime140_1.dll'...
4488.f0c: supR3HardenedWinVerifyCacheProcessImportTodos: 'vcruntime140_1.dll' -> '\Device\HarddiskVolume3\Windows\System32\vcruntime140_1.dll' [rcNtRedir=0xc0150008]
4488.f0c: supR3HardenedWinVerifyCacheProcessImportTodos: Processing 'vcruntime140.dll'...
4488.f0c: supR3HardenedWinVerifyCacheProcessImportTodos: 'vcruntime140.dll' -> '\Device\HarddiskVolume3\Windows\System32\vcruntime140.dll' [rcNtRedir=0xc0150008]
4488.f0c: supR3HardenedWinVerifyCacheProcessImportTodos: Processing 'msvcp140.dll'...
4488.f0c: supR3HardenedWinVerifyCacheProcessImportTodos: 'msvcp140.dll' -> '\Device\HarddiskVolume3\Windows\System32\msvcp140.dll' [rcNtRedir=0xc0150008]
4488.f0c: supR3HardenedWinVerifyCacheProcessImportTodos: Processing 'qt6corevbox.dll'...
4488.f0c: supR3HardenedWinVerifyCacheProcessImportTodos: 'qt6corevbox.dll' -> '\Device\HarddiskVolume3\Program Files\Oracle\VirtualBox\qt6corevbox.dll' [rcNtRedir=0xc0150008]
4488.f0c: supR3HardenedWinVerifyCacheProcessImportTodos: Processing 'qt6guivbox.dll'...
4488.f0c: supR3HardenedWinVerifyCacheProcessImportTodos: 'qt6guivbox.dll' -> '\Device\HarddiskVolume3\Program Files\Oracle\VirtualBox\qt6guivbox.dll' [rcNtRedir=0xc0150008]
4488.f0c: supR3HardenedScreenImage/Imports: cache hit (VINF_SUCCESS) on \Device\HarddiskVolume3\Program Files\Oracle\VirtualBox\Qt6GuiVBox.dll
4488.f0c: supR3HardenedWinVerifyCacheProcessImportTodos: Processing 'uiautomationcore.dll'...
4488.f0c: supR3HardenedWinVerifyCacheProcessImportTodos: 'uiautomationcore.dll' -> '\Device\HarddiskVolume3\Windows\System32\uiautomationcore.dll' [rcNtRedir=0xc0150008]
4488.f0c: supR3HardNtViCallWinVerifyTrustCatFile: hFile=000000000000075c pwszName=\Device\HarddiskVolume3\Windows\System32\UIAutomationCore.dll
4488.f0c: supR3HardNtViCallWinVerifyTrustCatFile: Cached context 00000207be1a4f20
4488.f0c: supR3HardNtViCallWinVerifyTrustCatFile: hCatAdmin=00000207be1a4f20
4488.f0c: supR3HardNtViCallWinVerifyTrustCatFile: cbHash=20 wszDigest=C797FDF54E7C11531CF24109ED771DF6A633FF73
4488.f0c: supR3HardenedMonitor_LdrLoadDll: returns rcNt=0x0 hMod=00007ff9c5b00000 'C:\WINDOWS\system32\rsaenh.dll'
4488.f0c: supR3HardenedMonitor_LdrLoadDll: returns rcNt=0x0 hMod=00007ff9c7050000 'C:\WINDOWS\System32\crypt32.dll'
4488.f0c: supR3HardNtViCallWinVerifyTrustCatFile: WinVerifyTrust => 0x0; cat='C:\WINDOWS\system32\CatRoot\{F750E6C3-38EE-11D1-85E5-00C04FC295EE}\Runlevel-Win4-merged-Package~31bf3856ad364e35~amd64~~10.0.26100.9444.cat'; file='\Device\HarddiskVolume3\Windows\System32\UIAutomationCore.dll'
4488.f0c: supR3HardNtViCallWinVerifyTrustCatFile -> 0 (org 22900)
4488.f0c: supR3HardenedWinVerifyCacheScheduleImports: Import todo: #0 'msvcp_win.dll'.
4488.f0c: supHardenedWinVerifyImageByHandle: -> 0 (\Device\HarddiskVolume3\Windows\System32\UIAutomationCore.dll) WinVerifyTrust
4488.f0c: supR3HardenedWinVerifyCacheInsert: \Device\HarddiskVolume3\Windows\System32\UIAutomationCore.dll
4488.f0c: supR3HardenedWinVerifyCacheProcessImportTodos: Processing 'd3d9.dll'...
4488.f0c: supR3HardenedWinVerifyCacheProcessImportTodos: 'd3d9.dll' -> '\Device\HarddiskVolume3\Windows\System32\d3d9.dll' [rcNtRedir=0xc0150008]
4488.f0c: supR3HardenedWinVerifyCacheProcessImportTodos: Processing 'msvcp_win.dll'...
4488.f0c: supR3HardenedWinVerifyCacheProcessImportTodos: 'msvcp_win.dll' -> '\Device\HarddiskVolume3\Windows\System32\msvcp_win.dll' [rcNtRedir=0xc0150008]
4488.f0c: supR3HardenedMonitor_LdrLoadDll: returns rcNt=0x0 hMod=00007ff9c5b00000 'C:\WINDOWS\system32\rsaenh.dll'
4488.f0c: supR3HardenedMonitor_LdrLoadDll: returns rcNt=0x0 hMod=00007ff9c7050000 'C:\WINDOWS\System32\crypt32.dll'
4488.f0c: supR3HardenedWinVerifyCacheScheduleImports: Import todo: #0 'msvcrt.dll'.
4488.f0c: supR3HardenedWinVerifyCacheScheduleImports: Import todo: #6 'user32.dll'.
4488.f0c: supR3HardenedWinVerifyCacheScheduleImports: Import todo: #9 'win32u.dll'.
4488.f0c: supR3HardenedWinVerifyCacheScheduleImports: Import todo: #10 'gdi32.dll'.
4488.f0c: supR3HardenedWinVerifyCacheScheduleImports: Import todo: #12 'dwmapi.dll'.
4488.f0c: supR3HardenedWinVerifyCacheScheduleImports: Import todo: #15 'version.dll'.
4488.f0c: supHardenedWinVerifyImageByHandle: -> 0 (\Device\HarddiskVolume3\Windows\System32\d3d9.dll) WinVerifyTrust
4488.f0c: supR3HardenedWinVerifyCacheInsert: \Device\HarddiskVolume3\Windows\System32\d3d9.dll
4488.f0c: supR3HardenedWinVerifyCacheProcessImportTodos: Processing 'comdlg32.dll'...
4488.f0c: supR3HardenedWinVerifyCacheProcessImportTodos: 'comdlg32.dll' -> '\Device\HarddiskVolume3\Windows\System32\comdlg32.dll' [rcNtRedir=0xc0150008]
4488.f0c: supR3HardNtViCallWinVerifyTrustCatFile: hFile=0000000000000754 pwszName=\Device\HarddiskVolume3\Windows\System32\comdlg32.dll
4488.f0c: supR3HardNtViCallWinVerifyTrustCatFile: Cached context 00000207be1a4f20
4488.f0c: supR3HardNtViCallWinVerifyTrustCatFile: hCatAdmin=00000207be1a4f20
4488.f0c: supR3HardNtViCallWinVerifyTrustCatFile: cbHash=20 wszDigest=9685DCF0BC71F796579391BD0F62215A3F448DC1
4488.f0c: supR3HardenedWinVerifyCacheProcessImportTodos: Processing 'version.dll'...
4488.f0c: supR3HardenedWinVerifyCacheProcessImportTodos: 'version.dll' -> '\Device\HarddiskVolume3\Windows\System32\version.dll' [rcNtRedir=0xc0150008]
4488.f0c: supR3HardenedScreenImage/Imports: cache hit (VINF_SUCCESS) on \Device\HarddiskVolume3\Windows\System32\version.dll
4488.f0c: supR3HardenedWinVerifyCacheProcessImportTodos: Processing 'dwmapi.dll'...
4488.f0c: supR3HardenedWinVerifyCacheProcessImportTodos: 'dwmapi.dll' -> '\Device\HarddiskVolume3\Windows\System32\dwmapi.dll' [rcNtRedir=0xc0150008]
4488.f0c: supR3HardenedScreenImage/Imports: cache hit (VINF_SUCCESS) on \Device\HarddiskVolume3\Windows\System32\dwmapi.dll
4488.f0c: supR3HardenedWinVerifyCacheProcessImportTodos: Processing 'gdi32.dll'...
4488.f0c: supR3HardenedWinVerifyCacheProcessImportTodos: 'gdi32.dll' -> '\Device\HarddiskVolume3\Windows\System32\gdi32.dll' [rcNtRedir=0xc0150008]
4488.f0c: supR3HardenedWinVerifyCacheProcessImportTodos: Processing 'win32u.dll'...
4488.f0c: supR3HardenedWinVerifyCacheProcessImportTodos: 'win32u.dll' -> '\Device\HarddiskVolume3\Windows\System32\win32u.dll' [rcNtRedir=0xc0150008]
4488.f0c: supR3HardenedWinVerifyCacheProcessImportTodos: Processing 'user32.dll'...
4488.f0c: supR3HardenedWinVerifyCacheProcessImportTodos: 'user32.dll' -> '\Device\HarddiskVolume3\Windows\System32\user32.dll' [rcNtRedir=0xc0150008]
4488.f0c: supR3HardenedWinVerifyCacheProcessImportTodos: Processing 'msvcrt.dll'...
4488.f0c: supR3HardenedWinVerifyCacheProcessImportTodos: 'msvcrt.dll' -> '\Device\HarddiskVolume3\Windows\System32\msvcrt.dll' [rcNtRedir=0xc0150008]
4488.f0c: supR3HardenedScreenImage/Imports: cache hit (VINF_SUCCESS) on \Device\HarddiskVolume3\Windows\System32\msvcrt.dll
4488.f0c: supR3HardenedMonitor_LdrLoadDll: returns rcNt=0x0 hMod=00007ff9c5b00000 'C:\WINDOWS\system32\rsaenh.dll'
4488.f0c: supR3HardenedMonitor_LdrLoadDll: returns rcNt=0x0 hMod=00007ff9c7050000 'C:\WINDOWS\System32\crypt32.dll'
4488.f0c: supR3HardNtViCallWinVerifyTrustCatFile: WinVerifyTrust => 0x0; cat='C:\WINDOWS\system32\CatRoot\{F750E6C3-38EE-11D1-85E5-00C04FC295EE}\Microsoft-Windows-Client-Desktop-Required-Package05~31bf3856ad364e35~amd64~~10.0.26100.9445.cat'; file='\Device\HarddiskVolume3\Windows\System32\comdlg32.dll'
4488.f0c: supR3HardNtViCallWinVerifyTrustCatFile -> 0 (org 22900)
4488.f0c: supR3HardenedWinVerifyCacheScheduleImports: Import todo: #0 'msvcp_win.dll'.
4488.f0c: supR3HardenedWinVerifyCacheScheduleImports: Import todo: #27 'rpcrt4.dll'.
4488.f0c: supR3HardenedWinVerifyCacheScheduleImports: Import todo: #43 'user32.dll'.
4488.f0c: supR3HardenedWinVerifyCacheScheduleImports: Import todo: #62 'shlwapi.dll'.
4488.f0c: supR3HardenedWinVerifyCacheScheduleImports: Import todo: #63 'gdi32.dll'.
4488.f0c: supR3HardenedWinVerifyCacheScheduleImports: Import todo: #64 'comctl32.dll'.
4488.f0c: supR3HardenedWinVerifyCacheScheduleImports: Import todo: #65 'shell32.dll'.
4488.f0c: supHardenedWinVerifyImageByHandle: -> 0 (\Device\HarddiskVolume3\Windows\System32\comdlg32.dll) WinVerifyTrust
4488.f0c: supR3HardenedWinVerifyCacheInsert: \Device\HarddiskVolume3\Windows\System32\comdlg32.dll
4488.f0c: supR3HardenedWinVerifyCacheProcessImportTodos: Processing 'wtsapi32.dll'...
4488.f0c: supR3HardenedWinVerifyCacheProcessImportTodos: 'wtsapi32.dll' -> '\Device\HarddiskVolume3\Windows\System32\wtsapi32.dll' [rcNtRedir=0xc0150008]
4488.f0c: supR3HardenedWinVerifyCacheProcessImportTodos: Processing 'shell32.dll'...
4488.f0c: supR3HardenedWinVerifyCacheProcessImportTodos: 'shell32.dll' -> '\Device\HarddiskVolume3\Windows\System32\shell32.dll' [rcNtRedir=0xc0150008]
4488.f0c: supR3HardenedScreenImage/Imports: cache hit (VINF_SUCCESS) on \Device\HarddiskVolume3\Windows\System32\shell32.dll
4488.f0c: supR3HardenedWinVerifyCacheProcessImportTodos: Processing 'comctl32.dll'...
4488.f0c: supR3HardenedWinVerifyCacheProcessImportTodos: 'comctl32.dll' -> '\Device\HarddiskVolume3\Windows\System32\comctl32.dll' [rcNtRedir=0x0]
4488.f0c: Detected WinVerifyTrust recursion: rc=VINF_SUCCESS '\Device\HarddiskVolume3\Windows\System32\comctl32.dll'.
4488.f0c: supR3HardenedWinVerifyCacheScheduleImports: Import todo: #1 'advapi32.dll'.
4488.f0c: supR3HardenedWinVerifyCacheScheduleImports: Import todo: #2 'gdi32.dll'.
4488.f0c: supR3HardenedWinVerifyCacheScheduleImports: Import todo: #4 'user32.dll'.
4488.f0c: supHardenedWinVerifyImageByHandle: -> 0 (\Device\HarddiskVolume3\Windows\System32\comctl32.dll)
4488.f0c: supR3HardenedWinVerifyCacheInsert: \Device\HarddiskVolume3\Windows\System32\comctl32.dll
4488.f0c: supR3HardenedWinVerifyCacheProcessImportTodos: Processing 'gdi32.dll'...
4488.f0c: supR3HardenedWinVerifyCacheProcessImportTodos: 'gdi32.dll' -> '\Device\HarddiskVolume3\Windows\System32\gdi32.dll' [rcNtRedir=0xc0150008]
4488.f0c: supR3HardenedWinVerifyCacheProcessImportTodos: Processing 'shlwapi.dll'...
4488.f0c: supR3HardenedWinVerifyCacheProcessImportTodos: 'shlwapi.dll' -> '\Device\HarddiskVolume3\Windows\System32\shlwapi.dll' [rcNtRedir=0xc0150008]
4488.f0c: supR3HardenedScreenImage/Imports: cache hit (VINF_SUCCESS) on \Device\HarddiskVolume3\Windows\System32\shlwapi.dll
4488.f0c: supR3HardenedWinVerifyCacheProcessImportTodos: Processing 'user32.dll'...
4488.f0c: supR3HardenedWinVerifyCacheProcessImportTodos: 'user32.dll' -> '\Device\HarddiskVolume3\Windows\System32\user32.dll' [rcNtRedir=0xc0150008]
4488.f0c: supR3HardenedWinVerifyCacheProcessImportTodos: Processing 'rpcrt4.dll'...
4488.f0c: supR3HardenedWinVerifyCacheProcessImportTodos: 'rpcrt4.dll' -> '\Device\HarddiskVolume3\Windows\System32\rpcrt4.dll' [rcNtRedir=0xc0150008]
4488.f0c: supR3HardenedWinVerifyCacheProcessImportTodos: Processing 'msvcp_win.dll'...
4488.f0c: supR3HardenedWinVerifyCacheProcessImportTodos: 'msvcp_win.dll' -> '\Device\HarddiskVolume3\Windows\System32\msvcp_win.dll' [rcNtRedir=0xc0150008]
4488.f0c: supR3HardenedWinVerifyCacheProcessImportTodos: Processing 'user32.dll'...
4488.f0c: supR3HardenedWinVerifyCacheProcessImportTodos: 'user32.dll' -> '\Device\HarddiskVolume3\Windows\System32\user32.dll' [rcNtRedir=0xc0150008]
4488.f0c: supR3HardenedWinVerifyCacheProcessImportTodos: Processing 'gdi32.dll'...
4488.f0c: supR3HardenedWinVerifyCacheProcessImportTodos: 'gdi32.dll' -> '\Device\HarddiskVolume3\Windows\System32\gdi32.dll' [rcNtRedir=0xc0150008]
4488.f0c: supR3HardenedWinVerifyCacheProcessImportTodos: Processing 'advapi32.dll'...
4488.f0c: supR3HardenedWinVerifyCacheProcessImportTodos: 'advapi32.dll' -> '\Device\HarddiskVolume3\Windows\System32\advapi32.dll' [rcNtRedir=0xc0150008]
4488.f0c: supR3HardenedScreenImage/Imports: cache hit (VINF_SUCCESS) on \Device\HarddiskVolume3\Windows\System32\advapi32.dll
4488.f0c: supR3HardenedMonitor_LdrLoadDll: returns rcNt=0x0 hMod=00007ff9c5b00000 'C:\WINDOWS\system32\rsaenh.dll'
4488.f0c: supR3HardenedMonitor_LdrLoadDll: returns rcNt=0x0 hMod=00007ff9c7050000 'C:\WINDOWS\System32\crypt32.dll'
4488.f0c: supR3HardenedWinVerifyCacheScheduleImports: Import todo: #0 'msvcrt.dll'.
4488.f0c: supR3HardenedWinVerifyCacheScheduleImports: Import todo: #24 'sspicli.dll'.
4488.f0c: supR3HardenedWinVerifyCacheScheduleImports: Import todo: #29 'crypt32.dll'.
4488.f0c: supHardenedWinVerifyImageByHandle: -> 0 (\Device\HarddiskVolume3\Windows\System32\wtsapi32.dll) WinVerifyTrust
4488.f0c: supR3HardenedWinVerifyCacheInsert: \Device\HarddiskVolume3\Windows\System32\wtsapi32.dll
4488.f0c: supR3HardenedWinVerifyCacheProcessImportTodos: Processing 'winmm.dll'...
4488.f0c: supR3HardenedWinVerifyCacheProcessImportTodos: 'winmm.dll' -> '\Device\HarddiskVolume3\Windows\System32\winmm.dll' [rcNtRedir=0xc0150008]
4488.f0c: supR3HardenedScreenImage/Imports: cache hit (VINF_SUCCESS) on \Device\HarddiskVolume3\Windows\System32\winmm.dll
4488.f0c: supR3HardenedWinVerifyCacheProcessImportTodos: Processing 'user32.dll'...
4488.f0c: supR3HardenedWinVerifyCacheProcessImportTodos: 'user32.dll' -> '\Device\HarddiskVolume3\Windows\System32\user32.dll' [rcNtRedir=0xc0150008]
4488.f0c: supR3HardenedWinVerifyCacheProcessImportTodos: Processing 'shlwapi.dll'...
4488.f0c: supR3HardenedWinVerifyCacheProcessImportTodos: 'shlwapi.dll' -> '\Device\HarddiskVolume3\Windows\System32\shlwapi.dll' [rcNtRedir=0xc0150008]
4488.f0c: supR3HardenedScreenImage/Imports: cache hit (VINF_SUCCESS) on \Device\HarddiskVolume3\Windows\System32\shlwapi.dll
4488.f0c: supR3HardenedWinVerifyCacheProcessImportTodos: Processing 'shell32.dll'...
4488.f0c: supR3HardenedWinVerifyCacheProcessImportTodos: 'shell32.dll' -> '\Device\HarddiskVolume3\Windows\System32\shell32.dll' [rcNtRedir=0xc0150008]
4488.f0c: supR3HardenedScreenImage/Imports: cache hit (VINF_SUCCESS) on \Device\HarddiskVolume3\Windows\System32\shell32.dll
4488.f0c: supR3HardenedWinVerifyCacheProcessImportTodos: Processing 'setupapi.dll'...
4488.f0c: supR3HardenedWinVerifyCacheProcessImportTodos: 'setupapi.dll' -> '\Device\HarddiskVolume3\Windows\System32\setupapi.dll' [rcNtRedir=0xc0150008]
4488.f0c: supR3HardenedWinVerifyCacheProcessImportTodos: Processing 'crypt32.dll'...
4488.f0c: supR3HardenedWinVerifyCacheProcessImportTodos: 'crypt32.dll' -> '\Device\HarddiskVolume3\Windows\System32\crypt32.dll' [rcNtRedir=0xc0150008]
4488.f0c: supR3HardenedWinVerifyCacheProcessImportTodos: Processing 'sspicli.dll'...
4488.f0c: supR3HardenedWinVerifyCacheProcessImportTodos: 'sspicli.dll' -> '\Device\HarddiskVolume3\Windows\System32\sspicli.dll' [rcNtRedir=0xc0150008]
4488.f0c: Detected WinVerifyTrust recursion: rc=VINF_SUCCESS '\Device\HarddiskVolume3\Windows\System32\sspicli.dll'.
4488.f0c: supR3HardenedWinVerifyCacheScheduleImports: Import todo: #3 'rpcrt4.dll'.
4488.f0c: supHardenedWinVerifyImageByHandle: -> 0 (\Device\HarddiskVolume3\Windows\System32\sspicli.dll)
4488.f0c: supR3HardenedWinVerifyCacheInsert: \Device\HarddiskVolume3\Windows\System32\sspicli.dll
4488.f0c: supR3HardenedWinVerifyCacheProcessImportTodos: Processing 'msvcrt.dll'...
4488.f0c: supR3HardenedWinVerifyCacheProcessImportTodos: 'msvcrt.dll' -> '\Device\HarddiskVolume3\Windows\System32\msvcrt.dll' [rcNtRedir=0xc0150008]
4488.f0c: supR3HardenedScreenImage/Imports: cache hit (VINF_SUCCESS) on \Device\HarddiskVolume3\Windows\System32\msvcrt.dll
4488.f0c: supR3HardenedWinVerifyCacheProcessImportTodos: Processing 'rpcrt4.dll'...
4488.f0c: supR3HardenedWinVerifyCacheProcessImportTodos: 'rpcrt4.dll' -> '\Device\HarddiskVolume3\Windows\System32\rpcrt4.dll' [rcNtRedir=0xc0150008]
4488.f0c: supR3HardenedMonitor_LdrLoadDll: returns rcNt=0x0 hMod=00007ff9c5b00000 'C:\WINDOWS\system32\rsaenh.dll'
4488.f0c: supR3HardenedMonitor_LdrLoadDll: returns rcNt=0x0 hMod=00007ff9c7050000 'C:\WINDOWS\System32\crypt32.dll'
4488.f0c: supR3HardenedWinVerifyCacheScheduleImports: Import todo: #0 'msvcrt.dll'.
4488.f0c: supHardenedWinVerifyImageByHandle: -> 0 (\Device\HarddiskVolume3\Windows\System32\setupapi.dll) WinVerifyTrust
4488.f0c: supR3HardenedWinVerifyCacheInsert: \Device\HarddiskVolume3\Windows\System32\setupapi.dll
4488.f0c: supR3HardenedWinVerifyCacheProcessImportTodos: Processing 'oleaut32.dll'...
4488.f0c: supR3HardenedWinVerifyCacheProcessImportTodos: 'oleaut32.dll' -> '\Device\HarddiskVolume3\Windows\System32\oleaut32.dll' [rcNtRedir=0xc0150008]
4488.f0c: supR3HardenedScreenImage/Imports: cache hit (VINF_SUCCESS) on \Device\HarddiskVolume3\Windows\System32\oleaut32.dll
4488.f0c: supR3HardenedWinVerifyCacheProcessImportTodos: Processing 'ole32.dll'...
4488.f0c: supR3HardenedWinVerifyCacheProcessImportTodos: 'ole32.dll' -> '\Device\HarddiskVolume3\Windows\System32\ole32.dll' [rcNtRedir=0xc0150008]
4488.f0c: supR3HardenedScreenImage/Imports: cache hit (VINF_SUCCESS) on \Device\HarddiskVolume3\Windows\System32\ole32.dll
4488.f0c: supR3HardenedWinVerifyCacheProcessImportTodos: Processing 'imm32.dll'...
4488.f0c: supR3HardenedWinVerifyCacheProcessImportTodos: 'imm32.dll' -> '\Device\HarddiskVolume3\Windows\System32\imm32.dll' [rcNtRedir=0xc0150008]
4488.f0c: supR3HardenedScreenImage/Imports: cache hit (VINF_SUCCESS) on \Device\HarddiskVolume3\Windows\System32\imm32.dll
4488.f0c: supR3HardenedWinVerifyCacheProcessImportTodos: Processing 'gdi32.dll'...
4488.f0c: supR3HardenedWinVerifyCacheProcessImportTodos: 'gdi32.dll' -> '\Device\HarddiskVolume3\Windows\System32\gdi32.dll' [rcNtRedir=0xc0150008]
4488.f0c: supR3HardenedWinVerifyCacheProcessImportTodos: Processing 'dwmapi.dll'...
4488.f0c: supR3HardenedWinVerifyCacheProcessImportTodos: 'dwmapi.dll' -> '\Device\HarddiskVolume3\Windows\System32\dwmapi.dll' [rcNtRedir=0xc0150008]
4488.f0c: supR3HardenedScreenImage/Imports: cache hit (VINF_SUCCESS) on \Device\HarddiskVolume3\Windows\System32\dwmapi.dll
4488.f0c: supR3HardenedWinVerifyCacheProcessImportTodos: Processing 'advapi32.dll'...
4488.f0c: supR3HardenedWinVerifyCacheProcessImportTodos: 'advapi32.dll' -> '\Device\HarddiskVolume3\Windows\System32\advapi32.dll' [rcNtRedir=0xc0150008]
4488.f0c: supR3HardenedScreenImage/Imports: cache hit (VINF_SUCCESS) on \Device\HarddiskVolume3\Windows\System32\advapi32.dll
4488.f0c: supR3HardenedWinVerifyCacheProcessImportTodos: Processing 'msvcrt.dll'...
4488.f0c: supR3HardenedWinVerifyCacheProcessImportTodos: 'msvcrt.dll' -> '\Device\HarddiskVolume3\Windows\System32\msvcrt.dll' [rcNtRedir=0xc0150008]
4488.f0c: supR3HardenedMonitor_LdrLoadDll: pName=C:\Program Files\Oracle\VirtualBox\platforms\qwindowsVBox.dll (rcNtResolve=0xc0150008) *pfFlags=0x0 pwszSearchPath=0000000000000001:<flags> [calling]
4488.f0c: supR3HardenedScreenImage/NtCreateSection: cache hit (VINF_SUCCESS) on \Device\HarddiskVolume3\Program Files\Oracle\VirtualBox\platforms\qwindowsVBox.dll
4488.f0c: supR3HardenedScreenImage/NtCreateSection: cache hit (VINF_SUCCESS) on \Device\HarddiskVolume3\Windows\System32\wtsapi32.dll
4488.f0c: supR3HardenedWinVerifyCacheScheduleImports: Import todo: #1 'advapi32.dll'.
4488.f0c: supR3HardenedWinVerifyCacheScheduleImports: Import todo: #2 'gdi32.dll'.
4488.f0c: supR3HardenedWinVerifyCacheScheduleImports: Import todo: #4 'user32.dll'.
4488.f0c: supHardenedWinVerifyImageByHandle: -> 0 (\Device\HarddiskVolume3\Windows\WinSxS\amd64_microsoft.windows.common-controls_6595b64144ccf1df_5.82.26100.8328_none_87eede957a2ccddd\comctl32.dll)
4488.f0c: supR3HardenedWinVerifyCacheInsert: \Device\HarddiskVolume3\Windows\WinSxS\amd64_microsoft.windows.common-controls_6595b64144ccf1df_5.82.26100.8328_none_87eede957a2ccddd\comctl32.dll
4488.f0c: supR3HardenedScreenImage/NtCreateSection: cache hit (VINF_SUCCESS) on \Device\HarddiskVolume3\Windows\System32\d3d9.dll
4488.f0c: supR3HardenedScreenImage/NtCreateSection: cache hit (VINF_SUCCESS) on \Device\HarddiskVolume3\Windows\System32\UIAutomationCore.dll
4488.f0c: supR3HardenedScreenImage/NtCreateSection: cache hit (VINF_SUCCESS) on \Device\HarddiskVolume3\Windows\System32\sspicli.dll [avoiding WinVerifyTrust]
4488.f0c: supR3HardenedWinVerifyCacheScheduleImports: Import todo: #0 'msvcp_win.dll'.
4488.f0c: supR3HardenedWinVerifyCacheScheduleImports: Import todo: #28 'win32u.dll'.
4488.f0c: supHardenedWinVerifyImageByHandle: -> 0 (\Device\HarddiskVolume3\Windows\System32\DXCore.dll)
4488.f0c: supR3HardenedWinVerifyCacheInsert: \Device\HarddiskVolume3\Windows\System32\DXCore.dll
4488.f0c: supR3HardenedDllNotificationCallback: load   00007ff9c7b20000 LB 0x00487000 C:\WINDOWS\System32\SETUPAPI.dll [fFlags=0x0]
4488.f0c: supR3HardenedScreenImage/LdrLoadDll: cache hit (VINF_SUCCESS) on \Device\HarddiskVolume3\Windows\System32\setupapi.dll
4488.f0c: supR3HardenedDllNotificationCallback: load   00007ff9c5e60000 LB 0x00049000 C:\WINDOWS\SYSTEM32\SspiCli.dll [fFlags=0x0]
4488.f0c: supR3HardenedScreenImage/LdrLoadDll: cache hit (VINF_SUCCESS) on \Device\HarddiskVolume3\Windows\System32\sspicli.dll [avoiding WinVerifyTrust]
4488.f0c: supR3HardenedDllNotificationCallback: load   00007ff9c3e50000 LB 0x0002a000 C:\WINDOWS\SYSTEM32\WTSAPI32.dll [fFlags=0x0]
4488.f0c: supR3HardenedScreenImage/LdrLoadDll: cache hit (VINF_SUCCESS) on \Device\HarddiskVolume3\Windows\System32\wtsapi32.dll
4488.f0c: supR3HardenedDllNotificationCallback: load   00007ff9b7bd0000 LB 0x000b5000 C:\WINDOWS\WinSxS\amd64_microsoft.windows.common-controls_6595b64144ccf1df_5.82.26100.8328_none_87eede957a2ccddd\COMCTL32.dll [fFlags=0x0]
4488.f0c: supR3HardenedScreenImage/LdrLoadDll: cache hit (VINF_SUCCESS) on \Device\HarddiskVolume3\Windows\WinSxS\amd64_microsoft.windows.common-controls_6595b64144ccf1df_5.82.26100.8328_none_87eede957a2ccddd\comctl32.dll [avoiding WinVerifyTrust]
4488.f0c: supR3HardenedDllNotificationCallback: load   00007ff9c8cb0000 LB 0x000f5000 C:\WINDOWS\System32\COMDLG32.dll [fFlags=0x0]
4488.f0c: supR3HardenedScreenImage/LdrLoadDll: cache hit (VINF_SUCCESS) on \Device\HarddiskVolume3\Windows\System32\comdlg32.dll
4488.f0c: supR3HardenedDllNotificationCallback: load   00007ff9c40d0000 LB 0x00044000 C:\WINDOWS\SYSTEM32\dxcore.dll [fFlags=0x0]
4488.f0c: supR3HardenedScreenImage/LdrLoadDll: cache hit (VINF_SUCCESS) on \Device\HarddiskVolume3\Windows\System32\DXCore.dll [avoiding WinVerifyTrust]
4488.f0c: supR3HardenedDllNotificationCallback: load   00007ff99f910000 LB 0x001b2000 C:\WINDOWS\SYSTEM32\d3d9.dll [fFlags=0x0]
4488.f0c: supR3HardenedScreenImage/LdrLoadDll: cache hit (VINF_SUCCESS) on \Device\HarddiskVolume3\Windows\System32\d3d9.dll
4488.f0c: supR3HardenedDllNotificationCallback: load   00007ff9aa350000 LB 0x00420000 C:\WINDOWS\SYSTEM32\UIAutomationCore.DLL [fFlags=0x0]
4488.f0c: supR3HardenedScreenImage/LdrLoadDll: cache hit (VINF_SUCCESS) on \Device\HarddiskVolume3\Windows\System32\UIAutomationCore.dll
4488.f0c: supR3HardenedDllNotificationCallback: load   00007ff960290000 LB 0x000db000 C:\Program Files\Oracle\VirtualBox\platforms\qwindowsVBox.dll [fFlags=0x0]
4488.f0c: supR3HardenedScreenImage/LdrLoadDll: cache hit (VINF_SUCCESS) on \Device\HarddiskVolume3\Program Files\Oracle\VirtualBox\platforms\qwindowsVBox.dll
4488.f0c: Detected loader lock ownership: rc=VINF_SUCCESS '\Device\HarddiskVolume3\Windows\System32\DXCore.dll'.
4488.f0c: supR3HardenedWinVerifyCacheProcessWvtTodos: 0 (was 0) fWinVerifyTrust=0 for '\Device\HarddiskVolume3\Windows\System32\DXCore.dll' [rescheduled]
4488.f0c: Detected loader lock ownership: rc=VINF_SUCCESS '\Device\HarddiskVolume3\Windows\WinSxS\amd64_microsoft.windows.common-controls_6595b64144ccf1df_5.82.26100.8328_none_87eede957a2ccddd\comctl32.dll'.
4488.f0c: supR3HardenedWinVerifyCacheProcessWvtTodos: 0 (was 0) fWinVerifyTrust=0 for '\Device\HarddiskVolume3\Windows\WinSxS\amd64_microsoft.windows.common-controls_6595b64144ccf1df_5.82.26100.8328_none_87eede957a2ccddd\comctl32.dll' [rescheduled]
4488.f0c: Detected loader lock ownership: rc=VINF_SUCCESS '\Device\HarddiskVolume3\Windows\System32\sspicli.dll'.
4488.f0c: supR3HardenedWinVerifyCacheProcessWvtTodos: 0 (was 0) fWinVerifyTrust=0 for '\Device\HarddiskVolume3\Windows\System32\sspicli.dll' [rescheduled]
4488.f0c: Detected loader lock ownership: rc=VINF_SUCCESS '\Device\HarddiskVolume3\Windows\System32\comctl32.dll'.
4488.f0c: supR3HardenedWinVerifyCacheProcessWvtTodos: 0 (was 0) fWinVerifyTrust=0 for '\Device\HarddiskVolume3\Windows\System32\comctl32.dll' [rescheduled]
4488.f0c: supR3HardenedScreenImage/LdrLoadDll: cache hit (VINF_SUCCESS) on \Device\HarddiskVolume3\Windows\System32\imm32.dll
4488.f0c: supR3HardenedWinVerifyCacheProcessImportTodos: Processing 'win32u.dll'...
4488.f0c: supR3HardenedWinVerifyCacheProcessImportTodos: 'win32u.dll' -> '\Device\HarddiskVolume3\Windows\System32\win32u.dll' [rcNtRedir=0xc0150008]
4488.f0c: supR3HardenedWinVerifyCacheProcessImportTodos: Processing 'msvcp_win.dll'...
4488.f0c: supR3HardenedWinVerifyCacheProcessImportTodos: 'msvcp_win.dll' -> '\Device\HarddiskVolume3\Windows\System32\msvcp_win.dll' [rcNtRedir=0xc0150008]
4488.f0c: supR3HardenedWinVerifyCacheProcessImportTodos: Processing 'user32.dll'...
4488.f0c: supR3HardenedWinVerifyCacheProcessImportTodos: 'user32.dll' -> '\Device\HarddiskVolume3\Windows\System32\user32.dll' [rcNtRedir=0xc0150008]
4488.f0c: supR3HardenedWinVerifyCacheProcessImportTodos: Processing 'gdi32.dll'...
4488.f0c: supR3HardenedWinVerifyCacheProcessImportTodos: 'gdi32.dll' -> '\Device\HarddiskVolume3\Windows\System32\gdi32.dll' [rcNtRedir=0xc0150008]
4488.f0c: supR3HardenedScreenImage/Imports: cache hit (VINF_SUCCESS) on \Device\HarddiskVolume3\Windows\System32\gdi32.dll
4488.f0c: supR3HardenedWinVerifyCacheProcessImportTodos: Processing 'advapi32.dll'...
4488.f0c: supR3HardenedWinVerifyCacheProcessImportTodos: 'advapi32.dll' -> '\Device\HarddiskVolume3\Windows\System32\advapi32.dll' [rcNtRedir=0xc0150008]
4488.f0c: supR3HardenedScreenImage/Imports: cache hit (VINF_SUCCESS) on \Device\HarddiskVolume3\Windows\System32\advapi32.dll
4488.f0c: supR3HardenedMonitor_LdrLoadDll: pName=C:\WINDOWS\System32\imm32.dll (Input=imm32.dll, rcNtResolve=0xc0150008) *pfFlags=0x0 pwszSearchPath=0000000000000001:<flags> [calling]
4488.f0c: supR3HardenedMonitor_LdrLoadDll: returns rcNt=0x0 hMod=00007ff9c90d0000 'C:\WINDOWS\System32\imm32.dll'
4488.f0c: Detected loader lock ownership: rc=VINF_SUCCESS '\Device\HarddiskVolume3\Windows\System32\DXCore.dll'.
4488.f0c: supR3HardenedWinVerifyCacheProcessWvtTodos: 0 (was 0) fWinVerifyTrust=0 for '\Device\HarddiskVolume3\Windows\System32\DXCore.dll' [rescheduled]
4488.f0c: Detected loader lock ownership: rc=VINF_SUCCESS '\Device\HarddiskVolume3\Windows\WinSxS\amd64_microsoft.windows.common-controls_6595b64144ccf1df_5.82.26100.8328_none_87eede957a2ccddd\comctl32.dll'.
4488.f0c: supR3HardenedWinVerifyCacheProcessWvtTodos: 0 (was 0) fWinVerifyTrust=0 for '\Device\HarddiskVolume3\Windows\WinSxS\amd64_microsoft.windows.common-controls_6595b64144ccf1df_5.82.26100.8328_none_87eede957a2ccddd\comctl32.dll' [rescheduled]
4488.f0c: Detected loader lock ownership: rc=VINF_SUCCESS '\Device\HarddiskVolume3\Windows\System32\sspicli.dll'.
4488.f0c: supR3HardenedWinVerifyCacheProcessWvtTodos: 0 (was 0) fWinVerifyTrust=0 for '\Device\HarddiskVolume3\Windows\System32\sspicli.dll' [rescheduled]
4488.f0c: Detected loader lock ownership: rc=VINF_SUCCESS '\Device\HarddiskVolume3\Windows\System32\comctl32.dll'.
4488.f0c: supR3HardenedWinVerifyCacheProcessWvtTodos: 0 (was 0) fWinVerifyTrust=0 for '\Device\HarddiskVolume3\Windows\System32\comctl32.dll' [rescheduled]
4488.f0c: supR3HardenedMonitor_LdrLoadDll: returns rcNt=0x0 hMod=00007ff960290000 'C:\Program Files\Oracle\VirtualBox\platforms\qwindowsVBox.dll'
4488.f0c: supR3HardenedMonitor_LdrLoadDll: returns rcNt=0x0 hMod=00007ff9c5b00000 'C:\WINDOWS\system32\rsaenh.dll'
4488.f0c: supR3HardenedMonitor_LdrLoadDll: returns rcNt=0x0 hMod=00007ff9c7050000 'C:\WINDOWS\System32\crypt32.dll'
4488.f0c: supR3HardenedWinVerifyCacheProcessWvtTodos: 0 (was 0) fWinVerifyTrust=1 for '\Device\HarddiskVolume3\Windows\System32\DXCore.dll'
4488.f0c: supR3HardenedMonitor_LdrLoadDll: returns rcNt=0x0 hMod=00007ff9c5b00000 'C:\WINDOWS\system32\rsaenh.dll'
4488.f0c: supR3HardenedMonitor_LdrLoadDll: returns rcNt=0x0 hMod=00007ff9c7050000 'C:\WINDOWS\System32\crypt32.dll'
4488.f0c: supR3HardenedWinVerifyCacheProcessWvtTodos: 0 (was 0) fWinVerifyTrust=1 for '\Device\HarddiskVolume3\Windows\WinSxS\amd64_microsoft.windows.common-controls_6595b64144ccf1df_5.82.26100.8328_none_87eede957a2ccddd\comctl32.dll'
4488.f0c: supR3HardenedMonitor_LdrLoadDll: returns rcNt=0x0 hMod=00007ff9c5b00000 'C:\WINDOWS\system32\rsaenh.dll'
4488.f0c: supR3HardenedMonitor_LdrLoadDll: returns rcNt=0x0 hMod=00007ff9c7050000 'C:\WINDOWS\System32\crypt32.dll'
4488.f0c: supR3HardenedWinVerifyCacheProcessWvtTodos: 0 (was 0) fWinVerifyTrust=1 for '\Device\HarddiskVolume3\Windows\System32\sspicli.dll'
4488.f0c: supR3HardenedMonitor_LdrLoadDll: returns rcNt=0x0 hMod=00007ff9c5b00000 'C:\WINDOWS\system32\rsaenh.dll'
4488.f0c: supR3HardenedMonitor_LdrLoadDll: returns rcNt=0x0 hMod=00007ff9c7050000 'C:\WINDOWS\System32\crypt32.dll'
4488.f0c: supR3HardenedWinVerifyCacheProcessWvtTodos: 0 (was 0) fWinVerifyTrust=1 for '\Device\HarddiskVolume3\Windows\System32\comctl32.dll'
4488.f0c: supR3HardenedWinVerifyCacheScheduleImports: Import todo: #4 'rpcrt4.dll'.
4488.f0c: supR3HardenedWinVerifyCacheScheduleImports: Import todo: #39 'bcryptprimitives.dll'.
4488.f0c: supR3HardenedWinVerifyCacheScheduleImports: Import todo: #53 'combase.dll'.
4488.f0c: supR3HardenedWinVerifyCacheScheduleImports: Import todo: #54 'msvcp_win.dll'.
4488.f0c: supHardenedWinVerifyImageByHandle: -> 22900 (\Device\HarddiskVolume3\Windows\System32\rpcss.dll)
4488.f0c: supR3HardenedWinVerifyCacheInsert: \Device\HarddiskVolume3\Windows\System32\rpcss.dll
4488.f0c: supR3HardNtViCallWinVerifyTrustCatFile: hFile=0000000000000798 pwszName=\Device\HarddiskVolume3\Windows\System32\rpcss.dll
4488.f0c: supR3HardNtViCallWinVerifyTrustCatFile: Cached context 00000207be1a4f20
4488.f0c: supR3HardNtViCallWinVerifyTrustCatFile: hCatAdmin=00000207be1a4f20
4488.f0c: supR3HardNtViCallWinVerifyTrustCatFile: cbHash=20 wszDigest=C927528D5AD2A123660FC6580294AA2289B9CE91
4488.f0c: supR3HardenedWinVerifyCacheProcessImportTodos: Processing 'msvcp_win.dll'...
4488.f0c: supR3HardenedWinVerifyCacheProcessImportTodos: 'msvcp_win.dll' -> '\Device\HarddiskVolume3\Windows\System32\msvcp_win.dll' [rcNtRedir=0xc0150008]
4488.f0c: supR3HardenedWinVerifyCacheProcessImportTodos: Processing 'combase.dll'...
4488.f0c: supR3HardenedWinVerifyCacheProcessImportTodos: 'combase.dll' -> '\Device\HarddiskVolume3\Windows\System32\combase.dll' [rcNtRedir=0xc0150008]
4488.f0c: supR3HardenedScreenImage/Imports: cache hit (VINF_SUCCESS) on \Device\HarddiskVolume3\Windows\System32\combase.dll
4488.f0c: supR3HardenedWinVerifyCacheProcessImportTodos: Processing 'bcryptprimitives.dll'...
4488.f0c: supR3HardenedWinVerifyCacheProcessImportTodos: 'bcryptprimitives.dll' -> '\Device\HarddiskVolume3\Windows\System32\bcryptprimitives.dll' [rcNtRedir=0xc0150008]
4488.f0c: supR3HardenedScreenImage/Imports: cache hit (VINF_SUCCESS) on \Device\HarddiskVolume3\Windows\System32\bcryptprimitives.dll
4488.f0c: supR3HardenedWinVerifyCacheProcessImportTodos: Processing 'rpcrt4.dll'...
4488.f0c: supR3HardenedWinVerifyCacheProcessImportTodos: 'rpcrt4.dll' -> '\Device\HarddiskVolume3\Windows\System32\rpcrt4.dll' [rcNtRedir=0xc0150008]
4488.f0c: supR3HardenedScreenImage/Imports: cache hit (VINF_SUCCESS) on \Device\HarddiskVolume3\Windows\System32\rpcrt4.dll
4488.f0c: supR3HardenedMonitor_LdrLoadDll: returns rcNt=0x0 hMod=00007ff9c5b00000 'C:\WINDOWS\system32\rsaenh.dll'
4488.f0c: supR3HardenedMonitor_LdrLoadDll: returns rcNt=0x0 hMod=00007ff9c7050000 'C:\WINDOWS\System32\crypt32.dll'
4488.f0c: supR3HardNtViCallWinVerifyTrustCatFile: WinVerifyTrust => 0x0; cat='C:\WINDOWS\system32\CatRoot\{F750E6C3-38EE-11D1-85E5-00C04FC295EE}\Microsoft-OneCore-CoreSystem-Core-merged-Package~31bf3856ad364e35~amd64~~10.0.26100.9457.cat'; file='\Device\HarddiskVolume3\Windows\System32\rpcss.dll'
4488.f0c: supR3HardNtViCallWinVerifyTrustCatFile -> 0 (org 22900)
4488.f0c: supR3HardenedWinVerifyCacheProcessWvtTodos: 0 (was 22900) fWinVerifyTrust=1 for '\Device\HarddiskVolume3\Windows\System32\rpcss.dll'
4488.f0c: supR3HardenedScreenImage/LdrLoadDll: cache hit (VINF_SUCCESS) on \Device\HarddiskVolume3\Windows\System32\uxtheme.dll
4488.f0c: supR3HardenedMonitor_LdrLoadDll: pName=C:\WINDOWS\system32\uxtheme.dll (rcNtResolve=0xc0150008) *pfFlags=0x0 pwszSearchPath=0000000000000009:<flags> [calling]
4488.f0c: supR3HardenedMonitor_LdrLoadDll: returns rcNt=0x0 hMod=00007ff9c3fd0000 'C:\WINDOWS\system32\uxtheme.dll'
4488.f0c: supR3HardenedDllNotificationCallback: load   00007ff9c8db0000 LB 0x0015b000 C:\WINDOWS\System32\MSCTF.dll [fFlags=0x0]
4488.f0c: supR3HardenedWinVerifyCacheScheduleImports: Import todo: #0 'msvcrt.dll'.
4488.f0c: supR3HardenedWinVerifyCacheScheduleImports: Import todo: #37 'user32.dll'.
4488.f0c: supHardenedWinVerifyImageByHandle: -> 0 (\Device\HarddiskVolume3\Windows\System32\msctf.dll)
4488.f0c: supR3HardenedWinVerifyCacheInsert: \Device\HarddiskVolume3\Windows\System32\msctf.dll
4488.f0c: supR3HardenedWinVerifyCacheProcessImportTodos: Processing 'user32.dll'...
4488.f0c: supR3HardenedWinVerifyCacheProcessImportTodos: 'user32.dll' -> '\Device\HarddiskVolume3\Windows\System32\user32.dll' [rcNtRedir=0xc0150008]
4488.f0c: supR3HardenedScreenImage/Imports: cache hit (VINF_SUCCESS) on \Device\HarddiskVolume3\Windows\System32\user32.dll
4488.f0c: supR3HardenedWinVerifyCacheProcessImportTodos: Processing 'msvcrt.dll'...
4488.f0c: supR3HardenedWinVerifyCacheProcessImportTodos: 'msvcrt.dll' -> '\Device\HarddiskVolume3\Windows\System32\msvcrt.dll' [rcNtRedir=0xc0150008]
4488.f0c: supR3HardenedMonitor_LdrLoadDll: returns rcNt=0x0 hMod=00007ff9c5b00000 'C:\WINDOWS\system32\rsaenh.dll'
4488.f0c: supR3HardenedMonitor_LdrLoadDll: returns rcNt=0x0 hMod=00007ff9c7050000 'C:\WINDOWS\System32\crypt32.dll'
4488.f0c: supR3HardenedWinVerifyCacheProcessWvtTodos: 0 (was 0) fWinVerifyTrust=1 for '\Device\HarddiskVolume3\Windows\System32\msctf.dll'
4488.f0c: supR3HardenedMonitor_LdrLoadDll: returns rcNt=0x0 hMod=00007ff9c9610000 'C:\WINDOWS\System32\USER32.dll'
4488.f0c: supR3HardenedMonitor_LdrLoadDll: returns rcNt=0x0 hMod=00007ff9c5b00000 'C:\WINDOWS\system32\rsaenh.dll'
4488.f0c: supR3HardenedMonitor_LdrLoadDll: returns rcNt=0x0 hMod=00007ff9c7050000 'C:\WINDOWS\System32\crypt32.dll'
4488.f0c: supR3HardenedWinVerifyCacheScheduleImports: Import todo: #19 'cfgmgr32.dll'.
4488.f0c: supHardenedWinVerifyImageByHandle: -> 0 (\Device\HarddiskVolume3\Windows\System32\devobj.dll) WinVerifyTrust
4488.f0c: supR3HardenedWinVerifyCacheInsert: \Device\HarddiskVolume3\Windows\System32\devobj.dll
4488.f0c: supR3HardenedWinVerifyCacheProcessImportTodos: Processing 'cfgmgr32.dll'...
4488.f0c: supR3HardenedWinVerifyCacheProcessImportTodos: 'cfgmgr32.dll' -> '\Device\HarddiskVolume3\Windows\System32\cfgmgr32.dll' [rcNtRedir=0xc0150008]
4488.f0c: supR3HardenedMonitor_LdrLoadDll: returns rcNt=0x0 hMod=00007ff9c5b00000 'C:\WINDOWS\system32\rsaenh.dll'
4488.f0c: supR3HardenedMonitor_LdrLoadDll: returns rcNt=0x0 hMod=00007ff9c7050000 'C:\WINDOWS\System32\crypt32.dll'
4488.f0c: supHardenedWinVerifyImageByHandle: -> 0 (\Device\HarddiskVolume3\Windows\System32\cfgmgr32.dll) WinVerifyTrust
4488.f0c: supR3HardenedWinVerifyCacheInsert: \Device\HarddiskVolume3\Windows\System32\cfgmgr32.dll
4488.f0c: supR3HardenedMonitor_LdrLoadDll: pName=C:\WINDOWS\System32\DEVOBJ.dll (Input=DEVOBJ.dll, rcNtResolve=0xc0150008) *pfFlags=0x0 pwszSearchPath=0000000000000001:<flags> [calling]
4488.f0c: supR3HardenedScreenImage/NtCreateSection: cache hit (VINF_SUCCESS) on \Device\HarddiskVolume3\Windows\System32\devobj.dll
4488.f0c: supR3HardenedScreenImage/NtCreateSection: cache hit (VINF_SUCCESS) on \Device\HarddiskVolume3\Windows\System32\cfgmgr32.dll
4488.f0c: supR3HardenedDllNotificationCallback: load   00007ff9c6a30000 LB 0x00052000 C:\WINDOWS\SYSTEM32\cfgmgr32.dll [fFlags=0x0]
4488.f0c: supR3HardenedScreenImage/LdrLoadDll: cache hit (VINF_SUCCESS) on \Device\HarddiskVolume3\Windows\System32\cfgmgr32.dll
4488.f0c: supR3HardenedDllNotificationCallback: load   00007ff9c69f0000 LB 0x0002f000 C:\WINDOWS\System32\DEVOBJ.dll [fFlags=0x0]
4488.f0c: supR3HardenedScreenImage/LdrLoadDll: cache hit (VINF_SUCCESS) on \Device\HarddiskVolume3\Windows\System32\devobj.dll
4488.f0c: supR3HardenedMonitor_LdrLoadDll: returns rcNt=0x0 hMod=00007ff9c69f0000 'C:\WINDOWS\System32\DEVOBJ.dll'
4488.f0c: supR3HardenedIsApiSetDll: ApiSetQueryApiSetPresence(api-ms-win-core-registry-l1-1-0.dll) -> 0x0, fPresent=1
4488.f0c: supR3HardenedMonitor_LdrLoadDll: pName=api-ms-win-core-registry-l1-1-0.dll (rcNtResolve=0x0) *pfFlags=0x0 pwszSearchPath=0000000000000001:<flags> [calling]
4488.f0c: supR3HardenedMonitor_LdrLoadDll: returns rcNt=0x0 hMod=00007ff9c72a0000 'api-ms-win-core-registry-l1-1-0.dll'
4488.f0c: supR3HardenedScreenImage/LdrLoadDll: cache hit (VINF_SUCCESS) on \Device\HarddiskVolume3\Windows\System32\wintrust.dll
4488.f0c: supR3HardenedMonitor_LdrLoadDll: pName=C:\WINDOWS\System32\WINTRUST.dll (Input=WINTRUST.dll, rcNtResolve=0xc0150008) *pfFlags=0x0 pwszSearchPath=0000000000000001:<flags> [calling]
4488.f0c: supR3HardenedMonitor_LdrLoadDll: returns rcNt=0x0 hMod=00007ff9c6f00000 'C:\WINDOWS\System32\WINTRUST.dll'
4488.f0c: supR3HardenedMonitor_LdrLoadDll: returns rcNt=0x0 hMod=00007ff9c5b00000 'C:\WINDOWS\system32\rsaenh.dll'
4488.f0c: supR3HardenedMonitor_LdrLoadDll: returns rcNt=0x0 hMod=00007ff9c7050000 'C:\WINDOWS\System32\crypt32.dll'
4488.f0c: supR3HardenedWinVerifyCacheScheduleImports: Import todo: #0 'gdi32.dll'.
4488.f0c: supR3HardenedWinVerifyCacheScheduleImports: Import todo: #1 'user32.dll'.
4488.f0c: supR3HardenedWinVerifyCacheScheduleImports: Import todo: #2 'uxtheme.dll'.
4488.f0c: supR3HardenedWinVerifyCacheScheduleImports: Import todo: #3 'qt6widgetsvbox.dll'.
4488.f0c: supR3HardenedWinVerifyCacheScheduleImports: Import todo: #4 'qt6guivbox.dll'.
4488.f0c: supR3HardenedWinVerifyCacheScheduleImports: Import todo: #5 'qt6corevbox.dll'.
4488.f0c: supR3HardenedWinVerifyCacheScheduleImports: Import todo: #7 'msvcp140.dll'.
4488.f0c: supR3HardenedWinVerifyCacheScheduleImports: Import todo: #8 'vcruntime140.dll'.
4488.f0c: supHardenedWinVerifyImageByHandle: -> 0 (\Device\HarddiskVolume3\Program Files\Oracle\VirtualBox\styles\qmodernwindowsstyleVBox.dll) WinVerifyTrust
4488.f0c: supR3HardenedWinVerifyCacheInsert: \Device\HarddiskVolume3\Program Files\Oracle\VirtualBox\styles\qmodernwindowsstyleVBox.dll
4488.f0c: supR3HardenedWinVerifyCacheProcessImportTodos: Processing 'vcruntime140.dll'...
4488.f0c: supR3HardenedWinVerifyCacheProcessImportTodos: 'vcruntime140.dll' -> '\Device\HarddiskVolume3\Windows\System32\vcruntime140.dll' [rcNtRedir=0xc0150008]
4488.f0c: supR3HardenedWinVerifyCacheProcessImportTodos: Processing 'msvcp140.dll'...
4488.f0c: supR3HardenedWinVerifyCacheProcessImportTodos: 'msvcp140.dll' -> '\Device\HarddiskVolume3\Windows\System32\msvcp140.dll' [rcNtRedir=0xc0150008]
4488.f0c: supR3HardenedWinVerifyCacheProcessImportTodos: Processing 'qt6corevbox.dll'...
4488.f0c: supR3HardenedWinVerifyCacheProcessImportTodos: 'qt6corevbox.dll' -> '\Device\HarddiskVolume3\Program Files\Oracle\VirtualBox\qt6corevbox.dll' [rcNtRedir=0xc0150008]
4488.f0c: supR3HardenedWinVerifyCacheProcessImportTodos: Processing 'qt6guivbox.dll'...
4488.f0c: supR3HardenedWinVerifyCacheProcessImportTodos: 'qt6guivbox.dll' -> '\Device\HarddiskVolume3\Program Files\Oracle\VirtualBox\qt6guivbox.dll' [rcNtRedir=0xc0150008]
4488.f0c: supR3HardenedScreenImage/Imports: cache hit (VINF_SUCCESS) on \Device\HarddiskVolume3\Program Files\Oracle\VirtualBox\Qt6GuiVBox.dll
4488.f0c: supR3HardenedWinVerifyCacheProcessImportTodos: Processing 'qt6widgetsvbox.dll'...
4488.f0c: supR3HardenedWinVerifyCacheProcessImportTodos: 'qt6widgetsvbox.dll' -> '\Device\HarddiskVolume3\Program Files\Oracle\VirtualBox\qt6widgetsvbox.dll' [rcNtRedir=0xc0150008]
4488.f0c: supR3HardenedScreenImage/Imports: cache hit (VINF_SUCCESS) on \Device\HarddiskVolume3\Program Files\Oracle\VirtualBox\Qt6WidgetsVBox.dll
4488.f0c: supR3HardenedWinVerifyCacheProcessImportTodos: Processing 'uxtheme.dll'...
4488.f0c: supR3HardenedWinVerifyCacheProcessImportTodos: 'uxtheme.dll' -> '\Device\HarddiskVolume3\Windows\System32\uxtheme.dll' [rcNtRedir=0xc0150008]
4488.f0c: supR3HardenedScreenImage/Imports: cache hit (VINF_SUCCESS) on \Device\HarddiskVolume3\Windows\System32\uxtheme.dll
4488.f0c: supR3HardenedWinVerifyCacheProcessImportTodos: Processing 'user32.dll'...
4488.f0c: supR3HardenedWinVerifyCacheProcessImportTodos: 'user32.dll' -> '\Device\HarddiskVolume3\Windows\System32\user32.dll' [rcNtRedir=0xc0150008]
4488.f0c: supR3HardenedWinVerifyCacheProcessImportTodos: Processing 'gdi32.dll'...
4488.f0c: supR3HardenedWinVerifyCacheProcessImportTodos: 'gdi32.dll' -> '\Device\HarddiskVolume3\Windows\System32\gdi32.dll' [rcNtRedir=0xc0150008]
4488.f0c: supR3HardenedMonitor_LdrLoadDll: pName=C:\Program Files\Oracle\VirtualBox\styles\qmodernwindowsstyleVBox.dll (rcNtResolve=0xc0150008) *pfFlags=0x0 pwszSearchPath=0000000000000001:<flags> [calling]
4488.f0c: supR3HardenedScreenImage/NtCreateSection: cache hit (VINF_SUCCESS) on \Device\HarddiskVolume3\Program Files\Oracle\VirtualBox\styles\qmodernwindowsstyleVBox.dll
4488.f0c: supR3HardenedDllNotificationCallback: load   00007ff997f20000 LB 0x00036000 C:\Program Files\Oracle\VirtualBox\styles\qmodernwindowsstyleVBox.dll [fFlags=0x0]
4488.f0c: supR3HardenedScreenImage/LdrLoadDll: cache hit (VINF_SUCCESS) on \Device\HarddiskVolume3\Program Files\Oracle\VirtualBox\styles\qmodernwindowsstyleVBox.dll
4488.f0c: supR3HardenedMonitor_LdrLoadDll: returns rcNt=0x0 hMod=00007ff997f20000 'C:\Program Files\Oracle\VirtualBox\styles\qmodernwindowsstyleVBox.dll'
4488.f0c: '\Device\HarddiskVolume3\Windows\System32\imageres.dll' has no imports
4488.f0c: supHardenedWinVerifyImageByHandle: -> 22900 (\Device\HarddiskVolume3\Windows\System32\imageres.dll)
4488.f0c: supR3HardenedWinVerifyCacheInsert: \Device\HarddiskVolume3\Windows\System32\imageres.dll
4488.f0c: supR3HardenedScreenImage/NtCreateSection: cache hit (22900) on \Device\HarddiskVolume3\Windows\System32\imageres.dll [avoiding WinVerifyTrust]
4488.f0c: supR3HardenedScreenImage/NtCreateSection: cache hit (22900) on \Device\HarddiskVolume3\Windows\System32\imageres.dll [avoiding WinVerifyTrust]
4488.f0c: supR3HardenedScreenImage/NtCreateSection: cache hit (22900) on \Device\HarddiskVolume3\Windows\System32\imageres.dll [avoiding WinVerifyTrust]
4488.f0c: supR3HardNtViCallWinVerifyTrustCatFile: hFile=00000000000007f8 pwszName=\Device\HarddiskVolume3\Windows\System32\imageres.dll
4488.f0c: supR3HardNtViCallWinVerifyTrustCatFile: Cached context 00000207be1a4f20
4488.f0c: supR3HardNtViCallWinVerifyTrustCatFile: hCatAdmin=00000207be1a4f20
4488.f0c: supR3HardNtViCallWinVerifyTrustCatFile: cbHash=20 wszDigest=0EE2082FDAB9E64FDEB5A51961DE49D30EFA3625
4488.f0c: supR3HardenedMonitor_LdrLoadDll: returns rcNt=0x0 hMod=00007ff9c5b00000 'C:\WINDOWS\system32\rsaenh.dll'
4488.f0c: supR3HardenedMonitor_LdrLoadDll: returns rcNt=0x0 hMod=00007ff9c7050000 'C:\WINDOWS\System32\crypt32.dll'
4488.f0c: supR3HardNtViCallWinVerifyTrustCatFile: WinVerifyTrust => 0x0; cat='C:\WINDOWS\system32\CatRoot\{F750E6C3-38EE-11D1-85E5-00C04FC295EE}\Microsoft-Windows-Client-Desktop-Required-Package03~31bf3856ad364e35~amd64~~10.0.26100.9168.cat'; file='\Device\HarddiskVolume3\Windows\System32\imageres.dll'
4488.f0c: supR3HardNtViCallWinVerifyTrustCatFile -> 0 (org 22900)
4488.f0c: supR3HardenedWinVerifyCacheProcessWvtTodos: 0 (was 22900) fWinVerifyTrust=1 for '\Device\HarddiskVolume3\Windows\System32\imageres.dll'
4488.f0c: supR3HardNtViCallWinVerifyTrustCatFile: hFile=0000000000000834 pwszName=\Device\HarddiskVolume3\Windows\System32\IconCodecService.dll
4488.f0c: supR3HardNtViCallWinVerifyTrustCatFile: Cached context 00000207be1a4f20
4488.f0c: supR3HardNtViCallWinVerifyTrustCatFile: hCatAdmin=00000207be1a4f20
4488.f0c: supR3HardNtViCallWinVerifyTrustCatFile: cbHash=20 wszDigest=6A94C939C9629E54D59EAB8EB41ACFCDF775AA8B
4488.f0c: supR3HardenedMonitor_LdrLoadDll: returns rcNt=0x0 hMod=00007ff9c5b00000 'C:\WINDOWS\system32\rsaenh.dll'
4488.f0c: supR3HardenedMonitor_LdrLoadDll: returns rcNt=0x0 hMod=00007ff9c7050000 'C:\WINDOWS\System32\crypt32.dll'
4488.f0c: supR3HardNtViCallWinVerifyTrustCatFile: WinVerifyTrust => 0x0; cat='C:\WINDOWS\system32\CatRoot\{F750E6C3-38EE-11D1-85E5-00C04FC295EE}\Microsoft-Windows-Client-Desktop-Required-Package0518~31bf3856ad364e35~amd64~~10.0.26100.9444.cat'; file='\Device\HarddiskVolume3\Windows\System32\IconCodecService.dll'
4488.f0c: supR3HardNtViCallWinVerifyTrustCatFile -> 0 (org 22900)
4488.f0c: supR3HardenedWinVerifyCacheScheduleImports: Import todo: #0 'msvcrt.dll'.
4488.f0c: supR3HardenedWinVerifyCacheScheduleImports: Import todo: #2 'user32.dll'.
4488.f0c: supHardenedWinVerifyImageByHandle: -> 0 (\Device\HarddiskVolume3\Windows\System32\IconCodecService.dll) WinVerifyTrust
4488.f0c: supR3HardenedWinVerifyCacheInsert: \Device\HarddiskVolume3\Windows\System32\IconCodecService.dll
4488.f0c: supR3HardenedWinVerifyCacheProcessImportTodos: Processing 'user32.dll'...
4488.f0c: supR3HardenedWinVerifyCacheProcessImportTodos: 'user32.dll' -> '\Device\HarddiskVolume3\Windows\System32\user32.dll' [rcNtRedir=0xc0150008]
4488.f0c: supR3HardenedWinVerifyCacheProcessImportTodos: Processing 'msvcrt.dll'...
4488.f0c: supR3HardenedWinVerifyCacheProcessImportTodos: 'msvcrt.dll' -> '\Device\HarddiskVolume3\Windows\System32\msvcrt.dll' [rcNtRedir=0xc0150008]
4488.f0c: supR3HardenedMonitor_LdrLoadDll: pName=C:\WINDOWS\system32\IconCodecService.dll (rcNtResolve=0xc0150008) *pfFlags=0x0 pwszSearchPath=0000000000000001:<flags> [calling]
4488.f0c: supR3HardenedScreenImage/NtCreateSection: cache hit (VINF_SUCCESS) on \Device\HarddiskVolume3\Windows\System32\IconCodecService.dll
4488.f0c: supR3HardenedDllNotificationCallback: load   00007ff9b9390000 LB 0x0000b000 C:\WINDOWS\system32\IconCodecService.dll [fFlags=0x0]
4488.f0c: supR3HardenedScreenImage/LdrLoadDll: cache hit (VINF_SUCCESS) on \Device\HarddiskVolume3\Windows\System32\IconCodecService.dll
4488.f0c: supR3HardenedMonitor_LdrLoadDll: returns rcNt=0x0 hMod=00007ff9b9390000 'C:\WINDOWS\system32\IconCodecService.dll'
4488.f0c: supHardenedWinVerifyImageByHandle: -> 0 (\Device\HarddiskVolume3\Windows\System32\WindowsCodecs.dll)
4488.f0c: supR3HardenedWinVerifyCacheInsert: \Device\HarddiskVolume3\Windows\System32\WindowsCodecs.dll
4488.f0c: supR3HardenedDllNotificationCallback: load   00007ff9c2110000 LB 0x00238000 C:\WINDOWS\SYSTEM32\WindowsCodecs.dll [fFlags=0x0]
4488.f0c: supR3HardenedScreenImage/LdrLoadDll: cache hit (VINF_SUCCESS) on \Device\HarddiskVolume3\Windows\System32\WindowsCodecs.dll [avoiding WinVerifyTrust]
4488.f0c: supR3HardenedScreenImage/NtCreateSection: cache hit (VINF_SUCCESS) on \Device\HarddiskVolume3\Windows\System32\imageres.dll
4488.f0c: supR3HardenedScreenImage/NtCreateSection: cache hit (VINF_SUCCESS) on \Device\HarddiskVolume3\Windows\System32\imageres.dll
4488.f0c: supR3HardenedScreenImage/NtCreateSection: cache hit (VINF_SUCCESS) on \Device\HarddiskVolume3\Windows\System32\imageres.dll
4488.f0c: supR3HardenedScreenImage/NtCreateSection: cache hit (VINF_SUCCESS) on \Device\HarddiskVolume3\Windows\System32\imageres.dll
4488.f0c: supR3HardenedDllNotificationCallback: load   00007ff9c8350000 LB 0x000ae000 C:\WINDOWS\System32\clbcatq.dll [fFlags=0x0]
4488.f0c: supR3HardenedWinVerifyCacheScheduleImports: Import todo: #0 'msvcrt.dll'.
4488.f0c: supR3HardenedWinVerifyCacheScheduleImports: Import todo: #31 'rpcrt4.dll'.
4488.f0c: supHardenedWinVerifyImageByHandle: -> 0 (\Device\HarddiskVolume3\Windows\System32\clbcatq.dll)
4488.f0c: supR3HardenedWinVerifyCacheInsert: \Device\HarddiskVolume3\Windows\System32\clbcatq.dll
4488.f0c: supR3HardenedScreenImage/NtCreateSection: cache hit (VINF_SUCCESS) on \Device\HarddiskVolume3\Windows\System32\rpcss.dll
4488.444c: supR3HardenedWinVerifyCacheProcessImportTodos: Processing 'rpcrt4.dll'...
4488.444c: supR3HardenedWinVerifyCacheProcessImportTodos: 'rpcrt4.dll' -> '\Device\HarddiskVolume3\Windows\System32\rpcrt4.dll' [rcNtRedir=0xc0150008]
4488.444c: supR3HardenedWinVerifyCacheProcessImportTodos: Processing 'msvcrt.dll'...
4488.444c: supR3HardenedWinVerifyCacheProcessImportTodos: 'msvcrt.dll' -> '\Device\HarddiskVolume3\Windows\System32\msvcrt.dll' [rcNtRedir=0xc0150008]
4488.444c: supR3HardenedMonitor_LdrLoadDll: returns rcNt=0x0 hMod=00007ff9c5b00000 'C:\WINDOWS\system32\rsaenh.dll'
4488.444c: supR3HardenedMonitor_LdrLoadDll: returns rcNt=0x0 hMod=00007ff9c7050000 'C:\WINDOWS\System32\crypt32.dll'
4488.444c: supR3HardenedWinVerifyCacheProcessWvtTodos: 0 (was 0) fWinVerifyTrust=1 for '\Device\HarddiskVolume3\Windows\System32\clbcatq.dll'
4488.444c: supR3HardenedMonitor_LdrLoadDll: returns rcNt=0x0 hMod=00007ff9c5b00000 'C:\WINDOWS\system32\rsaenh.dll'
4488.444c: supR3HardenedMonitor_LdrLoadDll: returns rcNt=0x0 hMod=00007ff9c7050000 'C:\WINDOWS\System32\crypt32.dll'
4488.444c: supR3HardenedWinVerifyCacheProcessWvtTodos: 0 (was 0) fWinVerifyTrust=1 for '\Device\HarddiskVolume3\Windows\System32\WindowsCodecs.dll'
4488.444c: supR3HardenedMonitor_LdrLoadDll: returns rcNt=0x0 hMod=00007ff9c5b00000 'C:\WINDOWS\system32\rsaenh.dll'
4488.444c: supR3HardenedMonitor_LdrLoadDll: returns rcNt=0x0 hMod=00007ff9c7050000 'C:\WINDOWS\System32\crypt32.dll'
4488.444c: supR3HardenedWinVerifyCacheScheduleImports: Import todo: #9 'advapi32.dll'.
4488.444c: supR3HardenedWinVerifyCacheScheduleImports: Import todo: #10 'ole32.dll'.
4488.444c: supR3HardenedWinVerifyCacheScheduleImports: Import todo: #11 'oleaut32.dll'.
4488.444c: supR3HardenedWinVerifyCacheScheduleImports: Import todo: #12 'vcruntime140.dll'.
4488.444c: supR3HardenedWinVerifyCacheScheduleImports: Import todo: #13 'vcruntime140_1.dll'.
4488.444c: supR3HardenedWinVerifyCacheScheduleImports: Import todo: #14 'msvcp140.dll'.
4488.444c: supR3HardenedWinVerifyCacheScheduleImports: Import todo: #15 'vboxrt.dll'.
4488.444c: supHardenedWinVerifyImageByHandle: -> 0 (\Device\HarddiskVolume3\Program Files\Oracle\VirtualBox\VBoxC.dll) WinVerifyTrust
4488.444c: supR3HardenedWinVerifyCacheInsert: \Device\HarddiskVolume3\Program Files\Oracle\VirtualBox\VBoxC.dll
4488.444c: supR3HardenedWinVerifyCacheProcessImportTodos: Processing 'vboxrt.dll'...
4488.444c: supR3HardenedWinVerifyCacheProcessImportTodos: 'vboxrt.dll' -> '\Device\HarddiskVolume3\Program Files\Oracle\VirtualBox\vboxrt.dll' [rcNtRedir=0xc0150008]
4488.444c: supR3HardenedWinVerifyCacheProcessImportTodos: Processing 'msvcp140.dll'...
4488.444c: supR3HardenedWinVerifyCacheProcessImportTodos: 'msvcp140.dll' -> '\Device\HarddiskVolume3\Windows\System32\msvcp140.dll' [rcNtRedir=0xc0150008]
4488.444c: supR3HardenedWinVerifyCacheProcessImportTodos: Processing 'vcruntime140_1.dll'...
4488.444c: supR3HardenedWinVerifyCacheProcessImportTodos: 'vcruntime140_1.dll' -> '\Device\HarddiskVolume3\Windows\System32\vcruntime140_1.dll' [rcNtRedir=0xc0150008]
4488.444c: supR3HardenedWinVerifyCacheProcessImportTodos: Processing 'vcruntime140.dll'...
4488.444c: supR3HardenedWinVerifyCacheProcessImportTodos: 'vcruntime140.dll' -> '\Device\HarddiskVolume3\Windows\System32\vcruntime140.dll' [rcNtRedir=0xc0150008]
4488.444c: supR3HardenedWinVerifyCacheProcessImportTodos: Processing 'oleaut32.dll'...
4488.444c: supR3HardenedWinVerifyCacheProcessImportTodos: 'oleaut32.dll' -> '\Device\HarddiskVolume3\Windows\System32\oleaut32.dll' [rcNtRedir=0xc0150008]
4488.444c: supR3HardenedScreenImage/Imports: cache hit (VINF_SUCCESS) on \Device\HarddiskVolume3\Windows\System32\oleaut32.dll
4488.444c: supR3HardenedWinVerifyCacheProcessImportTodos: Processing 'ole32.dll'...
4488.444c: supR3HardenedWinVerifyCacheProcessImportTodos: 'ole32.dll' -> '\Device\HarddiskVolume3\Windows\System32\ole32.dll' [rcNtRedir=0xc0150008]
4488.444c: supR3HardenedScreenImage/Imports: cache hit (VINF_SUCCESS) on \Device\HarddiskVolume3\Windows\System32\ole32.dll
4488.444c: supR3HardenedWinVerifyCacheProcessImportTodos: Processing 'advapi32.dll'...
4488.444c: supR3HardenedWinVerifyCacheProcessImportTodos: 'advapi32.dll' -> '\Device\HarddiskVolume3\Windows\System32\advapi32.dll' [rcNtRedir=0xc0150008]
4488.444c: supR3HardenedScreenImage/Imports: cache hit (VINF_SUCCESS) on \Device\HarddiskVolume3\Windows\System32\advapi32.dll
4488.444c: supR3HardenedMonitor_LdrLoadDll: pName=C:\Program Files\Oracle\VirtualBox\VBoxC.dll (rcNtResolve=0xc0150008) *pfFlags=0x0 pwszSearchPath=0000000000002009:<flags> [calling]
4488.444c: supR3HardenedScreenImage/NtCreateSection: cache hit (VINF_SUCCESS) on \Device\HarddiskVolume3\Program Files\Oracle\VirtualBox\VBoxC.dll
4488.444c: supR3HardenedDllNotificationCallback: load   00007ff95f960000 LB 0x00435000 C:\Program Files\Oracle\VirtualBox\VBoxC.dll [fFlags=0x0]
4488.444c: supR3HardenedScreenImage/LdrLoadDll: cache hit (VINF_SUCCESS) on \Device\HarddiskVolume3\Program Files\Oracle\VirtualBox\VBoxC.dll
4488.444c: supR3HardenedMonitor_LdrLoadDll: returns rcNt=0x0 hMod=00007ff95f960000 'C:\Program Files\Oracle\VirtualBox\VBoxC.dll'
4488.444c: supR3HardenedMonitor_LdrLoadDll: returns rcNt=0x0 hMod=00007ff9c5b00000 'C:\WINDOWS\system32\rsaenh.dll'
4488.444c: supR3HardenedMonitor_LdrLoadDll: returns rcNt=0x0 hMod=00007ff9c7050000 'C:\WINDOWS\System32\crypt32.dll'
4488.444c: supR3HardenedWinVerifyCacheScheduleImports: Import todo: #4 'advapi32.dll'.
4488.444c: supR3HardenedWinVerifyCacheScheduleImports: Import todo: #5 'shlwapi.dll'.
4488.444c: supR3HardenedWinVerifyCacheScheduleImports: Import todo: #6 'ole32.dll'.
4488.444c: supR3HardenedWinVerifyCacheScheduleImports: Import todo: #7 'oleaut32.dll'.
4488.444c: supR3HardenedWinVerifyCacheScheduleImports: Import todo: #8 'rpcrt4.dll'.
4488.444c: supR3HardenedWinVerifyCacheScheduleImports: Import todo: #9 'vcruntime140.dll'.
4488.444c: supR3HardenedWinVerifyCacheScheduleImports: Import todo: #10 'vboxrt.dll'.
4488.444c: supHardenedWinVerifyImageByHandle: -> 0 (\Device\HarddiskVolume3\Program Files\Oracle\VirtualBox\VBoxProxyStub.dll) WinVerifyTrust
4488.444c: supR3HardenedWinVerifyCacheInsert: \Device\HarddiskVolume3\Program Files\Oracle\VirtualBox\VBoxProxyStub.dll
4488.444c: supR3HardenedWinVerifyCacheProcessImportTodos: Processing 'vboxrt.dll'...
4488.444c: supR3HardenedWinVerifyCacheProcessImportTodos: 'vboxrt.dll' -> '\Device\HarddiskVolume3\Program Files\Oracle\VirtualBox\vboxrt.dll' [rcNtRedir=0xc0150008]
4488.444c: supR3HardenedWinVerifyCacheProcessImportTodos: Processing 'vcruntime140.dll'...
4488.444c: supR3HardenedWinVerifyCacheProcessImportTodos: 'vcruntime140.dll' -> '\Device\HarddiskVolume3\Windows\System32\vcruntime140.dll' [rcNtRedir=0xc0150008]
4488.444c: supR3HardenedWinVerifyCacheProcessImportTodos: Processing 'rpcrt4.dll'...
4488.444c: supR3HardenedWinVerifyCacheProcessImportTodos: 'rpcrt4.dll' -> '\Device\HarddiskVolume3\Windows\System32\rpcrt4.dll' [rcNtRedir=0xc0150008]
4488.444c: supR3HardenedWinVerifyCacheProcessImportTodos: Processing 'oleaut32.dll'...
4488.444c: supR3HardenedWinVerifyCacheProcessImportTodos: 'oleaut32.dll' -> '\Device\HarddiskVolume3\Windows\System32\oleaut32.dll' [rcNtRedir=0xc0150008]
4488.444c: supR3HardenedScreenImage/Imports: cache hit (VINF_SUCCESS) on \Device\HarddiskVolume3\Windows\System32\oleaut32.dll
4488.444c: supR3HardenedWinVerifyCacheProcessImportTodos: Processing 'ole32.dll'...
4488.444c: supR3HardenedWinVerifyCacheProcessImportTodos: 'ole32.dll' -> '\Device\HarddiskVolume3\Windows\System32\ole32.dll' [rcNtRedir=0xc0150008]
4488.444c: supR3HardenedScreenImage/Imports: cache hit (VINF_SUCCESS) on \Device\HarddiskVolume3\Windows\System32\ole32.dll
4488.444c: supR3HardenedWinVerifyCacheProcessImportTodos: Processing 'shlwapi.dll'...
4488.444c: supR3HardenedWinVerifyCacheProcessImportTodos: 'shlwapi.dll' -> '\Device\HarddiskVolume3\Windows\System32\shlwapi.dll' [rcNtRedir=0xc0150008]
4488.444c: supR3HardenedScreenImage/Imports: cache hit (VINF_SUCCESS) on \Device\HarddiskVolume3\Windows\System32\shlwapi.dll
4488.444c: supR3HardenedWinVerifyCacheProcessImportTodos: Processing 'advapi32.dll'...
4488.444c: supR3HardenedWinVerifyCacheProcessImportTodos: 'advapi32.dll' -> '\Device\HarddiskVolume3\Windows\System32\advapi32.dll' [rcNtRedir=0xc0150008]
4488.444c: supR3HardenedScreenImage/Imports: cache hit (VINF_SUCCESS) on \Device\HarddiskVolume3\Windows\System32\advapi32.dll
4488.444c: supR3HardenedMonitor_LdrLoadDll: pName=C:\Program Files\Oracle\VirtualBox\VBoxProxyStub.dll (rcNtResolve=0xc0150008) *pfFlags=0x0 pwszSearchPath=0000000000002009:<flags> [calling]
4488.444c: supR3HardenedScreenImage/NtCreateSection: cache hit (VINF_SUCCESS) on \Device\HarddiskVolume3\Program Files\Oracle\VirtualBox\VBoxProxyStub.dll
4488.444c: supR3HardenedDllNotificationCallback: load   00007ff9601a0000 LB 0x000eb000 C:\Program Files\Oracle\VirtualBox\VBoxProxyStub.dll [fFlags=0x0]
4488.444c: supR3HardenedScreenImage/LdrLoadDll: cache hit (VINF_SUCCESS) on \Device\HarddiskVolume3\Program Files\Oracle\VirtualBox\VBoxProxyStub.dll
4488.444c: supR3HardenedMonitor_LdrLoadDll: returns rcNt=0x0 hMod=00007ff9601a0000 'C:\Program Files\Oracle\VirtualBox\VBoxProxyStub.dll'
4488.444c: supR3HardenedScreenImage/LdrLoadDll: cache hit (VINF_SUCCESS) on \Device\HarddiskVolume3\Windows\System32\oleaut32.dll
4488.444c: supR3HardenedMonitor_LdrLoadDll: pName=C:\Windows\System32\oleaut32.dll (rcNtResolve=0xc0150008) *pfFlags=0x0 pwszSearchPath=0000000000002009:<flags> [calling]
4488.444c: supR3HardenedMonitor_LdrLoadDll: returns rcNt=0x0 hMod=00007ff9c8fc0000 'C:\Windows\System32\oleaut32.dll'
4488.f0c: '\Device\HarddiskVolume3\Windows\System32\tzres.dll' has no imports
4488.f0c: supHardenedWinVerifyImageByHandle: -> 22900 (\Device\HarddiskVolume3\Windows\System32\tzres.dll)
4488.f0c: supR3HardenedWinVerifyCacheInsert: \Device\HarddiskVolume3\Windows\System32\tzres.dll
4488.f0c: supR3HardenedScreenImage/NtCreateSection: cache hit (22900) on \Device\HarddiskVolume3\Windows\System32\tzres.dll [avoiding WinVerifyTrust]
4488.3710: supR3HardNtViCallWinVerifyTrustCatFile: hFile=00000000000009bc pwszName=\Device\HarddiskVolume3\Windows\System32\tzres.dll
4488.3710: supR3HardNtViCallWinVerifyTrustCatFile: Cached context 00000207be1a4f20
4488.3710: supR3HardNtViCallWinVerifyTrustCatFile: hCatAdmin=00000207be1a4f20
4488.3710: supR3HardNtViCallWinVerifyTrustCatFile: cbHash=20 wszDigest=BFB49925D3D7DE3B8F88B9BC7C80D76BDBF4C997
4488.3710: supR3HardenedMonitor_LdrLoadDll: returns rcNt=0x0 hMod=00007ff9c5b00000 'C:\WINDOWS\system32\rsaenh.dll'
4488.3710: supR3HardenedMonitor_LdrLoadDll: returns rcNt=0x0 hMod=00007ff9c7050000 'C:\WINDOWS\System32\crypt32.dll'
4488.3710: supR3HardNtViCallWinVerifyTrustCatFile: WinVerifyTrust => 0x0; cat='C:\WINDOWS\system32\CatRoot\{F750E6C3-38EE-11D1-85E5-00C04FC295EE}\Microsoft-OneCore-CoreSystem-Core-merged-Package~31bf3856ad364e35~amd64~~10.0.26100.9457.cat'; file='\Device\HarddiskVolume3\Windows\System32\tzres.dll'
4488.3710: supR3HardNtViCallWinVerifyTrustCatFile -> 0 (org 22900)
4488.3710: supR3HardenedWinVerifyCacheProcessWvtTodos: 0 (was 22900) fWinVerifyTrust=1 for '\Device\HarddiskVolume3\Windows\System32\tzres.dll'
4488.3710: supR3HardenedMonitor_LdrLoadDll: returns rcNt=0x0 hMod=00007ff9c5b00000 'C:\WINDOWS\system32\rsaenh.dll'
4488.3710: supR3HardenedMonitor_LdrLoadDll: returns rcNt=0x0 hMod=00007ff9c7050000 'C:\WINDOWS\System32\crypt32.dll'
4488.3710: supR3HardenedWinVerifyCacheScheduleImports: Import todo: #0 'vboxrt.dll'.
4488.3710: supR3HardenedWinVerifyCacheScheduleImports: Import todo: #5 'vcruntime140.dll'.
4488.3710: supR3HardenedWinVerifyCacheScheduleImports: Import todo: #6 'vcruntime140_1.dll'.
4488.3710: supHardenedWinVerifyImageByHandle: -> 0 (\Device\HarddiskVolume3\Program Files\Oracle\VirtualBox\VBoxVMM.dll) WinVerifyTrust
4488.3710: supR3HardenedWinVerifyCacheInsert: \Device\HarddiskVolume3\Program Files\Oracle\VirtualBox\VBoxVMM.dll
4488.3710: supR3HardenedWinVerifyCacheProcessImportTodos: Processing 'vcruntime140_1.dll'...
4488.3710: supR3HardenedWinVerifyCacheProcessImportTodos: 'vcruntime140_1.dll' -> '\Device\HarddiskVolume3\Windows\System32\vcruntime140_1.dll' [rcNtRedir=0xc0150008]
4488.3710: supR3HardenedWinVerifyCacheProcessImportTodos: Processing 'vcruntime140.dll'...
4488.3710: supR3HardenedWinVerifyCacheProcessImportTodos: 'vcruntime140.dll' -> '\Device\HarddiskVolume3\Windows\System32\vcruntime140.dll' [rcNtRedir=0xc0150008]
4488.3710: supR3HardenedWinVerifyCacheProcessImportTodos: Processing 'vboxrt.dll'...
4488.3710: supR3HardenedWinVerifyCacheProcessImportTodos: 'vboxrt.dll' -> '\Device\HarddiskVolume3\Program Files\Oracle\VirtualBox\vboxrt.dll' [rcNtRedir=0xc0150008]
4488.3710: supR3HardenedMonitor_LdrLoadDll: pName=C:\Program Files\Oracle\VirtualBox\VBoxVMM.DLL (rcNtResolve=0xc0150008) *pfFlags=0x0 pwszSearchPath=0000000000000001:<flags> [calling]
4488.3710: supR3HardenedScreenImage/NtCreateSection: cache hit (VINF_SUCCESS) on \Device\HarddiskVolume3\Program Files\Oracle\VirtualBox\VBoxVMM.dll
4488.3710: supR3HardenedDllNotificationCallback: load   00007ff9709c0000 LB 0x005b8000 C:\Program Files\Oracle\VirtualBox\VBoxVMM.DLL [fFlags=0x0]
4488.3710: supR3HardenedScreenImage/LdrLoadDll: cache hit (VINF_SUCCESS) on \Device\HarddiskVolume3\Program Files\Oracle\VirtualBox\VBoxVMM.dll
4488.3710: supR3HardenedMonitor_LdrLoadDll: returns rcNt=0x0 hMod=00007ff9709c0000 'C:\Program Files\Oracle\VirtualBox\VBoxVMM.DLL'
4488.f0c: supR3HardenedMonitor_LdrLoadDll: returns rcNt=0x0 hMod=00007ff9c5b00000 'C:\WINDOWS\system32\rsaenh.dll'
4488.f0c: supR3HardenedMonitor_LdrLoadDll: returns rcNt=0x0 hMod=00007ff9c7050000 'C:\WINDOWS\System32\crypt32.dll'
4488.f0c: supHardenedWinVerifyImageByHandle: -> 0 (\Device\HarddiskVolume3\Windows\System32\DriverStore\FileRepository\u0420529.inf_amd64_94ad5a6c4d1a04e2\B419765\atidx9loader64.dll) WinVerifyTrust
4488.f0c: supR3HardenedWinVerifyCacheInsert: \Device\HarddiskVolume3\Windows\System32\DriverStore\FileRepository\u0420529.inf_amd64_94ad5a6c4d1a04e2\B419765\atidx9loader64.dll
4488.f0c: supR3HardenedMonitor_LdrLoadDll: pName=C:\WINDOWS\System32\DriverStore\FileRepository\u0420529.inf_amd64_94ad5a6c4d1a04e2\B419765\atidx9loader64.dll (rcNtResolve=0xc0150008) *pfFlags=0x0 pwszSearchPath=0000000000000009:<flags> [calling]
4488.f0c: supR3HardenedScreenImage/NtCreateSection: cache hit (VINF_SUCCESS) on \Device\HarddiskVolume3\Windows\System32\DriverStore\FileRepository\u0420529.inf_amd64_94ad5a6c4d1a04e2\B419765\atidx9loader64.dll
4488.f0c: supR3HardenedDllNotificationCallback: load   00007ff9b9470000 LB 0x00020000 C:\WINDOWS\System32\DriverStore\FileRepository\u0420529.inf_amd64_94ad5a6c4d1a04e2\B419765\atidx9loader64.dll [fFlags=0x0]
4488.f0c: supR3HardenedScreenImage/LdrLoadDll: cache hit (VINF_SUCCESS) on \Device\HarddiskVolume3\Windows\System32\DriverStore\FileRepository\u0420529.inf_amd64_94ad5a6c4d1a04e2\B419765\atidx9loader64.dll
4488.f0c: supR3HardenedIsApiSetDll: ApiSetQueryApiSetPresence(api-ms-win-core-synch-l1-2-0) -> 0x0, fPresent=1
4488.f0c: supR3HardenedMonitor_LdrLoadDll: pName=api-ms-win-core-synch-l1-2-0 (rcNtResolve=0x0) *pfFlags=0x0 pwszSearchPath=0000000000000801:<flags> [calling]
4488.f0c: supR3HardenedMonitor_LdrLoadDll: returns rcNt=0x0 hMod=00007ff9c72a0000 'api-ms-win-core-synch-l1-2-0'
4488.f0c: supR3HardenedIsApiSetDll: ApiSetQueryApiSetPresence(api-ms-win-core-fibers-l1-1-1) -> 0x0, fPresent=1
4488.f0c: supR3HardenedMonitor_LdrLoadDll: pName=api-ms-win-core-fibers-l1-1-1 (rcNtResolve=0x0) *pfFlags=0x0 pwszSearchPath=0000000000000801:<flags> [calling]
4488.f0c: supR3HardenedMonitor_LdrLoadDll: returns rcNt=0x0 hMod=00007ff9c72a0000 'api-ms-win-core-fibers-l1-1-1'
4488.f0c: supR3HardenedIsApiSetDll: ApiSetQueryApiSetPresence(api-ms-win-core-fibers-l1-1-2) -> 0x0, fPresent=1
4488.f0c: supR3HardenedMonitor_LdrLoadDll: pName=api-ms-win-core-fibers-l1-1-2 (rcNtResolve=0x0) *pfFlags=0x0 pwszSearchPath=0000000000000801:<flags> [calling]
4488.f0c: supR3HardenedMonitor_LdrLoadDll: returns rcNt=0x0 hMod=00007ff9c72a0000 'api-ms-win-core-fibers-l1-1-2'
4488.f0c: supR3HardenedScreenImage/LdrLoadDll: cache hit (VINF_SUCCESS) on \Device\HarddiskVolume3\Windows\System32\kernel32.dll
4488.f0c: supR3HardenedMonitor_LdrLoadDll: pName=C:\WINDOWS\System32\kernel32.dll (Input=kernel32, rcNtResolve=0xc0150008) *pfFlags=0x0 pwszSearchPath=0000000000000801:<flags> [calling]
4488.f0c: supR3HardenedMonitor_LdrLoadDll: returns rcNt=0x0 hMod=00007ff9c7a20000 'C:\WINDOWS\System32\kernel32.dll'
4488.f0c: supR3HardenedMonitor_LdrLoadDll: returns rcNt=0x0 hMod=00007ff9b9470000 'C:\WINDOWS\System32\DriverStore\FileRepository\u0420529.inf_amd64_94ad5a6c4d1a04e2\B419765\atidx9loader64.dll'
4488.f0c: supR3HardenedMonitor_LdrLoadDll: returns rcNt=0x0 hMod=00007ff9c5b00000 'C:\WINDOWS\system32\rsaenh.dll'
4488.f0c: supR3HardenedMonitor_LdrLoadDll: returns rcNt=0x0 hMod=00007ff9c7050000 'C:\WINDOWS\System32\crypt32.dll'
4488.f0c: supR3HardenedWinVerifyCacheScheduleImports: Import todo: #1 'user32.dll'.
4488.f0c: supR3HardenedWinVerifyCacheScheduleImports: Import todo: #2 'advapi32.dll'.
4488.f0c: supR3HardenedWinVerifyCacheScheduleImports: Import todo: #3 'winmm.dll'.
4488.f0c: supR3HardenedWinVerifyCacheScheduleImports: Import todo: #4 'ole32.dll'.
4488.f0c: supR3HardenedWinVerifyCacheScheduleImports: Import todo: #5 'shell32.dll'.
4488.f0c: supR3HardenedWinVerifyCacheScheduleImports: Import todo: #6 'gdi32.dll'.
4488.f0c: supR3HardenedWinVerifyCacheScheduleImports: Import todo: #7 'setupapi.dll'.
4488.f0c: supHardenedWinVerifyImageByHandle: -> 0 (\Device\HarddiskVolume3\Windows\System32\DriverStore\FileRepository\u0420529.inf_amd64_94ad5a6c4d1a04e2\B419765\amdxn64.dll) WinVerifyTrust
4488.f0c: supR3HardenedWinVerifyCacheInsert: \Device\HarddiskVolume3\Windows\System32\DriverStore\FileRepository\u0420529.inf_amd64_94ad5a6c4d1a04e2\B419765\amdxn64.dll
4488.f0c: supR3HardenedWinVerifyCacheProcessImportTodos: Processing 'setupapi.dll'...
4488.f0c: supR3HardenedWinVerifyCacheProcessImportTodos: 'setupapi.dll' -> '\Device\HarddiskVolume3\Windows\System32\setupapi.dll' [rcNtRedir=0xc0150008]
4488.f0c: supR3HardenedScreenImage/Imports: cache hit (VINF_SUCCESS) on \Device\HarddiskVolume3\Windows\System32\setupapi.dll
4488.f0c: supR3HardenedWinVerifyCacheProcessImportTodos: Processing 'gdi32.dll'...
4488.f0c: supR3HardenedWinVerifyCacheProcessImportTodos: 'gdi32.dll' -> '\Device\HarddiskVolume3\Windows\System32\gdi32.dll' [rcNtRedir=0xc0150008]
4488.f0c: supR3HardenedWinVerifyCacheProcessImportTodos: Processing 'shell32.dll'...
4488.f0c: supR3HardenedWinVerifyCacheProcessImportTodos: 'shell32.dll' -> '\Device\HarddiskVolume3\Windows\System32\shell32.dll' [rcNtRedir=0xc0150008]
4488.f0c: supR3HardenedScreenImage/Imports: cache hit (VINF_SUCCESS) on \Device\HarddiskVolume3\Windows\System32\shell32.dll
4488.f0c: supR3HardenedWinVerifyCacheProcessImportTodos: Processing 'ole32.dll'...
4488.f0c: supR3HardenedWinVerifyCacheProcessImportTodos: 'ole32.dll' -> '\Device\HarddiskVolume3\Windows\System32\ole32.dll' [rcNtRedir=0xc0150008]
4488.f0c: supR3HardenedWinVerifyCacheProcessImportTodos: Processing 'winmm.dll'...
4488.f0c: supR3HardenedWinVerifyCacheProcessImportTodos: 'winmm.dll' -> '\Device\HarddiskVolume3\Windows\System32\winmm.dll' [rcNtRedir=0xc0150008]
4488.f0c: supR3HardenedScreenImage/Imports: cache hit (VINF_SUCCESS) on \Device\HarddiskVolume3\Windows\System32\winmm.dll
4488.f0c: supR3HardenedWinVerifyCacheProcessImportTodos: Processing 'advapi32.dll'...
4488.f0c: supR3HardenedWinVerifyCacheProcessImportTodos: 'advapi32.dll' -> '\Device\HarddiskVolume3\Windows\System32\advapi32.dll' [rcNtRedir=0xc0150008]
4488.f0c: supR3HardenedWinVerifyCacheProcessImportTodos: Processing 'user32.dll'...
4488.f0c: supR3HardenedWinVerifyCacheProcessImportTodos: 'user32.dll' -> '\Device\HarddiskVolume3\Windows\System32\user32.dll' [rcNtRedir=0xc0150008]
4488.f0c: supR3HardenedMonitor_LdrLoadDll: pName=C:\WINDOWS\System32\DriverStore\FileRepository\u0420529.inf_amd64_94ad5a6c4d1a04e2\B419765\AMDXN64.DLL (rcNtResolve=0xc0150008) *pfFlags=0x0 pwszSearchPath=0000000000000001:<flags> [calling]
4488.f0c: supR3HardenedScreenImage/NtCreateSection: cache hit (VINF_SUCCESS) on \Device\HarddiskVolume3\Windows\System32\DriverStore\FileRepository\u0420529.inf_amd64_94ad5a6c4d1a04e2\B419765\amdxn64.dll
4488.f0c: supR3HardenedDllNotificationCallback: load   00007ff900450000 LB 0x0271b000 C:\WINDOWS\System32\DriverStore\FileRepository\u0420529.inf_amd64_94ad5a6c4d1a04e2\B419765\AMDXN64.DLL [fFlags=0x0]
4488.f0c: supR3HardenedScreenImage/LdrLoadDll: cache hit (VINF_SUCCESS) on \Device\HarddiskVolume3\Windows\System32\DriverStore\FileRepository\u0420529.inf_amd64_94ad5a6c4d1a04e2\B419765\amdxn64.dll
4488.f0c: supR3HardenedIsApiSetDll: ApiSetQueryApiSetPresence(api-ms-win-core-synch-l1-2-0) -> 0x0, fPresent=1
4488.f0c: supR3HardenedMonitor_LdrLoadDll: pName=api-ms-win-core-synch-l1-2-0 (rcNtResolve=0x0) *pfFlags=0x0 pwszSearchPath=0000000000000801:<flags> [calling]
4488.f0c: supR3HardenedMonitor_LdrLoadDll: returns rcNt=0x0 hMod=00007ff9c72a0000 'api-ms-win-core-synch-l1-2-0'
4488.f0c: supR3HardenedIsApiSetDll: ApiSetQueryApiSetPresence(api-ms-win-core-fibers-l1-1-1) -> 0x0, fPresent=1
4488.f0c: supR3HardenedMonitor_LdrLoadDll: pName=api-ms-win-core-fibers-l1-1-1 (rcNtResolve=0x0) *pfFlags=0x0 pwszSearchPath=0000000000000801:<flags> [calling]
4488.f0c: supR3HardenedMonitor_LdrLoadDll: returns rcNt=0x0 hMod=00007ff9c72a0000 'api-ms-win-core-fibers-l1-1-1'
4488.f0c: supR3HardenedIsApiSetDll: ApiSetQueryApiSetPresence(api-ms-win-core-fibers-l1-1-2) -> 0x0, fPresent=1
4488.f0c: supR3HardenedMonitor_LdrLoadDll: pName=api-ms-win-core-fibers-l1-1-2 (rcNtResolve=0x0) *pfFlags=0x0 pwszSearchPath=0000000000000801:<flags> [calling]
4488.f0c: supR3HardenedMonitor_LdrLoadDll: returns rcNt=0x0 hMod=00007ff9c72a0000 'api-ms-win-core-fibers-l1-1-2'
4488.f0c: supR3HardenedScreenImage/LdrLoadDll: cache hit (VINF_SUCCESS) on \Device\HarddiskVolume3\Windows\System32\kernel32.dll
4488.f0c: supR3HardenedMonitor_LdrLoadDll: pName=C:\WINDOWS\System32\kernel32.dll (Input=kernel32, rcNtResolve=0xc0150008) *pfFlags=0x0 pwszSearchPath=0000000000000801:<flags> [calling]
4488.f0c: supR3HardenedMonitor_LdrLoadDll: returns rcNt=0x0 hMod=00007ff9c7a20000 'C:\WINDOWS\System32\kernel32.dll'
4488.f0c: supR3HardenedIsApiSetDll: ApiSetQueryApiSetPresence(api-ms-win-core-string-l1-1-0) -> 0x0, fPresent=1
4488.f0c: supR3HardenedMonitor_LdrLoadDll: pName=api-ms-win-core-string-l1-1-0 (rcNtResolve=0x0) *pfFlags=0x0 pwszSearchPath=0000000000000801:<flags> [calling]
4488.f0c: supR3HardenedMonitor_LdrLoadDll: returns rcNt=0x0 hMod=00007ff9c72a0000 'api-ms-win-core-string-l1-1-0'
4488.f0c: supR3HardenedIsApiSetDll: ApiSetQueryApiSetPresence(api-ms-win-core-localization-l1-2-1) -> 0x0, fPresent=1
4488.f0c: supR3HardenedMonitor_LdrLoadDll: pName=api-ms-win-core-localization-l1-2-1 (rcNtResolve=0x0) *pfFlags=0x0 pwszSearchPath=0000000000000801:<flags> [calling]
4488.f0c: supR3HardenedMonitor_LdrLoadDll: returns rcNt=0x0 hMod=00007ff9c72a0000 'api-ms-win-core-localization-l1-2-1'
4488.f0c: supR3HardenedIsApiSetDll: ApiSetQueryApiSetPresence(api-ms-win-core-datetime-l1-1-1) -> 0x0, fPresent=1
4488.f0c: supR3HardenedMonitor_LdrLoadDll: pName=api-ms-win-core-datetime-l1-1-1 (rcNtResolve=0x0) *pfFlags=0x0 pwszSearchPath=0000000000000801:<flags> [calling]
4488.f0c: supR3HardenedMonitor_LdrLoadDll: returns rcNt=0x0 hMod=00007ff9c72a0000 'api-ms-win-core-datetime-l1-1-1'
4488.f0c: supR3HardenedIsApiSetDll: ApiSetQueryApiSetPresence(api-ms-win-core-localization-obsolete-l1-2-0) -> 0x0, fPresent=1
4488.f0c: supR3HardenedMonitor_LdrLoadDll: pName=api-ms-win-core-localization-obsolete-l1-2-0 (rcNtResolve=0x0) *pfFlags=0x0 pwszSearchPath=0000000000000801:<flags> [calling]
4488.f0c: supR3HardenedMonitor_LdrLoadDll: returns rcNt=0x0 hMod=00007ff9c72a0000 'api-ms-win-core-localization-obsolete-l1-2-0'
4488.f0c: supR3HardenedMonitor_LdrLoadDll: returns rcNt=0x0 hMod=00007ff900450000 'C:\WINDOWS\System32\DriverStore\FileRepository\u0420529.inf_amd64_94ad5a6c4d1a04e2\B419765\AMDXN64.DLL'
4488.f0c: supR3HardenedMonitor_LdrLoadDll: returns rcNt=0x0 hMod=00007ff9c5b00000 'C:\WINDOWS\system32\rsaenh.dll'
4488.f0c: supR3HardenedMonitor_LdrLoadDll: returns rcNt=0x0 hMod=00007ff9c7050000 'C:\WINDOWS\System32\crypt32.dll'
4488.f0c: supR3HardenedWinVerifyCacheScheduleImports: Import todo: #0 'shlwapi.dll'.
4488.f0c: supR3HardenedWinVerifyCacheScheduleImports: Import todo: #2 'user32.dll'.
4488.f0c: supR3HardenedWinVerifyCacheScheduleImports: Import todo: #3 'advapi32.dll'.
4488.f0c: supHardenedWinVerifyImageByHandle: -> 0 (\Device\HarddiskVolume3\Windows\System32\DriverStore\FileRepository\u0420529.inf_amd64_94ad5a6c4d1a04e2\B419765\amdihk64.dll) WinVerifyTrust
4488.f0c: supR3HardenedWinVerifyCacheInsert: \Device\HarddiskVolume3\Windows\System32\DriverStore\FileRepository\u0420529.inf_amd64_94ad5a6c4d1a04e2\B419765\amdihk64.dll
4488.f0c: supR3HardenedWinVerifyCacheProcessImportTodos: Processing 'advapi32.dll'...
4488.f0c: supR3HardenedWinVerifyCacheProcessImportTodos: 'advapi32.dll' -> '\Device\HarddiskVolume3\Windows\System32\advapi32.dll' [rcNtRedir=0xc0150008]
4488.f0c: supR3HardenedWinVerifyCacheProcessImportTodos: Processing 'user32.dll'...
4488.f0c: supR3HardenedWinVerifyCacheProcessImportTodos: 'user32.dll' -> '\Device\HarddiskVolume3\Windows\System32\user32.dll' [rcNtRedir=0xc0150008]
4488.f0c: supR3HardenedWinVerifyCacheProcessImportTodos: Processing 'shlwapi.dll'...
4488.f0c: supR3HardenedWinVerifyCacheProcessImportTodos: 'shlwapi.dll' -> '\Device\HarddiskVolume3\Windows\System32\shlwapi.dll' [rcNtRedir=0xc0150008]
4488.f0c: supR3HardenedScreenImage/Imports: cache hit (VINF_SUCCESS) on \Device\HarddiskVolume3\Windows\System32\shlwapi.dll
4488.f0c: supR3HardenedMonitor_LdrLoadDll: pName=C:\WINDOWS\System32\DriverStore\FileRepository\u0420529.inf_amd64_94ad5a6c4d1a04e2\B419765\amdihk64.dll (rcNtResolve=0xc0150008) *pfFlags=0x0 pwszSearchPath=0000000000000001:<flags> [calling]
4488.f0c: supR3HardenedScreenImage/NtCreateSection: cache hit (VINF_SUCCESS) on \Device\HarddiskVolume3\Windows\System32\DriverStore\FileRepository\u0420529.inf_amd64_94ad5a6c4d1a04e2\B419765\amdihk64.dll
4488.f0c: supR3HardenedDllNotificationCallback: load   00007ff9bbbe0000 LB 0x0003c000 C:\WINDOWS\System32\DriverStore\FileRepository\u0420529.inf_amd64_94ad5a6c4d1a04e2\B419765\amdihk64.dll [fFlags=0x0]
4488.f0c: supR3HardenedScreenImage/LdrLoadDll: cache hit (VINF_SUCCESS) on \Device\HarddiskVolume3\Windows\System32\DriverStore\FileRepository\u0420529.inf_amd64_94ad5a6c4d1a04e2\B419765\amdihk64.dll
4488.f0c: supR3HardenedIsApiSetDll: ApiSetQueryApiSetPresence(api-ms-win-core-synch-l1-2-0) -> 0x0, fPresent=1
4488.f0c: supR3HardenedMonitor_LdrLoadDll: pName=api-ms-win-core-synch-l1-2-0 (rcNtResolve=0x0) *pfFlags=0x0 pwszSearchPath=0000000000000801:<flags> [calling]
4488.f0c: supR3HardenedMonitor_LdrLoadDll: returns rcNt=0x0 hMod=00007ff9c72a0000 'api-ms-win-core-synch-l1-2-0'
4488.f0c: supR3HardenedIsApiSetDll: ApiSetQueryApiSetPresence(api-ms-win-core-fibers-l1-1-1) -> 0x0, fPresent=1
4488.f0c: supR3HardenedMonitor_LdrLoadDll: pName=api-ms-win-core-fibers-l1-1-1 (rcNtResolve=0x0) *pfFlags=0x0 pwszSearchPath=0000000000000801:<flags> [calling]
4488.f0c: supR3HardenedMonitor_LdrLoadDll: returns rcNt=0x0 hMod=00007ff9c72a0000 'api-ms-win-core-fibers-l1-1-1'
4488.f0c: supR3HardenedIsApiSetDll: ApiSetQueryApiSetPresence(api-ms-win-core-synch-l1-2-0) -> 0x0, fPresent=1
4488.f0c: supR3HardenedMonitor_LdrLoadDll: pName=api-ms-win-core-synch-l1-2-0 (rcNtResolve=0x0) *pfFlags=0x0 pwszSearchPath=0000000000000801:<flags> [calling]
4488.f0c: supR3HardenedMonitor_LdrLoadDll: returns rcNt=0x0 hMod=00007ff9c72a0000 'api-ms-win-core-synch-l1-2-0'
4488.f0c: supR3HardenedScreenImage/LdrLoadDll: cache hit (VINF_SUCCESS) on \Device\HarddiskVolume3\Windows\System32\kernel32.dll
4488.f0c: supR3HardenedMonitor_LdrLoadDll: pName=C:\WINDOWS\System32\kernel32.dll (Input=kernel32, rcNtResolve=0xc0150008) *pfFlags=0x0 pwszSearchPath=0000000000000801:<flags> [calling]
4488.f0c: supR3HardenedMonitor_LdrLoadDll: returns rcNt=0x0 hMod=00007ff9c7a20000 'C:\WINDOWS\System32\kernel32.dll'
4488.f0c: supR3HardenedMonitor_LdrLoadDll: returns rcNt=0x0 hMod=00007ff9bbbe0000 'C:\WINDOWS\System32\DriverStore\FileRepository\u0420529.inf_amd64_94ad5a6c4d1a04e2\B419765\amdihk64.dll'
4488.f0c: supR3HardenedWinVerifyCacheScheduleImports: Import todo: #12 'msvcp_win.dll'.
4488.f0c: supHardenedWinVerifyImageByHandle: -> 0 (\Device\HarddiskVolume3\Windows\System32\directxdatabasehelper.dll)
4488.f0c: supR3HardenedWinVerifyCacheInsert: \Device\HarddiskVolume3\Windows\System32\directxdatabasehelper.dll
4488.f0c: supR3HardenedDllNotificationCallback: load   00007ff9c1040000 LB 0x0005e000 C:\WINDOWS\SYSTEM32\directxdatabasehelper.dll [fFlags=0x0]
4488.f0c: supR3HardenedScreenImage/LdrLoadDll: cache hit (VINF_SUCCESS) on \Device\HarddiskVolume3\Windows\System32\directxdatabasehelper.dll [avoiding WinVerifyTrust]
4488.f0c: supR3HardenedWinVerifyCacheProcessImportTodos: Processing 'msvcp_win.dll'...
4488.f0c: supR3HardenedWinVerifyCacheProcessImportTodos: 'msvcp_win.dll' -> '\Device\HarddiskVolume3\Windows\System32\msvcp_win.dll' [rcNtRedir=0xc0150008]
4488.f0c: supR3HardenedMonitor_LdrLoadDll: returns rcNt=0x0 hMod=00007ff9c5b00000 'C:\WINDOWS\system32\rsaenh.dll'
4488.f0c: supR3HardenedMonitor_LdrLoadDll: returns rcNt=0x0 hMod=00007ff9c7050000 'C:\WINDOWS\System32\crypt32.dll'
4488.f0c: supR3HardenedWinVerifyCacheProcessWvtTodos: 0 (was 0) fWinVerifyTrust=1 for '\Device\HarddiskVolume3\Windows\System32\directxdatabasehelper.dll'
4488.f0c: supR3HardenedIsApiSetDll: ApiSetQueryApiSetPresence(ext-ms-win-core-resourcepolicy-l1-1-0.dll) -> 0x0, fPresent=1
4488.f0c: supR3HardenedMonitor_LdrLoadDll: pName=ext-ms-win-core-resourcepolicy-l1-1-0.dll (rcNtResolve=0x0) *pfFlags=0x0 pwszSearchPath=0000000000000001:<flags> [calling]
4488.f0c: supR3HardenedWinVerifyCacheScheduleImports: Import todo: #0 'msvcrt.dll'.
4488.f0c: supR3HardenedWinVerifyCacheScheduleImports: Import todo: #11 'rpcrt4.dll'.
4488.f0c: supHardenedWinVerifyImageByHandle: -> 0 (\Device\HarddiskVolume3\Windows\System32\ResourcePolicyClient.dll)
4488.f0c: supR3HardenedWinVerifyCacheInsert: \Device\HarddiskVolume3\Windows\System32\ResourcePolicyClient.dll
4488.f0c: supR3HardenedDllNotificationCallback: load   00007ff9c4620000 LB 0x00014000 C:\WINDOWS\SYSTEM32\resourcepolicyclient.dll [fFlags=0x0]
4488.f0c: supR3HardenedScreenImage/LdrLoadDll: cache hit (VINF_SUCCESS) on \Device\HarddiskVolume3\Windows\System32\ResourcePolicyClient.dll [avoiding WinVerifyTrust]
4488.f0c: supR3HardenedMonitor_LdrLoadDll: returns rcNt=0x0 hMod=00007ff9c4620000 'ext-ms-win-core-resourcepolicy-l1-1-0.dll'
4488.f0c: supR3HardenedWinVerifyCacheProcessImportTodos: Processing 'rpcrt4.dll'...
4488.f0c: supR3HardenedWinVerifyCacheProcessImportTodos: 'rpcrt4.dll' -> '\Device\HarddiskVolume3\Windows\System32\rpcrt4.dll' [rcNtRedir=0xc0150008]
4488.f0c: supR3HardenedWinVerifyCacheProcessImportTodos: Processing 'msvcrt.dll'...
4488.f0c: supR3HardenedWinVerifyCacheProcessImportTodos: 'msvcrt.dll' -> '\Device\HarddiskVolume3\Windows\System32\msvcrt.dll' [rcNtRedir=0xc0150008]
4488.f0c: supR3HardenedMonitor_LdrLoadDll: returns rcNt=0x0 hMod=00007ff9c5b00000 'C:\WINDOWS\system32\rsaenh.dll'
4488.f0c: supR3HardenedMonitor_LdrLoadDll: returns rcNt=0x0 hMod=00007ff9c7050000 'C:\WINDOWS\System32\crypt32.dll'
4488.f0c: supR3HardenedWinVerifyCacheProcessWvtTodos: 0 (was 0) fWinVerifyTrust=1 for '\Device\HarddiskVolume3\Windows\System32\ResourcePolicyClient.dll'
4488.f0c: supR3HardenedDllNotificationCallback: Unload 00007ff9c4620000 LB 0x00014000 C:\WINDOWS\SYSTEM32\resourcepolicyclient.dll [flags=0x0]
4488.f0c: supR3HardenedMonitor_LdrLoadDll: returns rcNt=0x0 hMod=00007ff9c90a0000 'C:\WINDOWS\System32\gdi32.dll'
4488.f0c: supR3HardenedDllNotificationCallback: Unload 00007ff9bbbe0000 LB 0x0003c000 C:\WINDOWS\System32\DriverStore\FileRepository\u0420529.inf_amd64_94ad5a6c4d1a04e2\B419765\amdihk64.dll [flags=0x0]
4488.f0c: supR3HardenedDllNotificationCallback: Unload 00007ff900450000 LB 0x0271b000 C:\WINDOWS\System32\DriverStore\FileRepository\u0420529.inf_amd64_94ad5a6c4d1a04e2\B419765\AMDXN64.DLL [flags=0x0]
4488.f0c: supR3HardenedDllNotificationCallback: Unload 00007ff9b9470000 LB 0x00020000 C:\WINDOWS\System32\DriverStore\FileRepository\u0420529.inf_amd64_94ad5a6c4d1a04e2\B419765\atidx9loader64.dll [flags=0x0]
4488.f0c: supR3HardNtViCallWinVerifyTrustCatFile: hFile=0000000000000c38 pwszName=\Device\HarddiskVolume3\Windows\System32\DataExchange.dll
4488.f0c: supR3HardNtViCallWinVerifyTrustCatFile: Cached context 00000207be1a4f20
4488.f0c: supR3HardNtViCallWinVerifyTrustCatFile: hCatAdmin=00000207be1a4f20
4488.f0c: supR3HardNtViCallWinVerifyTrustCatFile: cbHash=20 wszDigest=70349AD9C65B9001DAAF8B9A50B1045FB11B4E9B
4488.f0c: supR3HardenedMonitor_LdrLoadDll: returns rcNt=0x0 hMod=00007ff9c5b00000 'C:\WINDOWS\system32\rsaenh.dll'
4488.f0c: supR3HardenedMonitor_LdrLoadDll: returns rcNt=0x0 hMod=00007ff9c7050000 'C:\WINDOWS\System32\crypt32.dll'
4488.f0c: supR3HardNtViCallWinVerifyTrustCatFile: WinVerifyTrust => 0x0; cat='C:\WINDOWS\system32\CatRoot\{F750E6C3-38EE-11D1-85E5-00C04FC295EE}\Microsoft-Windows-Client-Desktop-Required-Package051120~31bf3856ad364e35~amd64~~10.0.26100.9444.cat'; file='\Device\HarddiskVolume3\Windows\System32\DataExchange.dll'
4488.f0c: supR3HardNtViCallWinVerifyTrustCatFile -> 0 (org 22900)
4488.f0c: supR3HardenedWinVerifyCacheScheduleImports: Import todo: #28 'msvcp_win.dll'.
4488.f0c: supHardenedWinVerifyImageByHandle: -> 0 (\Device\HarddiskVolume3\Windows\System32\DataExchange.dll) WinVerifyTrust
4488.f0c: supR3HardenedWinVerifyCacheInsert: \Device\HarddiskVolume3\Windows\System32\DataExchange.dll
4488.f0c: supR3HardenedWinVerifyCacheProcessImportTodos: Processing 'msvcp_win.dll'...
4488.f0c: supR3HardenedWinVerifyCacheProcessImportTodos: 'msvcp_win.dll' -> '\Device\HarddiskVolume3\Windows\System32\msvcp_win.dll' [rcNtRedir=0xc0150008]
4488.f0c: supR3HardenedScreenImage/Imports: cache hit (VINF_SUCCESS) on \Device\HarddiskVolume3\Windows\System32\msvcp_win.dll
4488.f0c: supR3HardenedMonitor_LdrLoadDll: pName=C:\WINDOWS\system32\dataexchange.dll (rcNtResolve=0xc0150008) *pfFlags=0x0 pwszSearchPath=0000000000002009:<flags> [calling]
4488.f0c: supR3HardenedScreenImage/NtCreateSection: cache hit (VINF_SUCCESS) on \Device\HarddiskVolume3\Windows\System32\DataExchange.dll
4488.f0c: supR3HardenedDllNotificationCallback: load   00007ff99cda0000 LB 0x0005c000 C:\WINDOWS\system32\dataexchange.dll [fFlags=0x0]
4488.f0c: supR3HardenedScreenImage/LdrLoadDll: cache hit (VINF_SUCCESS) on \Device\HarddiskVolume3\Windows\System32\DataExchange.dll
4488.f0c: supR3HardenedMonitor_LdrLoadDll: returns rcNt=0x0 hMod=00007ff99cda0000 'C:\WINDOWS\system32\dataexchange.dll'
4488.f0c: supR3HardenedWinVerifyCacheScheduleImports: Import todo: #39 'combase.dll'.
4488.f0c: supR3HardenedWinVerifyCacheScheduleImports: Import todo: #41 'msvcp_win.dll'.
4488.f0c: supHardenedWinVerifyImageByHandle: -> 0 (\Device\HarddiskVolume3\Windows\System32\twinapi.appcore.dll)
4488.f0c: supR3HardenedWinVerifyCacheInsert: \Device\HarddiskVolume3\Windows\System32\twinapi.appcore.dll
4488.f0c: supR3HardenedDllNotificationCallback: load   00007ff9bb080000 LB 0x00250000 C:\WINDOWS\system32\twinapi.appcore.dll [fFlags=0x0]
4488.f0c: supR3HardenedScreenImage/LdrLoadDll: cache hit (VINF_SUCCESS) on \Device\HarddiskVolume3\Windows\System32\twinapi.appcore.dll [avoiding WinVerifyTrust]
4488.f0c: supR3HardenedWinVerifyCacheScheduleImports: Import todo: #0 'msvcrt.dll'.
4488.f0c: supR3HardenedWinVerifyCacheScheduleImports: Import todo: #17 'oleaut32.dll'.
4488.f0c: supR3HardenedWinVerifyCacheScheduleImports: Import todo: #18 'rpcrt4.dll'.
4488.f0c: supHardenedWinVerifyImageByHandle: -> 0 (\Device\HarddiskVolume3\Windows\System32\TextInputFramework.dll)
4488.f0c: supR3HardenedWinVerifyCacheInsert: \Device\HarddiskVolume3\Windows\System32\TextInputFramework.dll
4488.f0c: supR3HardenedDllNotificationCallback: load   00007ff9b0840000 LB 0x00142000 C:\WINDOWS\SYSTEM32\textinputframework.dll [fFlags=0x0]
4488.f0c: supR3HardenedScreenImage/LdrLoadDll: cache hit (VINF_SUCCESS) on \Device\HarddiskVolume3\Windows\System32\TextInputFramework.dll [avoiding WinVerifyTrust]
4488.f0c: supR3HardenedWinVerifyCacheScheduleImports: Import todo: #18 'msvcp_win.dll'.
4488.f0c: supHardenedWinVerifyImageByHandle: -> 0 (\Device\HarddiskVolume3\Windows\System32\CoreMessaging.dll)
4488.f0c: supR3HardenedWinVerifyCacheInsert: \Device\HarddiskVolume3\Windows\System32\CoreMessaging.dll
4488.f0c: supR3HardenedDllNotificationCallback: load   00007ff9c3980000 LB 0x0012b000 C:\WINDOWS\SYSTEM32\CoreMessaging.dll [fFlags=0x0]
4488.f0c: supR3HardenedScreenImage/LdrLoadDll: cache hit (VINF_SUCCESS) on \Device\HarddiskVolume3\Windows\System32\CoreMessaging.dll [avoiding WinVerifyTrust]
4488.f0c: supR3HardenedWinVerifyCacheProcessImportTodos: Processing 'msvcp_win.dll'...
4488.f0c: supR3HardenedWinVerifyCacheProcessImportTodos: 'msvcp_win.dll' -> '\Device\HarddiskVolume3\Windows\System32\msvcp_win.dll' [rcNtRedir=0xc0150008]
4488.f0c: supR3HardenedWinVerifyCacheProcessImportTodos: Processing 'rpcrt4.dll'...
4488.f0c: supR3HardenedWinVerifyCacheProcessImportTodos: 'rpcrt4.dll' -> '\Device\HarddiskVolume3\Windows\System32\rpcrt4.dll' [rcNtRedir=0xc0150008]
4488.f0c: supR3HardenedWinVerifyCacheProcessImportTodos: Processing 'oleaut32.dll'...
4488.f0c: supR3HardenedWinVerifyCacheProcessImportTodos: 'oleaut32.dll' -> '\Device\HarddiskVolume3\Windows\System32\oleaut32.dll' [rcNtRedir=0xc0150008]
4488.f0c: supR3HardenedScreenImage/Imports: cache hit (VINF_SUCCESS) on \Device\HarddiskVolume3\Windows\System32\oleaut32.dll
4488.f0c: supR3HardenedWinVerifyCacheProcessImportTodos: Processing 'msvcrt.dll'...
4488.f0c: supR3HardenedWinVerifyCacheProcessImportTodos: 'msvcrt.dll' -> '\Device\HarddiskVolume3\Windows\System32\msvcrt.dll' [rcNtRedir=0xc0150008]
4488.f0c: supR3HardenedWinVerifyCacheProcessImportTodos: Processing 'msvcp_win.dll'...
4488.f0c: supR3HardenedWinVerifyCacheProcessImportTodos: 'msvcp_win.dll' -> '\Device\HarddiskVolume3\Windows\System32\msvcp_win.dll' [rcNtRedir=0xc0150008]
4488.f0c: supR3HardenedWinVerifyCacheProcessImportTodos: Processing 'combase.dll'...
4488.f0c: supR3HardenedWinVerifyCacheProcessImportTodos: 'combase.dll' -> '\Device\HarddiskVolume3\Windows\System32\combase.dll' [rcNtRedir=0xc0150008]
4488.f0c: supR3HardenedScreenImage/Imports: cache hit (VINF_SUCCESS) on \Device\HarddiskVolume3\Windows\System32\combase.dll
4488.f0c: supR3HardenedMonitor_LdrLoadDll: returns rcNt=0x0 hMod=00007ff9c5b00000 'C:\WINDOWS\system32\rsaenh.dll'
4488.f0c: supR3HardenedMonitor_LdrLoadDll: returns rcNt=0x0 hMod=00007ff9c7050000 'C:\WINDOWS\System32\crypt32.dll'
4488.f0c: supR3HardenedWinVerifyCacheProcessWvtTodos: 0 (was 0) fWinVerifyTrust=1 for '\Device\HarddiskVolume3\Windows\System32\CoreMessaging.dll'
4488.f0c: supR3HardenedMonitor_LdrLoadDll: returns rcNt=0x0 hMod=00007ff9c5b00000 'C:\WINDOWS\system32\rsaenh.dll'
4488.f0c: supR3HardenedMonitor_LdrLoadDll: returns rcNt=0x0 hMod=00007ff9c7050000 'C:\WINDOWS\System32\crypt32.dll'
4488.f0c: supR3HardenedWinVerifyCacheProcessWvtTodos: 0 (was 0) fWinVerifyTrust=1 for '\Device\HarddiskVolume3\Windows\System32\TextInputFramework.dll'
4488.f0c: supR3HardenedMonitor_LdrLoadDll: returns rcNt=0x0 hMod=00007ff9c5b00000 'C:\WINDOWS\system32\rsaenh.dll'
4488.f0c: supR3HardenedMonitor_LdrLoadDll: returns rcNt=0x0 hMod=00007ff9c7050000 'C:\WINDOWS\System32\crypt32.dll'
4488.f0c: supR3HardenedWinVerifyCacheProcessWvtTodos: 0 (was 0) fWinVerifyTrust=1 for '\Device\HarddiskVolume3\Windows\System32\twinapi.appcore.dll'
4488.f0c: supR3HardenedIsApiSetDll: ApiSetQueryApiSetPresence(api-ms-win-security-sddl-l1-1-0.dll) -> 0x0, fPresent=1
4488.f0c: supR3HardenedMonitor_LdrLoadDll: pName=api-ms-win-security-sddl-l1-1-0.dll (rcNtResolve=0x0) *pfFlags=0x0 pwszSearchPath=0000000000000001:<flags> [calling]
4488.f0c: supR3HardenedMonitor_LdrLoadDll: returns rcNt=0x0 hMod=00007ff9c9560000 'api-ms-win-security-sddl-l1-1-0.dll'
4488.f0c: supR3HardenedIsApiSetDll: ApiSetQueryApiSetPresence(ext-ms-win-rtcore-ntuser-window-ext-l1-1-0.dll) -> 0x0, fPresent=1
4488.f0c: supR3HardenedMonitor_LdrLoadDll: pName=ext-ms-win-rtcore-ntuser-window-ext-l1-1-0.dll (rcNtResolve=0x0) *pfFlags=0x0 pwszSearchPath=0000000000000001:<flags> [calling]
4488.f0c: supR3HardenedMonitor_LdrLoadDll: returns rcNt=0x0 hMod=00007ff9c9610000 'ext-ms-win-rtcore-ntuser-window-ext-l1-1-0.dll'
4488.f0c: supR3HardenedIsApiSetDll: ApiSetQueryApiSetPresence(ext-ms-win-rtcore-ntuser-integration-l1-1-0.dll) -> 0x0, fPresent=1
4488.f0c: supR3HardenedMonitor_LdrLoadDll: pName=ext-ms-win-rtcore-ntuser-integration-l1-1-0.dll (rcNtResolve=0x0) *pfFlags=0x0 pwszSearchPath=0000000000000001:<flags> [calling]
4488.f0c: supR3HardenedMonitor_LdrLoadDll: returns rcNt=0x0 hMod=00007ff9c9610000 'ext-ms-win-rtcore-ntuser-integration-l1-1-0.dll'
4488.f0c: supR3HardenedWinVerifyCacheScheduleImports: Import todo: #0 'msvcrt.dll'.
4488.f0c: supR3HardenedWinVerifyCacheScheduleImports: Import todo: #33 'coremessaging.dll'.
4488.f0c: supHardenedWinVerifyImageByHandle: -> 0 (\Device\HarddiskVolume3\Windows\System32\CoreUIComponents.dll)
4488.f0c: supR3HardenedWinVerifyCacheInsert: \Device\HarddiskVolume3\Windows\System32\CoreUIComponents.dll
4488.f0c: supR3HardenedWinVerifyCacheScheduleImports: Import todo: #3 'combase.dll'.
4488.f0c: supHardenedWinVerifyImageByHandle: -> 0 (\Device\HarddiskVolume3\Windows\System32\WinTypes.dll)
4488.f0c: supR3HardenedWinVerifyCacheInsert: \Device\HarddiskVolume3\Windows\System32\WinTypes.dll
4488.f0c: supR3HardenedDllNotificationCallback: load   00007ff9c10b0000 LB 0x0016a000 C:\WINDOWS\SYSTEM32\wintypes.dll [fFlags=0x0]
4488.f0c: supR3HardenedScreenImage/LdrLoadDll: cache hit (VINF_SUCCESS) on \Device\HarddiskVolume3\Windows\System32\WinTypes.dll [avoiding WinVerifyTrust]
4488.f0c: supR3HardenedDllNotificationCallback: load   00007ff9c07c0000 LB 0x002e4000 C:\WINDOWS\SYSTEM32\CoreUIComponents.dll [fFlags=0x0]
4488.f0c: supR3HardenedScreenImage/LdrLoadDll: cache hit (VINF_SUCCESS) on \Device\HarddiskVolume3\Windows\System32\CoreUIComponents.dll [avoiding WinVerifyTrust]
4488.f0c: supR3HardenedWinVerifyCacheProcessImportTodos: Processing 'combase.dll'...
4488.f0c: supR3HardenedWinVerifyCacheProcessImportTodos: 'combase.dll' -> '\Device\HarddiskVolume3\Windows\System32\combase.dll' [rcNtRedir=0xc0150008]
4488.f0c: supR3HardenedScreenImage/Imports: cache hit (VINF_SUCCESS) on \Device\HarddiskVolume3\Windows\System32\combase.dll
4488.f0c: supR3HardenedWinVerifyCacheProcessImportTodos: Processing 'coremessaging.dll'...
4488.f0c: supR3HardenedWinVerifyCacheProcessImportTodos: 'coremessaging.dll' -> '\Device\HarddiskVolume3\Windows\System32\coremessaging.dll' [rcNtRedir=0xc0150008]
4488.f0c: supR3HardenedScreenImage/Imports: cache hit (VINF_SUCCESS) on \Device\HarddiskVolume3\Windows\System32\CoreMessaging.dll
4488.f0c: supR3HardenedWinVerifyCacheProcessImportTodos: Processing 'msvcrt.dll'...
4488.f0c: supR3HardenedWinVerifyCacheProcessImportTodos: 'msvcrt.dll' -> '\Device\HarddiskVolume3\Windows\System32\msvcrt.dll' [rcNtRedir=0xc0150008]
4488.f0c: supR3HardenedMonitor_LdrLoadDll: returns rcNt=0x0 hMod=00007ff9c5b00000 'C:\WINDOWS\system32\rsaenh.dll'
4488.f0c: supR3HardenedMonitor_LdrLoadDll: returns rcNt=0x0 hMod=00007ff9c7050000 'C:\WINDOWS\System32\crypt32.dll'
4488.f0c: supR3HardenedWinVerifyCacheProcessWvtTodos: 0 (was 0) fWinVerifyTrust=1 for '\Device\HarddiskVolume3\Windows\System32\WinTypes.dll'
4488.f0c: supR3HardenedMonitor_LdrLoadDll: returns rcNt=0x0 hMod=00007ff9c5b00000 'C:\WINDOWS\system32\rsaenh.dll'
4488.f0c: supR3HardenedMonitor_LdrLoadDll: returns rcNt=0x0 hMod=00007ff9c7050000 'C:\WINDOWS\System32\crypt32.dll'
4488.f0c: supR3HardenedWinVerifyCacheProcessWvtTodos: 0 (was 0) fWinVerifyTrust=1 for '\Device\HarddiskVolume3\Windows\System32\CoreUIComponents.dll'
4488.f0c: supR3HardenedMonitor_LdrLoadDll: returns rcNt=0x0 hMod=00007ff9c93b0000 'C:\WINDOWS\System32\RPCRT4.dll'
4488.f0c: supR3HardenedIsApiSetDll: ApiSetQueryApiSetPresence(api-ms-win-security-systemfunctions-l1-1-0) -> 0x0, fPresent=1
4488.f0c: supR3HardenedMonitor_LdrLoadDll: pName=api-ms-win-security-systemfunctions-l1-1-0 (rcNtResolve=0x0) *pfFlags=0x0 pwszSearchPath=0000000000000801:<flags> [calling]
4488.f0c: supR3HardenedMonitor_LdrLoadDll: returns rcNt=0x0 hMod=00007ff9c9a00000 'api-ms-win-security-systemfunctions-l1-1-0'
4488.f0c: supR3HardenedScreenImage/LdrLoadDll: cache hit (VINF_SUCCESS) on \Device\HarddiskVolume3\Windows\System32\msctf.dll
4488.f0c: supR3HardenedMonitor_LdrLoadDll: pName=C:\WINDOWS\System32\MSCTF.dll (rcNtResolve=0xc0150008) *pfFlags=0x0 pwszSearchPath=0000000000000009:<flags> [calling]
4488.f0c: supR3HardenedMonitor_LdrLoadDll: returns rcNt=0x0 hMod=00007ff9c8db0000 'C:\WINDOWS\System32\MSCTF.dll'
4488.f0c: supR3HardenedMonitor_LdrLoadDll: returns rcNt=0x0 hMod=00007ff9c9a00000 'C:\WINDOWS\System32\ADVAPI32.dll'
4488.f0c: supR3HardenedMonitor_LdrLoadDll: returns rcNt=0x0 hMod=00007ff9c9110000 'C:\WINDOWS\System32\ole32.dll'
4488.f0c: supR3HardenedScreenImage/LdrLoadDll: cache hit (VINF_SUCCESS) on \Device\HarddiskVolume3\Windows\System32\oleaut32.dll
4488.f0c: supR3HardenedMonitor_LdrLoadDll: pName=C:\WINDOWS\System32\OLEAUT32.dll (Input=OLEAUT32.dll, rcNtResolve=0xc0150008) *pfFlags=0x0 pwszSearchPath=0000000000000001:<flags> [calling]
4488.f0c: supR3HardenedMonitor_LdrLoadDll: returns rcNt=0x0 hMod=00007ff9c8fc0000 'C:\WINDOWS\System32\OLEAUT32.dll'
4488.f0c: supR3HardNtViCallWinVerifyTrustCatFile: hFile=0000000000000d58 pwszName=\Device\HarddiskVolume3\Windows\System32\wbem\wbemprox.dll
4488.f0c: supR3HardNtViCallWinVerifyTrustCatFile: Cached context 00000207be1a4f20
4488.f0c: supR3HardNtViCallWinVerifyTrustCatFile: hCatAdmin=00000207be1a4f20
4488.f0c: supR3HardNtViCallWinVerifyTrustCatFile: cbHash=20 wszDigest=423FCDA91A3AC422A9C15CE34E2EA9B40216236E
4488.f0c: supR3HardenedMonitor_LdrLoadDll: returns rcNt=0x0 hMod=00007ff9c5b00000 'C:\WINDOWS\system32\rsaenh.dll'
4488.f0c: supR3HardenedMonitor_LdrLoadDll: returns rcNt=0x0 hMod=00007ff9c7050000 'C:\WINDOWS\System32\crypt32.dll'
4488.f0c: supR3HardNtViCallWinVerifyTrustCatFile: WinVerifyTrust => 0x0; cat='C:\WINDOWS\system32\CatRoot\{F750E6C3-38EE-11D1-85E5-00C04FC295EE}\Microsoft-Windows-Client-Desktop-Required-Package0112~31bf3856ad364e35~amd64~~10.0.26100.9445.cat'; file='\Device\HarddiskVolume3\Windows\System32\wbem\wbemprox.dll'
4488.f0c: supR3HardNtViCallWinVerifyTrustCatFile -> 0 (org 22900)
4488.f0c: supR3HardenedWinVerifyCacheScheduleImports: Import todo: #0 'msvcrt.dll'.
4488.f0c: supR3HardenedWinVerifyCacheScheduleImports: Import todo: #16 'wbemcomn.dll'.
4488.f0c: supHardenedWinVerifyImageByHandle: -> 0 (\Device\HarddiskVolume3\Windows\System32\wbem\wbemprox.dll) WinVerifyTrust
4488.f0c: supR3HardenedWinVerifyCacheInsert: \Device\HarddiskVolume3\Windows\System32\wbem\wbemprox.dll
4488.f0c: supR3HardenedWinVerifyCacheProcessImportTodos: Processing 'wbemcomn.dll'...
4488.f0c: supR3HardenedWinVerifyCacheProcessImportTodos: 'wbemcomn.dll' -> '\Device\HarddiskVolume3\Windows\System32\wbemcomn.dll' [rcNtRedir=0xc0150008]
4488.f0c: supR3HardNtViCallWinVerifyTrustCatFile: hFile=0000000000000d7c pwszName=\Device\HarddiskVolume3\Windows\System32\wbemcomn.dll
4488.f0c: supR3HardNtViCallWinVerifyTrustCatFile: Cached context 00000207be1a4f20
4488.f0c: supR3HardNtViCallWinVerifyTrustCatFile: hCatAdmin=00000207be1a4f20
4488.f0c: supR3HardNtViCallWinVerifyTrustCatFile: cbHash=20 wszDigest=C99010447EBD6E4E146E224DEB9B34693D817638
4488.f0c: supR3HardenedMonitor_LdrLoadDll: returns rcNt=0x0 hMod=00007ff9c5b00000 'C:\WINDOWS\system32\rsaenh.dll'
4488.f0c: supR3HardenedMonitor_LdrLoadDll: returns rcNt=0x0 hMod=00007ff9c7050000 'C:\WINDOWS\System32\crypt32.dll'
4488.f0c: supR3HardNtViCallWinVerifyTrustCatFile: WinVerifyTrust => 0x0; cat='C:\WINDOWS\system32\CatRoot\{F750E6C3-38EE-11D1-85E5-00C04FC295EE}\Microsoft-Windows-Client-Desktop-Required-Package0112~31bf3856ad364e35~amd64~~10.0.26100.9445.cat'; file='\Device\HarddiskVolume3\Windows\System32\wbemcomn.dll'
4488.f0c: supR3HardNtViCallWinVerifyTrustCatFile -> 0 (org 22900)
4488.f0c: supR3HardenedWinVerifyCacheScheduleImports: Import todo: #0 'msvcrt.dll'.
4488.f0c: supHardenedWinVerifyImageByHandle: -> 0 (\Device\HarddiskVolume3\Windows\System32\wbemcomn.dll) WinVerifyTrust
4488.f0c: supR3HardenedWinVerifyCacheInsert: \Device\HarddiskVolume3\Windows\System32\wbemcomn.dll
4488.f0c: supR3HardenedWinVerifyCacheProcessImportTodos: Processing 'msvcrt.dll'...
4488.f0c: supR3HardenedWinVerifyCacheProcessImportTodos: 'msvcrt.dll' -> '\Device\HarddiskVolume3\Windows\System32\msvcrt.dll' [rcNtRedir=0xc0150008]
4488.f0c: supR3HardenedScreenImage/Imports: cache hit (VINF_SUCCESS) on \Device\HarddiskVolume3\Windows\System32\msvcrt.dll
4488.f0c: supR3HardenedWinVerifyCacheProcessImportTodos: Processing 'msvcrt.dll'...
4488.f0c: supR3HardenedWinVerifyCacheProcessImportTodos: 'msvcrt.dll' -> '\Device\HarddiskVolume3\Windows\System32\msvcrt.dll' [rcNtRedir=0xc0150008]
4488.f0c: supR3HardenedMonitor_LdrLoadDll: pName=C:\WINDOWS\system32\wbem\wbemprox.dll (rcNtResolve=0xc0150008) *pfFlags=0x0 pwszSearchPath=0000000000002009:<flags> [calling]
4488.f0c: supR3HardenedScreenImage/NtCreateSection: cache hit (VINF_SUCCESS) on \Device\HarddiskVolume3\Windows\System32\wbem\wbemprox.dll
4488.f0c: supR3HardenedScreenImage/NtCreateSection: cache hit (VINF_SUCCESS) on \Device\HarddiskVolume3\Windows\System32\wbemcomn.dll
4488.f0c: supR3HardenedDllNotificationCallback: load   00007ff9b3910000 LB 0x0007a000 C:\WINDOWS\SYSTEM32\wbemcomn.dll [fFlags=0x0]
4488.f0c: supR3HardenedScreenImage/LdrLoadDll: cache hit (VINF_SUCCESS) on \Device\HarddiskVolume3\Windows\System32\wbemcomn.dll
4488.f0c: supR3HardenedDllNotificationCallback: load   00007ff9af090000 LB 0x00012000 C:\WINDOWS\system32\wbem\wbemprox.dll [fFlags=0x0]
4488.f0c: supR3HardenedScreenImage/LdrLoadDll: cache hit (VINF_SUCCESS) on \Device\HarddiskVolume3\Windows\System32\wbem\wbemprox.dll
4488.f0c: supR3HardenedIsApiSetDll: ApiSetQueryApiSetPresence(API-MS-Win-Core-LocalRegistry-L1-1-0.dll) -> 0x0, fPresent=1
4488.f0c: supR3HardenedMonitor_LdrLoadDll: pName=API-MS-Win-Core-LocalRegistry-L1-1-0.dll (rcNtResolve=0x0) *pfFlags=0x0 pwszSearchPath=0000000000000009:<flags> [calling]
4488.f0c: supR3HardenedMonitor_LdrLoadDll: returns rcNt=0x0 hMod=00007ff9c72a0000 'API-MS-Win-Core-LocalRegistry-L1-1-0.dll'
4488.f0c: supR3HardenedMonitor_LdrLoadDll: returns rcNt=0x0 hMod=00007ff9af090000 'C:\WINDOWS\system32\wbem\wbemprox.dll'
4488.f0c: supR3HardNtViCallWinVerifyTrustCatFile: hFile=0000000000000dcc pwszName=\Device\HarddiskVolume3\Windows\System32\wbem\wbemsvc.dll
4488.f0c: supR3HardNtViCallWinVerifyTrustCatFile: Cached context 00000207be1a4f20
4488.f0c: supR3HardNtViCallWinVerifyTrustCatFile: hCatAdmin=00000207be1a4f20
4488.f0c: supR3HardNtViCallWinVerifyTrustCatFile: cbHash=20 wszDigest=F93F5937C05664ECF822051DDC4AAEB05120A05B
4488.f0c: supR3HardenedMonitor_LdrLoadDll: returns rcNt=0x0 hMod=00007ff9c5b00000 'C:\WINDOWS\system32\rsaenh.dll'
4488.f0c: supR3HardenedMonitor_LdrLoadDll: returns rcNt=0x0 hMod=00007ff9c7050000 'C:\WINDOWS\System32\crypt32.dll'
4488.f0c: supR3HardNtViCallWinVerifyTrustCatFile: WinVerifyTrust => 0x0; cat='C:\WINDOWS\system32\CatRoot\{F750E6C3-38EE-11D1-85E5-00C04FC295EE}\Microsoft-Windows-Client-Desktop-Required-Package0112~31bf3856ad364e35~amd64~~10.0.26100.9445.cat'; file='\Device\HarddiskVolume3\Windows\System32\wbem\wbemsvc.dll'
4488.f0c: supR3HardNtViCallWinVerifyTrustCatFile -> 0 (org 22900)
4488.f0c: supR3HardenedWinVerifyCacheScheduleImports: Import todo: #0 'msvcrt.dll'.
4488.f0c: supR3HardenedWinVerifyCacheScheduleImports: Import todo: #1 'rpcrt4.dll'.
4488.f0c: supHardenedWinVerifyImageByHandle: -> 0 (\Device\HarddiskVolume3\Windows\System32\wbem\wbemsvc.dll) WinVerifyTrust
4488.f0c: supR3HardenedWinVerifyCacheInsert: \Device\HarddiskVolume3\Windows\System32\wbem\wbemsvc.dll
4488.f0c: supR3HardenedWinVerifyCacheProcessImportTodos: Processing 'rpcrt4.dll'...
4488.f0c: supR3HardenedWinVerifyCacheProcessImportTodos: 'rpcrt4.dll' -> '\Device\HarddiskVolume3\Windows\System32\rpcrt4.dll' [rcNtRedir=0xc0150008]
4488.f0c: supR3HardenedWinVerifyCacheProcessImportTodos: Processing 'msvcrt.dll'...
4488.f0c: supR3HardenedWinVerifyCacheProcessImportTodos: 'msvcrt.dll' -> '\Device\HarddiskVolume3\Windows\System32\msvcrt.dll' [rcNtRedir=0xc0150008]
4488.f0c: supR3HardenedMonitor_LdrLoadDll: pName=C:\WINDOWS\system32\wbem\wbemsvc.dll (rcNtResolve=0xc0150008) *pfFlags=0x0 pwszSearchPath=0000000000002009:<flags> [calling]
4488.f0c: supR3HardenedScreenImage/NtCreateSection: cache hit (VINF_SUCCESS) on \Device\HarddiskVolume3\Windows\System32\wbem\wbemsvc.dll
4488.f0c: supR3HardenedDllNotificationCallback: load   00007ff9adce0000 LB 0x00015000 C:\WINDOWS\system32\wbem\wbemsvc.dll [fFlags=0x0]
4488.f0c: supR3HardenedScreenImage/LdrLoadDll: cache hit (VINF_SUCCESS) on \Device\HarddiskVolume3\Windows\System32\wbem\wbemsvc.dll
4488.f0c: supR3HardenedMonitor_LdrLoadDll: returns rcNt=0x0 hMod=00007ff9adce0000 'C:\WINDOWS\system32\wbem\wbemsvc.dll'
4488.f0c: supR3HardenedIsApiSetDll: ApiSetQueryApiSetPresence(api-ms-win-core-localization-l1-2-0.dll) -> 0x0, fPresent=1
4488.f0c: supR3HardenedMonitor_LdrLoadDll: pName=api-ms-win-core-localization-l1-2-0.dll (rcNtResolve=0x0) *pfFlags=0x0 pwszSearchPath=0000000000000009:<flags> [calling]
4488.f0c: supR3HardenedMonitor_LdrLoadDll: returns rcNt=0x0 hMod=00007ff9c72a0000 'api-ms-win-core-localization-l1-2-0.dll'
4488.f0c: supR3HardenedIsApiSetDll: ApiSetQueryApiSetPresence(api-ms-win-core-localization-obsolete-l1-1-0.dll) -> 0x0, fPresent=1
4488.f0c: supR3HardenedMonitor_LdrLoadDll: pName=api-ms-win-core-localization-obsolete-l1-1-0.dll (rcNtResolve=0x0) *pfFlags=0x0 pwszSearchPath=0000000000000009:<flags> [calling]
4488.f0c: supR3HardenedMonitor_LdrLoadDll: returns rcNt=0x0 hMod=00007ff9c72a0000 'api-ms-win-core-localization-obsolete-l1-1-0.dll'
4488.f0c: supR3HardNtViCallWinVerifyTrustCatFile: hFile=0000000000000d90 pwszName=\Device\HarddiskVolume3\Windows\System32\wbem\fastprox.dll
4488.f0c: supR3HardNtViCallWinVerifyTrustCatFile: Cached context 00000207be1a4f20
4488.f0c: supR3HardNtViCallWinVerifyTrustCatFile: hCatAdmin=00000207be1a4f20
4488.f0c: supR3HardNtViCallWinVerifyTrustCatFile: cbHash=20 wszDigest=C7CEFDC1BF9B13FE8C7F4A0AAC703EC6150B9D11
4488.f0c: supR3HardenedMonitor_LdrLoadDll: returns rcNt=0x0 hMod=00007ff9c5b00000 'C:\WINDOWS\system32\rsaenh.dll'
4488.f0c: supR3HardenedMonitor_LdrLoadDll: returns rcNt=0x0 hMod=00007ff9c7050000 'C:\WINDOWS\System32\crypt32.dll'
4488.f0c: supR3HardNtViCallWinVerifyTrustCatFile: WinVerifyTrust => 0x0; cat='C:\WINDOWS\system32\CatRoot\{F750E6C3-38EE-11D1-85E5-00C04FC295EE}\Microsoft-Windows-Client-Desktop-Required-Package0112~31bf3856ad364e35~amd64~~10.0.26100.9445.cat'; file='\Device\HarddiskVolume3\Windows\System32\wbem\fastprox.dll'
4488.f0c: supR3HardNtViCallWinVerifyTrustCatFile -> 0 (org 22900)
4488.f0c: supR3HardenedWinVerifyCacheScheduleImports: Import todo: #0 'msvcrt.dll'.
4488.f0c: supR3HardenedWinVerifyCacheScheduleImports: Import todo: #20 'wbemcomn.dll'.
4488.f0c: supHardenedWinVerifyImageByHandle: -> 0 (\Device\HarddiskVolume3\Windows\System32\wbem\fastprox.dll) WinVerifyTrust
4488.f0c: supR3HardenedWinVerifyCacheInsert: \Device\HarddiskVolume3\Windows\System32\wbem\fastprox.dll
4488.f0c: supR3HardenedWinVerifyCacheProcessImportTodos: Processing 'wbemcomn.dll'...
4488.f0c: supR3HardenedWinVerifyCacheProcessImportTodos: 'wbemcomn.dll' -> '\Device\HarddiskVolume3\Windows\System32\wbemcomn.dll' [rcNtRedir=0xc0150008]
4488.f0c: supR3HardenedScreenImage/Imports: cache hit (VINF_SUCCESS) on \Device\HarddiskVolume3\Windows\System32\wbemcomn.dll
4488.f0c: supR3HardenedWinVerifyCacheProcessImportTodos: Processing 'msvcrt.dll'...
4488.f0c: supR3HardenedWinVerifyCacheProcessImportTodos: 'msvcrt.dll' -> '\Device\HarddiskVolume3\Windows\System32\msvcrt.dll' [rcNtRedir=0xc0150008]
4488.f0c: supR3HardenedMonitor_LdrLoadDll: pName=C:\WINDOWS\system32\wbem\fastprox.dll (rcNtResolve=0xc0150008) *pfFlags=0x0 pwszSearchPath=0000000000002009:<flags> [calling]
4488.f0c: supR3HardenedScreenImage/NtCreateSection: cache hit (VINF_SUCCESS) on \Device\HarddiskVolume3\Windows\System32\wbem\fastprox.dll
4488.f0c: supR3HardenedDllNotificationCallback: load   00007ff9ae050000 LB 0x000f5000 C:\WINDOWS\system32\wbem\fastprox.dll [fFlags=0x0]
4488.f0c: supR3HardenedScreenImage/LdrLoadDll: cache hit (VINF_SUCCESS) on \Device\HarddiskVolume3\Windows\System32\wbem\fastprox.dll
4488.f0c: supR3HardenedMonitor_LdrLoadDll: returns rcNt=0x0 hMod=00007ff9ae050000 'C:\WINDOWS\system32\wbem\fastprox.dll'
4488.f0c: supR3HardNtViCallWinVerifyTrustCatFile: hFile=0000000000000d94 pwszName=\Device\HarddiskVolume3\Windows\System32\amsi.dll
4488.f0c: supR3HardNtViCallWinVerifyTrustCatFile: Cached context 00000207be1a4f20
4488.f0c: supR3HardNtViCallWinVerifyTrustCatFile: hCatAdmin=00000207be1a4f20
4488.f0c: supR3HardNtViCallWinVerifyTrustCatFile: cbHash=20 wszDigest=184D676080373693A88754BAB4C700D01D774483
4488.f0c: supR3HardenedMonitor_LdrLoadDll: returns rcNt=0x0 hMod=00007ff9c5b00000 'C:\WINDOWS\system32\rsaenh.dll'
4488.f0c: supR3HardenedMonitor_LdrLoadDll: returns rcNt=0x0 hMod=00007ff9c7050000 'C:\WINDOWS\System32\crypt32.dll'
4488.f0c: supR3HardNtViCallWinVerifyTrustCatFile: WinVerifyTrust => 0x0; cat='C:\WINDOWS\system32\CatRoot\{F750E6C3-38EE-11D1-85E5-00C04FC295EE}\Microsoft-Windows-Client-Desktop-Required-Package04~31bf3856ad364e35~amd64~~10.0.26100.9457.cat'; file='\Device\HarddiskVolume3\Windows\System32\amsi.dll'
4488.f0c: supR3HardNtViCallWinVerifyTrustCatFile -> 0 (org 22900)
4488.f0c: supR3HardenedWinVerifyCacheScheduleImports: Import todo: #0 'msvcrt.dll'.
4488.f0c: supR3HardenedWinVerifyCacheScheduleImports: Import todo: #15 'rpcrt4.dll'.
4488.f0c: supHardenedWinVerifyImageByHandle: -> 0 (\Device\HarddiskVolume3\Windows\System32\amsi.dll) WinVerifyTrust
4488.f0c: supR3HardenedWinVerifyCacheInsert: \Device\HarddiskVolume3\Windows\System32\amsi.dll
4488.f0c: supR3HardenedWinVerifyCacheProcessImportTodos: Processing 'rpcrt4.dll'...
4488.f0c: supR3HardenedWinVerifyCacheProcessImportTodos: 'rpcrt4.dll' -> '\Device\HarddiskVolume3\Windows\System32\rpcrt4.dll' [rcNtRedir=0xc0150008]
4488.f0c: supR3HardenedWinVerifyCacheProcessImportTodos: Processing 'msvcrt.dll'...
4488.f0c: supR3HardenedWinVerifyCacheProcessImportTodos: 'msvcrt.dll' -> '\Device\HarddiskVolume3\Windows\System32\msvcrt.dll' [rcNtRedir=0xc0150008]
4488.f0c: supR3HardenedMonitor_LdrLoadDll: pName=C:\WINDOWS\System32\amsi.dll (Input=amsi.dll, rcNtResolve=0xc0150008) *pfFlags=0x0 pwszSearchPath=0000000000000801:<flags> [calling]
4488.f0c: supR3HardenedScreenImage/NtCreateSection: cache hit (VINF_SUCCESS) on \Device\HarddiskVolume3\Windows\System32\amsi.dll
4488.f0c: supR3HardenedDllNotificationCallback: load   00007ff9ad540000 LB 0x0001d000 C:\WINDOWS\System32\amsi.dll [fFlags=0x0]
4488.f0c: supR3HardenedScreenImage/LdrLoadDll: cache hit (VINF_SUCCESS) on \Device\HarddiskVolume3\Windows\System32\amsi.dll
4488.f0c: supR3HardenedMonitor_LdrLoadDll: returns rcNt=0x0 hMod=00007ff9ad540000 'C:\WINDOWS\System32\amsi.dll'
4488.f0c: supR3HardenedMonitor_LdrLoadDll: returns rcNt=0x0 hMod=00007ff9c5b00000 'C:\WINDOWS\system32\rsaenh.dll'
4488.f0c: supR3HardenedMonitor_LdrLoadDll: returns rcNt=0x0 hMod=00007ff9c7050000 'C:\WINDOWS\System32\crypt32.dll'
4488.f0c: supR3HardenedWinVerifyCacheScheduleImports: Import todo: #2 'advapi32.dll'.
4488.f0c: supR3HardenedWinVerifyCacheScheduleImports: Import todo: #3 'oleaut32.dll'.
4488.f0c: supR3HardenedWinVerifyCacheScheduleImports: Import todo: #4 'ole32.dll'.
4488.f0c: supHardenedWinVerifyImageByHandle: -> 0 (\Device\HarddiskVolume3\ProgramData\Microsoft\Windows Defender\Platform\4.18.26080.4-0\MpOAV.dll) WinVerifyTrust
4488.f0c: supR3HardenedWinVerifyCacheInsert: \Device\HarddiskVolume3\ProgramData\Microsoft\Windows Defender\Platform\4.18.26080.4-0\MpOAV.dll
4488.f0c: supR3HardenedWinVerifyCacheProcessImportTodos: Processing 'ole32.dll'...
4488.f0c: supR3HardenedWinVerifyCacheProcessImportTodos: 'ole32.dll' -> '\Device\HarddiskVolume3\Windows\System32\ole32.dll' [rcNtRedir=0xc0150008]
4488.f0c: supR3HardenedWinVerifyCacheProcessImportTodos: Processing 'oleaut32.dll'...
4488.f0c: supR3HardenedWinVerifyCacheProcessImportTodos: 'oleaut32.dll' -> '\Device\HarddiskVolume3\Windows\System32\oleaut32.dll' [rcNtRedir=0xc0150008]
4488.f0c: supR3HardenedWinVerifyCacheProcessImportTodos: Processing 'advapi32.dll'...
4488.f0c: supR3HardenedWinVerifyCacheProcessImportTodos: 'advapi32.dll' -> '\Device\HarddiskVolume3\Windows\System32\advapi32.dll' [rcNtRedir=0xc0150008]
4488.f0c: supR3HardenedMonitor_LdrLoadDll: pName=C:\ProgramData\Microsoft\Windows Defender\Platform\4.18.26080.4-0\MpOav.dll (rcNtResolve=0xc0150008) *pfFlags=0x0 pwszSearchPath=0000000000000001:<flags> [calling]
4488.f0c: supR3HardenedScreenImage/NtCreateSection: cache hit (VINF_SUCCESS) on \Device\HarddiskVolume3\ProgramData\Microsoft\Windows Defender\Platform\4.18.26080.4-0\MpOAV.dll
4488.f0c: supR3HardenedDllNotificationCallback: load   00007ff9ad140000 LB 0x000a4000 C:\ProgramData\Microsoft\Windows Defender\Platform\4.18.26080.4-0\MpOav.dll [fFlags=0x0]
4488.f0c: supR3HardenedScreenImage/LdrLoadDll: cache hit (VINF_SUCCESS) on \Device\HarddiskVolume3\ProgramData\Microsoft\Windows Defender\Platform\4.18.26080.4-0\MpOAV.dll
4488.f0c: supR3HardenedIsApiSetDll: ApiSetQueryApiSetPresence(api-ms-win-core-synch-l1-2-0) -> 0x0, fPresent=1
4488.f0c: supR3HardenedMonitor_LdrLoadDll: pName=api-ms-win-core-synch-l1-2-0 (rcNtResolve=0x0) *pfFlags=0x0 pwszSearchPath=0000000000000801:<flags> [calling]
4488.f0c: supR3HardenedMonitor_LdrLoadDll: returns rcNt=0x0 hMod=00007ff9c72a0000 'api-ms-win-core-synch-l1-2-0'
4488.f0c: supR3HardenedIsApiSetDll: ApiSetQueryApiSetPresence(api-ms-win-core-fibers-l1-1-1) -> 0x0, fPresent=1
4488.f0c: supR3HardenedMonitor_LdrLoadDll: pName=api-ms-win-core-fibers-l1-1-1 (rcNtResolve=0x0) *pfFlags=0x0 pwszSearchPath=0000000000000801:<flags> [calling]
4488.f0c: supR3HardenedMonitor_LdrLoadDll: returns rcNt=0x0 hMod=00007ff9c72a0000 'api-ms-win-core-fibers-l1-1-1'
4488.f0c: supR3HardenedIsApiSetDll: ApiSetQueryApiSetPresence(api-ms-win-core-fibers-l1-1-2) -> 0x0, fPresent=1
4488.f0c: supR3HardenedMonitor_LdrLoadDll: pName=api-ms-win-core-fibers-l1-1-2 (rcNtResolve=0x0) *pfFlags=0x0 pwszSearchPath=0000000000000801:<flags> [calling]
4488.f0c: supR3HardenedMonitor_LdrLoadDll: returns rcNt=0x0 hMod=00007ff9c72a0000 'api-ms-win-core-fibers-l1-1-2'
4488.f0c: supR3HardenedScreenImage/LdrLoadDll: cache hit (VINF_SUCCESS) on \Device\HarddiskVolume3\Windows\System32\kernel32.dll
4488.f0c: supR3HardenedMonitor_LdrLoadDll: pName=C:\WINDOWS\System32\kernel32.dll (Input=kernel32, rcNtResolve=0xc0150008) *pfFlags=0x0 pwszSearchPath=0000000000000801:<flags> [calling]
4488.f0c: supR3HardenedMonitor_LdrLoadDll: returns rcNt=0x0 hMod=00007ff9c7a20000 'C:\WINDOWS\System32\kernel32.dll'
4488.f0c: supR3HardenedScreenImage/LdrLoadDll: cache hit (VINF_SUCCESS) on \Device\HarddiskVolume3\Windows\System32\version.dll
4488.f0c: supR3HardenedMonitor_LdrLoadDll: pName=C:\WINDOWS\system32\version.dll (rcNtResolve=0xc0150008) *pfFlags=0x0 pwszSearchPath=0000000000000009:<flags> [calling]
4488.f0c: supR3HardenedMonitor_LdrLoadDll: returns rcNt=0x0 hMod=00007ff9bc420000 'C:\WINDOWS\system32\version.dll'
4488.f0c: supR3HardenedMonitor_LdrLoadDll: returns rcNt=0x0 hMod=00007ff9ad140000 'C:\ProgramData\Microsoft\Windows Defender\Platform\4.18.26080.4-0\MpOav.dll'
4488.f0c: \Device\HarddiskVolume3\Program Files (x86)\Kaspersky Lab\Kaspersky 21.26\x64\com_antivirus.dll: Signature #2/3: VERR_CR_X509_CPV_NO_TRUSTED_PATHS (-23021) w/ timestamp=0x870ed165/link.
4488.f0c: supR3HardenedMonitor_LdrLoadDll: returns rcNt=0x0 hMod=00007ff9c5b00000 'C:\WINDOWS\system32\rsaenh.dll'
4488.f0c: supR3HardenedMonitor_LdrLoadDll: returns rcNt=0x0 hMod=00007ff9c7050000 'C:\WINDOWS\System32\crypt32.dll'
4488.f0c: supR3HardenedWinVerifyCacheScheduleImports: Import todo: #0 'crypt32.dll'.
4488.f0c: supR3HardenedWinVerifyCacheScheduleImports: Import todo: #2 'advapi32.dll'.
4488.f0c: supR3HardenedWinVerifyCacheScheduleImports: Import todo: #3 'ole32.dll'.
4488.f0c: supR3HardenedWinVerifyCacheScheduleImports: Import todo: #4 'oleaut32.dll'.
4488.f0c: supR3HardenedWinVerifyCacheScheduleImports: Import todo: #5 'ws2_32.dll'.
4488.f0c: supR3HardenedWinVerifyCacheScheduleImports: Import todo: #6 'rpcrt4.dll'.
4488.f0c: supR3HardenedWinVerifyCacheScheduleImports: Import todo: #7 'secur32.dll'.
4488.f0c: supR3HardenedWinVerifyCacheScheduleImports: Import todo: #8 'userenv.dll'.
4488.f0c: supR3HardenedWinVerifyCacheScheduleImports: Import todo: #9 'version.dll'.
4488.f0c: supHardenedWinVerifyImageByHandle: -> 0 (\Device\HarddiskVolume3\Program Files (x86)\Kaspersky Lab\Kaspersky 21.26\x64\com_antivirus.dll) WinVerifyTrust
4488.f0c: supR3HardenedWinVerifyCacheInsert: \Device\HarddiskVolume3\Program Files (x86)\Kaspersky Lab\Kaspersky 21.26\x64\com_antivirus.dll
4488.f0c: supR3HardenedWinVerifyCacheProcessImportTodos: Processing 'version.dll'...
4488.f0c: supR3HardenedWinVerifyCacheProcessImportTodos: 'version.dll' -> '\Device\HarddiskVolume3\Windows\System32\version.dll' [rcNtRedir=0xc0150008]
4488.f0c: supR3HardenedScreenImage/Imports: cache hit (VINF_SUCCESS) on \Device\HarddiskVolume3\Windows\System32\version.dll
4488.f0c: supR3HardenedWinVerifyCacheProcessImportTodos: Processing 'userenv.dll'...
4488.f0c: supR3HardenedWinVerifyCacheProcessImportTodos: 'userenv.dll' -> '\Device\HarddiskVolume3\Windows\System32\userenv.dll' [rcNtRedir=0xc0150008]
4488.f0c: supR3HardenedScreenImage/Imports: cache hit (VINF_SUCCESS) on \Device\HarddiskVolume3\Windows\System32\userenv.dll
4488.f0c: supR3HardenedWinVerifyCacheProcessImportTodos: Processing 'secur32.dll'...
4488.f0c: supR3HardenedWinVerifyCacheProcessImportTodos: 'secur32.dll' -> '\Device\HarddiskVolume3\Windows\System32\secur32.dll' [rcNtRedir=0xc0150008]
4488.f0c: supR3HardNtViCallWinVerifyTrustCatFile: hFile=0000000000000ddc pwszName=\Device\HarddiskVolume3\Windows\System32\secur32.dll
4488.f0c: supR3HardNtViCallWinVerifyTrustCatFile: Cached context 00000207be1a4f20
4488.f0c: supR3HardNtViCallWinVerifyTrustCatFile: hCatAdmin=00000207be1a4f20
4488.f0c: supR3HardNtViCallWinVerifyTrustCatFile: cbHash=20 wszDigest=23B37E3E4F0CACEA51A44FD491EDD52244519130
4488.f0c: supR3HardenedMonitor_LdrLoadDll: returns rcNt=0x0 hMod=00007ff9c5b00000 'C:\WINDOWS\system32\rsaenh.dll'
4488.f0c: supR3HardenedMonitor_LdrLoadDll: returns rcNt=0x0 hMod=00007ff9c7050000 'C:\WINDOWS\System32\crypt32.dll'
4488.f0c: supR3HardNtViCallWinVerifyTrustCatFile: WinVerifyTrust => 0x0; cat='C:\WINDOWS\system32\CatRoot\{F750E6C3-38EE-11D1-85E5-00C04FC295EE}\Microsoft-Windows-Client-Desktop-Required-Package05110~31bf3856ad364e35~amd64~~10.0.26100.8655.cat'; file='\Device\HarddiskVolume3\Windows\System32\secur32.dll'
4488.f0c: supR3HardNtViCallWinVerifyTrustCatFile -> 0 (org 22900)
4488.f0c: supHardenedWinVerifyImageByHandle: -> 0 (\Device\HarddiskVolume3\Windows\System32\secur32.dll) WinVerifyTrust
4488.f0c: supR3HardenedWinVerifyCacheInsert: \Device\HarddiskVolume3\Windows\System32\secur32.dll
4488.f0c: supR3HardenedWinVerifyCacheProcessImportTodos: Processing 'rpcrt4.dll'...
4488.f0c: supR3HardenedWinVerifyCacheProcessImportTodos: 'rpcrt4.dll' -> '\Device\HarddiskVolume3\Windows\System32\rpcrt4.dll' [rcNtRedir=0xc0150008]
4488.f0c: supR3HardenedWinVerifyCacheProcessImportTodos: Processing 'ws2_32.dll'...
4488.f0c: supR3HardenedWinVerifyCacheProcessImportTodos: 'ws2_32.dll' -> '\Device\HarddiskVolume3\Windows\System32\ws2_32.dll' [rcNtRedir=0xc0150008]
4488.f0c: supR3HardenedScreenImage/Imports: cache hit (VINF_SUCCESS) on \Device\HarddiskVolume3\Windows\System32\ws2_32.dll
4488.f0c: supR3HardenedWinVerifyCacheProcessImportTodos: Processing 'oleaut32.dll'...
4488.f0c: supR3HardenedWinVerifyCacheProcessImportTodos: 'oleaut32.dll' -> '\Device\HarddiskVolume3\Windows\System32\oleaut32.dll' [rcNtRedir=0xc0150008]
4488.f0c: supR3HardenedWinVerifyCacheProcessImportTodos: Processing 'ole32.dll'...
4488.f0c: supR3HardenedWinVerifyCacheProcessImportTodos: 'ole32.dll' -> '\Device\HarddiskVolume3\Windows\System32\ole32.dll' [rcNtRedir=0xc0150008]
4488.f0c: supR3HardenedWinVerifyCacheProcessImportTodos: Processing 'advapi32.dll'...
4488.f0c: supR3HardenedWinVerifyCacheProcessImportTodos: 'advapi32.dll' -> '\Device\HarddiskVolume3\Windows\System32\advapi32.dll' [rcNtRedir=0xc0150008]
4488.f0c: supR3HardenedWinVerifyCacheProcessImportTodos: Processing 'crypt32.dll'...
4488.f0c: supR3HardenedWinVerifyCacheProcessImportTodos: 'crypt32.dll' -> '\Device\HarddiskVolume3\Windows\System32\crypt32.dll' [rcNtRedir=0xc0150008]
4488.f0c: supR3HardenedMonitor_LdrLoadDll: pName=C:\Program Files (x86)\Kaspersky Lab\Kaspersky 21.26\x64\com_antivirus.dll (rcNtResolve=0xc0150008) *pfFlags=0x0 pwszSearchPath=0000000000000001:<flags> [calling]
4488.f0c: supR3HardenedScreenImage/NtCreateSection: cache hit (VINF_SUCCESS) on \Device\HarddiskVolume3\Program Files (x86)\Kaspersky Lab\Kaspersky 21.26\x64\com_antivirus.dll
4488.f0c: supR3HardenedScreenImage/NtCreateSection: cache hit (VINF_SUCCESS) on \Device\HarddiskVolume3\Windows\System32\secur32.dll
4488.f0c: supHardenedWinVerifyImageByHandle: -> 22900 (\Device\HarddiskVolume3\Windows\System32\dpapi.dll)
4488.f0c: supR3HardenedWinVerifyCacheInsert: \Device\HarddiskVolume3\Windows\System32\dpapi.dll
4488.f0c: supR3HardenedDllNotificationCallback: load   00007ff9c3d80000 LB 0x0000d000 C:\WINDOWS\SYSTEM32\Secur32.dll [fFlags=0x0]
4488.f0c: supR3HardenedScreenImage/LdrLoadDll: cache hit (VINF_SUCCESS) on \Device\HarddiskVolume3\Windows\System32\secur32.dll
4488.f0c: supR3HardenedDllNotificationCallback: load   00007ff9c6c30000 LB 0x0000a000 C:\WINDOWS\SYSTEM32\DPAPI.DLL [fFlags=0x0]
4488.f0c: supR3HardenedScreenImage/LdrLoadDll: cache hit (22900) on \Device\HarddiskVolume3\Windows\System32\dpapi.dll [avoiding WinVerifyTrust]
4488.f0c: supR3HardenedDllNotificationCallback: load   00007ff9ac3a0000 LB 0x0022d000 C:\Program Files (x86)\Kaspersky Lab\Kaspersky 21.26\x64\com_antivirus.dll [fFlags=0x0]
4488.f0c: supR3HardenedScreenImage/LdrLoadDll: cache hit (VINF_SUCCESS) on \Device\HarddiskVolume3\Program Files (x86)\Kaspersky Lab\Kaspersky 21.26\x64\com_antivirus.dll
4488.f0c: Detected loader lock ownership: rc=22900 '\Device\HarddiskVolume3\Windows\System32\dpapi.dll'.
4488.f0c: supR3HardenedWinVerifyCacheProcessWvtTodos: 22900 (was 22900) fWinVerifyTrust=0 for '\Device\HarddiskVolume3\Windows\System32\dpapi.dll' [rescheduled]
4488.f0c: supR3HardenedIsApiSetDll: ApiSetQueryApiSetPresence(api-ms-win-core-synch-l1-2-0) -> 0x0, fPresent=1
4488.f0c: supR3HardenedMonitor_LdrLoadDll: pName=api-ms-win-core-synch-l1-2-0 (rcNtResolve=0x0) *pfFlags=0x0 pwszSearchPath=0000000000000801:<flags> [calling]
4488.f0c: supR3HardenedMonitor_LdrLoadDll: returns rcNt=0x0 hMod=00007ff9c72a0000 'api-ms-win-core-synch-l1-2-0'
4488.f0c: Detected loader lock ownership: rc=22900 '\Device\HarddiskVolume3\Windows\System32\dpapi.dll'.
4488.f0c: supR3HardenedWinVerifyCacheProcessWvtTodos: 22900 (was 22900) fWinVerifyTrust=0 for '\Device\HarddiskVolume3\Windows\System32\dpapi.dll' [rescheduled]
4488.f0c: Detected loader lock ownership: rc=22900 '\Device\HarddiskVolume3\Windows\System32\dpapi.dll'.
4488.f0c: supR3HardenedWinVerifyCacheProcessWvtTodos: 22900 (was 22900) fWinVerifyTrust=0 for '\Device\HarddiskVolume3\Windows\System32\dpapi.dll' [rescheduled]
4488.f0c: supR3HardenedIsApiSetDll: ApiSetQueryApiSetPresence(api-ms-win-core-fibers-l1-1-1) -> 0x0, fPresent=1
4488.f0c: supR3HardenedMonitor_LdrLoadDll: pName=api-ms-win-core-fibers-l1-1-1 (rcNtResolve=0x0) *pfFlags=0x0 pwszSearchPath=0000000000000801:<flags> [calling]
4488.f0c: supR3HardenedMonitor_LdrLoadDll: returns rcNt=0x0 hMod=00007ff9c72a0000 'api-ms-win-core-fibers-l1-1-1'
4488.f0c: Detected loader lock ownership: rc=22900 '\Device\HarddiskVolume3\Windows\System32\dpapi.dll'.
4488.f0c: supR3HardenedWinVerifyCacheProcessWvtTodos: 22900 (was 22900) fWinVerifyTrust=0 for '\Device\HarddiskVolume3\Windows\System32\dpapi.dll' [rescheduled]
4488.f0c: Detected loader lock ownership: rc=22900 '\Device\HarddiskVolume3\Windows\System32\dpapi.dll'.
4488.f0c: supR3HardenedWinVerifyCacheProcessWvtTodos: 22900 (was 22900) fWinVerifyTrust=0 for '\Device\HarddiskVolume3\Windows\System32\dpapi.dll' [rescheduled]
4488.f0c: supR3HardenedIsApiSetDll: ApiSetQueryApiSetPresence(api-ms-win-core-synch-l1-2-0) -> 0x0, fPresent=1
4488.f0c: supR3HardenedMonitor_LdrLoadDll: pName=api-ms-win-core-synch-l1-2-0 (rcNtResolve=0x0) *pfFlags=0x0 pwszSearchPath=0000000000000801:<flags> [calling]
4488.f0c: supR3HardenedMonitor_LdrLoadDll: returns rcNt=0x0 hMod=00007ff9c72a0000 'api-ms-win-core-synch-l1-2-0'
4488.f0c: Detected loader lock ownership: rc=22900 '\Device\HarddiskVolume3\Windows\System32\dpapi.dll'.
4488.f0c: supR3HardenedWinVerifyCacheProcessWvtTodos: 22900 (was 22900) fWinVerifyTrust=0 for '\Device\HarddiskVolume3\Windows\System32\dpapi.dll' [rescheduled]
4488.f0c: Detected loader lock ownership: rc=22900 '\Device\HarddiskVolume3\Windows\System32\dpapi.dll'.
4488.f0c: supR3HardenedWinVerifyCacheProcessWvtTodos: 22900 (was 22900) fWinVerifyTrust=0 for '\Device\HarddiskVolume3\Windows\System32\dpapi.dll' [rescheduled]
4488.f0c: supR3HardenedScreenImage/LdrLoadDll: cache hit (VINF_SUCCESS) on \Device\HarddiskVolume3\Windows\System32\kernel32.dll
4488.f0c: supR3HardenedMonitor_LdrLoadDll: pName=C:\WINDOWS\System32\kernel32.dll (Input=kernel32, rcNtResolve=0xc0150008) *pfFlags=0x0 pwszSearchPath=0000000000000801:<flags> [calling]
4488.f0c: supR3HardenedMonitor_LdrLoadDll: returns rcNt=0x0 hMod=00007ff9c7a20000 'C:\WINDOWS\System32\kernel32.dll'
4488.f0c: Detected loader lock ownership: rc=22900 '\Device\HarddiskVolume3\Windows\System32\dpapi.dll'.
4488.f0c: supR3HardenedWinVerifyCacheProcessWvtTodos: 22900 (was 22900) fWinVerifyTrust=0 for '\Device\HarddiskVolume3\Windows\System32\dpapi.dll' [rescheduled]
4488.f0c: Detected loader lock ownership: rc=22900 '\Device\HarddiskVolume3\Windows\System32\dpapi.dll'.
4488.f0c: supR3HardenedWinVerifyCacheProcessWvtTodos: 22900 (was 22900) fWinVerifyTrust=0 for '\Device\HarddiskVolume3\Windows\System32\dpapi.dll' [rescheduled]
4488.f0c: supR3HardenedIsApiSetDll: ApiSetQueryApiSetPresence(api-ms-win-core-string-l1-1-0) -> 0x0, fPresent=1
4488.f0c: supR3HardenedMonitor_LdrLoadDll: pName=api-ms-win-core-string-l1-1-0 (rcNtResolve=0x0) *pfFlags=0x0 pwszSearchPath=0000000000000801:<flags> [calling]
4488.f0c: supR3HardenedMonitor_LdrLoadDll: returns rcNt=0x0 hMod=00007ff9c72a0000 'api-ms-win-core-string-l1-1-0'
4488.f0c: Detected loader lock ownership: rc=22900 '\Device\HarddiskVolume3\Windows\System32\dpapi.dll'.
4488.f0c: supR3HardenedWinVerifyCacheProcessWvtTodos: 22900 (was 22900) fWinVerifyTrust=0 for '\Device\HarddiskVolume3\Windows\System32\dpapi.dll' [rescheduled]
4488.f0c: Detected loader lock ownership: rc=22900 '\Device\HarddiskVolume3\Windows\System32\dpapi.dll'.
4488.f0c: supR3HardenedWinVerifyCacheProcessWvtTodos: 22900 (was 22900) fWinVerifyTrust=0 for '\Device\HarddiskVolume3\Windows\System32\dpapi.dll' [rescheduled]
4488.f0c: supR3HardenedIsApiSetDll: ApiSetQueryApiSetPresence(api-ms-win-core-localization-l1-2-1) -> 0x0, fPresent=1
4488.f0c: supR3HardenedMonitor_LdrLoadDll: pName=api-ms-win-core-localization-l1-2-1 (rcNtResolve=0x0) *pfFlags=0x0 pwszSearchPath=0000000000000801:<flags> [calling]
4488.f0c: supR3HardenedMonitor_LdrLoadDll: returns rcNt=0x0 hMod=00007ff9c72a0000 'api-ms-win-core-localization-l1-2-1'
4488.f0c: Detected loader lock ownership: rc=22900 '\Device\HarddiskVolume3\Windows\System32\dpapi.dll'.
4488.f0c: supR3HardenedWinVerifyCacheProcessWvtTodos: 22900 (was 22900) fWinVerifyTrust=0 for '\Device\HarddiskVolume3\Windows\System32\dpapi.dll' [rescheduled]
4488.f0c: Detected loader lock ownership: rc=22900 '\Device\HarddiskVolume3\Windows\System32\dpapi.dll'.
4488.f0c: supR3HardenedWinVerifyCacheProcessWvtTodos: 22900 (was 22900) fWinVerifyTrust=0 for '\Device\HarddiskVolume3\Windows\System32\dpapi.dll' [rescheduled]
4488.f0c: supR3HardenedIsApiSetDll: ApiSetQueryApiSetPresence(api-ms-win-core-datetime-l1-1-1) -> 0x0, fPresent=1
4488.f0c: supR3HardenedMonitor_LdrLoadDll: pName=api-ms-win-core-datetime-l1-1-1 (rcNtResolve=0x0) *pfFlags=0x0 pwszSearchPath=0000000000000801:<flags> [calling]
4488.f0c: supR3HardenedMonitor_LdrLoadDll: returns rcNt=0x0 hMod=00007ff9c72a0000 'api-ms-win-core-datetime-l1-1-1'
4488.f0c: Detected loader lock ownership: rc=22900 '\Device\HarddiskVolume3\Windows\System32\dpapi.dll'.
4488.f0c: supR3HardenedWinVerifyCacheProcessWvtTodos: 22900 (was 22900) fWinVerifyTrust=0 for '\Device\HarddiskVolume3\Windows\System32\dpapi.dll' [rescheduled]
4488.f0c: Detected loader lock ownership: rc=22900 '\Device\HarddiskVolume3\Windows\System32\dpapi.dll'.
4488.f0c: supR3HardenedWinVerifyCacheProcessWvtTodos: 22900 (was 22900) fWinVerifyTrust=0 for '\Device\HarddiskVolume3\Windows\System32\dpapi.dll' [rescheduled]
4488.f0c: supR3HardenedIsApiSetDll: ApiSetQueryApiSetPresence(api-ms-win-core-localization-obsolete-l1-2-0) -> 0x0, fPresent=1
4488.f0c: supR3HardenedMonitor_LdrLoadDll: pName=api-ms-win-core-localization-obsolete-l1-2-0 (rcNtResolve=0x0) *pfFlags=0x0 pwszSearchPath=0000000000000801:<flags> [calling]
4488.f0c: supR3HardenedMonitor_LdrLoadDll: returns rcNt=0x0 hMod=00007ff9c72a0000 'api-ms-win-core-localization-obsolete-l1-2-0'
4488.f0c: Detected loader lock ownership: rc=22900 '\Device\HarddiskVolume3\Windows\System32\dpapi.dll'.
4488.f0c: supR3HardenedWinVerifyCacheProcessWvtTodos: 22900 (was 22900) fWinVerifyTrust=0 for '\Device\HarddiskVolume3\Windows\System32\dpapi.dll' [rescheduled]
4488.f0c: supR3HardenedMonitor_LdrLoadDll: returns rcNt=0x0 hMod=00007ff9ac3a0000 'C:\Program Files (x86)\Kaspersky Lab\Kaspersky 21.26\x64\com_antivirus.dll'
4488.f0c: supR3HardNtViCallWinVerifyTrustCatFile: hFile=0000000000000e34 pwszName=\Device\HarddiskVolume3\Windows\System32\dpapi.dll
4488.f0c: supR3HardNtViCallWinVerifyTrustCatFile: Cached context 00000207be1a4f20
4488.f0c: supR3HardNtViCallWinVerifyTrustCatFile: hCatAdmin=00000207be1a4f20
4488.f0c: supR3HardNtViCallWinVerifyTrustCatFile: cbHash=20 wszDigest=84B7B4F72FE135CFC53B087D40C0DC9904F286C9
4488.f0c: supR3HardenedMonitor_LdrLoadDll: returns rcNt=0x0 hMod=00007ff9c5b00000 'C:\WINDOWS\system32\rsaenh.dll'
4488.f0c: supR3HardenedMonitor_LdrLoadDll: returns rcNt=0x0 hMod=00007ff9c7050000 'C:\WINDOWS\System32\crypt32.dll'
4488.f0c: supR3HardNtViCallWinVerifyTrustCatFile: WinVerifyTrust => 0x0; cat='C:\WINDOWS\system32\CatRoot\{F750E6C3-38EE-11D1-85E5-00C04FC295EE}\Microsoft-OneCore-CoreSystem-Core-merged-Package~31bf3856ad364e35~amd64~~10.0.26100.9168.cat'; file='\Device\HarddiskVolume3\Windows\System32\dpapi.dll'
4488.f0c: supR3HardNtViCallWinVerifyTrustCatFile -> 0 (org 22900)
4488.f0c: supR3HardenedWinVerifyCacheProcessWvtTodos: 0 (was 22900) fWinVerifyTrust=1 for '\Device\HarddiskVolume3\Windows\System32\dpapi.dll'
4488.f0c: \Device\HarddiskVolume3\Program Files (x86)\Kaspersky Lab\Kaspersky 21.26\x64\product_info.dll: Signature #2/3: VERR_CR_X509_CPV_NO_TRUSTED_PATHS (-23021) w/ timestamp=0x3d1a698d/link.
4488.f0c: supR3HardenedMonitor_LdrLoadDll: returns rcNt=0x0 hMod=00007ff9c5b00000 'C:\WINDOWS\system32\rsaenh.dll'
4488.f0c: supR3HardenedMonitor_LdrLoadDll: returns rcNt=0x0 hMod=00007ff9c7050000 'C:\WINDOWS\System32\crypt32.dll'
4488.f0c: supR3HardenedWinVerifyCacheScheduleImports: Import todo: #0 'advapi32.dll'.
4488.f0c: supR3HardenedWinVerifyCacheScheduleImports: Import todo: #2 'version.dll'.
4488.f0c: supHardenedWinVerifyImageByHandle: -> 0 (\Device\HarddiskVolume3\Program Files (x86)\Kaspersky Lab\Kaspersky 21.26\x64\product_info.dll) WinVerifyTrust
4488.f0c: supR3HardenedWinVerifyCacheInsert: \Device\HarddiskVolume3\Program Files (x86)\Kaspersky Lab\Kaspersky 21.26\x64\product_info.dll
4488.f0c: supR3HardenedWinVerifyCacheProcessImportTodos: Processing 'version.dll'...
4488.f0c: supR3HardenedWinVerifyCacheProcessImportTodos: 'version.dll' -> '\Device\HarddiskVolume3\Windows\System32\version.dll' [rcNtRedir=0xc0150008]
4488.f0c: supR3HardenedScreenImage/Imports: cache hit (VINF_SUCCESS) on \Device\HarddiskVolume3\Windows\System32\version.dll
4488.f0c: supR3HardenedWinVerifyCacheProcessImportTodos: Processing 'advapi32.dll'...
4488.f0c: supR3HardenedWinVerifyCacheProcessImportTodos: 'advapi32.dll' -> '\Device\HarddiskVolume3\Windows\System32\advapi32.dll' [rcNtRedir=0xc0150008]
4488.f0c: supR3HardenedMonitor_LdrLoadDll: pName=C:\Program Files (x86)\Kaspersky Lab\Kaspersky 21.26\x64\product_info.dll (rcNtResolve=0xc0150008) *pfFlags=0x0 pwszSearchPath=0000000000000009:<flags> [calling]
4488.f0c: supR3HardenedScreenImage/NtCreateSection: cache hit (VINF_SUCCESS) on \Device\HarddiskVolume3\Program Files (x86)\Kaspersky Lab\Kaspersky 21.26\x64\product_info.dll
4488.f0c: supR3HardenedDllNotificationCallback: load   00007ff9acf10000 LB 0x00054000 C:\Program Files (x86)\Kaspersky Lab\Kaspersky 21.26\x64\product_info.dll [fFlags=0x0]
4488.f0c: supR3HardenedScreenImage/LdrLoadDll: cache hit (VINF_SUCCESS) on \Device\HarddiskVolume3\Program Files (x86)\Kaspersky Lab\Kaspersky 21.26\x64\product_info.dll
4488.f0c: supR3HardenedIsApiSetDll: ApiSetQueryApiSetPresence(api-ms-win-core-synch-l1-2-0) -> 0x0, fPresent=1
4488.f0c: supR3HardenedMonitor_LdrLoadDll: pName=api-ms-win-core-synch-l1-2-0 (rcNtResolve=0x0) *pfFlags=0x0 pwszSearchPath=0000000000000801:<flags> [calling]
4488.f0c: supR3HardenedMonitor_LdrLoadDll: returns rcNt=0x0 hMod=00007ff9c72a0000 'api-ms-win-core-synch-l1-2-0'
4488.f0c: supR3HardenedIsApiSetDll: ApiSetQueryApiSetPresence(api-ms-win-core-fibers-l1-1-1) -> 0x0, fPresent=1
4488.f0c: supR3HardenedMonitor_LdrLoadDll: pName=api-ms-win-core-fibers-l1-1-1 (rcNtResolve=0x0) *pfFlags=0x0 pwszSearchPath=0000000000000801:<flags> [calling]
4488.f0c: supR3HardenedMonitor_LdrLoadDll: returns rcNt=0x0 hMod=00007ff9c72a0000 'api-ms-win-core-fibers-l1-1-1'
4488.f0c: supR3HardenedIsApiSetDll: ApiSetQueryApiSetPresence(api-ms-win-core-synch-l1-2-0) -> 0x0, fPresent=1
4488.f0c: supR3HardenedMonitor_LdrLoadDll: pName=api-ms-win-core-synch-l1-2-0 (rcNtResolve=0x0) *pfFlags=0x0 pwszSearchPath=0000000000000801:<flags> [calling]
4488.f0c: supR3HardenedMonitor_LdrLoadDll: returns rcNt=0x0 hMod=00007ff9c72a0000 'api-ms-win-core-synch-l1-2-0'
4488.f0c: supR3HardenedMonitor_LdrLoadDll: returns rcNt=0x0 hMod=00007ff9c7a20000 'C:\WINDOWS\System32\kernel32.dll'
4488.f0c: supR3HardenedMonitor_LdrLoadDll: returns rcNt=0x0 hMod=00007ff9acf10000 'C:\Program Files (x86)\Kaspersky Lab\Kaspersky 21.26\x64\product_info.dll'
4488.f0c: supR3HardenedScreenImage/LdrLoadDll: cache hit (VINF_SUCCESS) on \Device\HarddiskVolume3\Program Files (x86)\Kaspersky Lab\Kaspersky 21.26\x64\product_info.dll
4488.f0c: supR3HardenedMonitor_LdrLoadDll: pName=C:\Program Files (x86)\Kaspersky Lab\Kaspersky 21.26\x64\product_info.dll (rcNtResolve=0xc0150008) *pfFlags=0x0 pwszSearchPath=0000000000000001:<flags> [calling]
4488.f0c: supR3HardenedMonitor_LdrLoadDll: returns rcNt=0x0 hMod=00007ff9acf10000 'C:\Program Files (x86)\Kaspersky Lab\Kaspersky 21.26\x64\product_info.dll'
4488.230c: supR3HardenedIsApiSetDll: ApiSetQueryApiSetPresence(api-ms-win-appmodel-runtime-l1-1-2) -> 0x0, fPresent=1
4488.230c: supR3HardenedMonitor_LdrLoadDll: pName=api-ms-win-appmodel-runtime-l1-1-2 (rcNtResolve=0x0) *pfFlags=0x0 pwszSearchPath=0000000000000801:<flags> [calling]
4488.230c: supR3HardenedMonitor_LdrLoadDll: returns rcNt=0x0 hMod=00007ff9c5ba0000 'api-ms-win-appmodel-runtime-l1-1-2'
4488.f0c: supR3HardenedScreenImage/LdrLoadDll: cache hit (VINF_SUCCESS) on \Device\HarddiskVolume3\Program Files (x86)\Kaspersky Lab\Kaspersky 21.26\x64\product_info.dll
4488.f0c: supR3HardenedMonitor_LdrLoadDll: pName=C:\Program Files (x86)\Kaspersky Lab\Kaspersky 21.26\x64\product_info.dll (rcNtResolve=0xc0150008) *pfFlags=0x0 pwszSearchPath=0000000000000009:<flags> [calling]
4488.f0c: supR3HardenedMonitor_LdrLoadDll: returns rcNt=0x0 hMod=00007ff9acf10000 'C:\Program Files (x86)\Kaspersky Lab\Kaspersky 21.26\x64\product_info.dll'
4488.31d4: supR3HardenedMonitor_LdrLoadDll: returns rcNt=0x0 hMod=00007ff9c9110000 'C:\WINDOWS\system32\ole32.dll'
4488.31d4: supR3HardenedMonitor_LdrLoadDll: returns rcNt=0x0 hMod=00007ff9c5b00000 'C:\WINDOWS\system32\rsaenh.dll'
4488.31d4: supR3HardenedMonitor_LdrLoadDll: returns rcNt=0x0 hMod=00007ff9c7050000 'C:\WINDOWS\System32\crypt32.dll'
4488.10b8: supR3HardenedMonitor_LdrLoadDll: returns rcNt=0x0 hMod=00007ff9c5b00000 'C:\WINDOWS\system32\rsaenh.dll'
4488.10b8: supR3HardenedMonitor_LdrLoadDll: returns rcNt=0x0 hMod=00007ff9c7050000 'C:\WINDOWS\System32\crypt32.dll'
4488.10b8: supR3HardenedWinVerifyCacheScheduleImports: Import todo: #0 'vboxrt.dll'.
4488.10b8: supR3HardenedWinVerifyCacheScheduleImports: Import todo: #4 'user32.dll'.
4488.10b8: supR3HardenedWinVerifyCacheScheduleImports: Import todo: #5 'shell32.dll'.
4488.10b8: supR3HardenedWinVerifyCacheScheduleImports: Import todo: #6 'ole32.dll'.
4488.10b8: supR3HardenedWinVerifyCacheScheduleImports: Import todo: #7 'vcruntime140.dll'.
4488.10b8: supR3HardenedWinVerifyCacheScheduleImports: Import todo: #8 'vcruntime140_1.dll'.
4488.10b8: supR3HardenedWinVerifyCacheScheduleImports: Import todo: #9 'msvcp140.dll'.
4488.10b8: supHardenedWinVerifyImageByHandle: -> 0 (\Device\HarddiskVolume3\Program Files\Oracle\VirtualBox\VBoxSharedClipboard.dll) WinVerifyTrust
4488.10b8: supR3HardenedWinVerifyCacheInsert: \Device\HarddiskVolume3\Program Files\Oracle\VirtualBox\VBoxSharedClipboard.dll
4488.10b8: supR3HardenedWinVerifyCacheProcessImportTodos: Processing 'msvcp140.dll'...
4488.10b8: supR3HardenedWinVerifyCacheProcessImportTodos: 'msvcp140.dll' -> '\Device\HarddiskVolume3\Windows\System32\msvcp140.dll' [rcNtRedir=0xc0150008]
4488.10b8: supR3HardenedScreenImage/Imports: cache hit (VINF_SUCCESS) on \Device\HarddiskVolume3\Windows\System32\msvcp140.dll
4488.10b8: supR3HardenedWinVerifyCacheProcessImportTodos: Processing 'vcruntime140_1.dll'...
4488.10b8: supR3HardenedWinVerifyCacheProcessImportTodos: 'vcruntime140_1.dll' -> '\Device\HarddiskVolume3\Windows\System32\vcruntime140_1.dll' [rcNtRedir=0xc0150008]
4488.10b8: supR3HardenedWinVerifyCacheProcessImportTodos: Processing 'vcruntime140.dll'...
4488.10b8: supR3HardenedWinVerifyCacheProcessImportTodos: 'vcruntime140.dll' -> '\Device\HarddiskVolume3\Windows\System32\vcruntime140.dll' [rcNtRedir=0xc0150008]
4488.10b8: supR3HardenedWinVerifyCacheProcessImportTodos: Processing 'ole32.dll'...
4488.10b8: supR3HardenedWinVerifyCacheProcessImportTodos: 'ole32.dll' -> '\Device\HarddiskVolume3\Windows\System32\ole32.dll' [rcNtRedir=0xc0150008]
4488.10b8: supR3HardenedWinVerifyCacheProcessImportTodos: Processing 'shell32.dll'...
4488.10b8: supR3HardenedWinVerifyCacheProcessImportTodos: 'shell32.dll' -> '\Device\HarddiskVolume3\Windows\System32\shell32.dll' [rcNtRedir=0xc0150008]
4488.10b8: supR3HardenedScreenImage/Imports: cache hit (VINF_SUCCESS) on \Device\HarddiskVolume3\Windows\System32\shell32.dll
4488.10b8: supR3HardenedWinVerifyCacheProcessImportTodos: Processing 'user32.dll'...
4488.10b8: supR3HardenedWinVerifyCacheProcessImportTodos: 'user32.dll' -> '\Device\HarddiskVolume3\Windows\System32\user32.dll' [rcNtRedir=0xc0150008]
4488.10b8: supR3HardenedWinVerifyCacheProcessImportTodos: Processing 'vboxrt.dll'...
4488.10b8: supR3HardenedWinVerifyCacheProcessImportTodos: 'vboxrt.dll' -> '\Device\HarddiskVolume3\Program Files\Oracle\VirtualBox\vboxrt.dll' [rcNtRedir=0xc0150008]
4488.10b8: supR3HardenedMonitor_LdrLoadDll: pName=C:\Program Files\Oracle\VirtualBox\VBoxSharedClipboard.DLL (rcNtResolve=0xc0150008) *pfFlags=0x0 pwszSearchPath=0000000000000001:<flags> [calling]
4488.10b8: supR3HardenedScreenImage/NtCreateSection: cache hit (VINF_SUCCESS) on \Device\HarddiskVolume3\Program Files\Oracle\VirtualBox\VBoxSharedClipboard.dll
4488.10b8: supR3HardenedDllNotificationCallback: load   00007ff9aa7a0000 LB 0x00022000 C:\Program Files\Oracle\VirtualBox\VBoxSharedClipboard.DLL [fFlags=0x0]
4488.10b8: supR3HardenedScreenImage/LdrLoadDll: cache hit (VINF_SUCCESS) on \Device\HarddiskVolume3\Program Files\Oracle\VirtualBox\VBoxSharedClipboard.dll
4488.10b8: supR3HardenedMonitor_LdrLoadDll: returns rcNt=0x0 hMod=00007ff9aa7a0000 'C:\Program Files\Oracle\VirtualBox\VBoxSharedClipboard.DLL'
4488.2e40: supR3HardenedMonitor_LdrLoadDll: returns rcNt=0x0 hMod=00007ff9c5b00000 'C:\WINDOWS\system32\rsaenh.dll'
4488.2e40: supR3HardenedScreenImage/LdrLoadDll: cache hit (VINF_SUCCESS) on \Device\HarddiskVolume3\Windows\System32\crypt32.dll
4488.2e40: supR3HardenedMonitor_LdrLoadDll: pName=C:\WINDOWS\System32\crypt32.dll (Input=crypt32.dll, rcNtResolve=0xc0150008) *pfFlags=0x0 pwszSearchPath=0000000000000001:<flags> [calling]
4488.2e40: supR3HardenedMonitor_LdrLoadDll: returns rcNt=0x0 hMod=00007ff9c7050000 'C:\WINDOWS\System32\crypt32.dll'
4488.2e40: supR3HardenedWinVerifyCacheScheduleImports: Import todo: #0 'vboxrt.dll'.
4488.2e40: supR3HardenedWinVerifyCacheScheduleImports: Import todo: #2 'vcruntime140.dll'.
4488.2e40: supR3HardenedWinVerifyCacheScheduleImports: Import todo: #3 'vcruntime140_1.dll'.
4488.2e40: supR3HardenedWinVerifyCacheScheduleImports: Import todo: #4 'msvcp140.dll'.
4488.2e40: supHardenedWinVerifyImageByHandle: -> 0 (\Device\HarddiskVolume3\Program Files\Oracle\VirtualBox\VBoxDragAndDropSvc.dll) WinVerifyTrust
4488.2e40: supR3HardenedWinVerifyCacheInsert: \Device\HarddiskVolume3\Program Files\Oracle\VirtualBox\VBoxDragAndDropSvc.dll
4488.2e40: supR3HardenedWinVerifyCacheProcessImportTodos: Processing 'msvcp140.dll'...
4488.2e40: supR3HardenedWinVerifyCacheProcessImportTodos: 'msvcp140.dll' -> '\Device\HarddiskVolume3\Windows\System32\msvcp140.dll' [rcNtRedir=0xc0150008]
4488.2e40: supR3HardenedWinVerifyCacheProcessImportTodos: Processing 'vcruntime140_1.dll'...
4488.2e40: supR3HardenedWinVerifyCacheProcessImportTodos: 'vcruntime140_1.dll' -> '\Device\HarddiskVolume3\Windows\System32\vcruntime140_1.dll' [rcNtRedir=0xc0150008]
4488.2e40: supR3HardenedScreenImage/Imports: cache hit (VINF_SUCCESS) on \Device\HarddiskVolume3\Windows\System32\vcruntime140_1.dll
4488.2e40: supR3HardenedWinVerifyCacheProcessImportTodos: Processing 'vcruntime140.dll'...
4488.2e40: supR3HardenedWinVerifyCacheProcessImportTodos: 'vcruntime140.dll' -> '\Device\HarddiskVolume3\Windows\System32\vcruntime140.dll' [rcNtRedir=0xc0150008]
4488.2e40: supR3HardenedWinVerifyCacheProcessImportTodos: Processing 'vboxrt.dll'...
4488.2e40: supR3HardenedWinVerifyCacheProcessImportTodos: 'vboxrt.dll' -> '\Device\HarddiskVolume3\Program Files\Oracle\VirtualBox\vboxrt.dll' [rcNtRedir=0xc0150008]
4488.2e40: supR3HardenedMonitor_LdrLoadDll: pName=C:\Program Files\Oracle\VirtualBox\VBoxDragAndDropSvc.DLL (rcNtResolve=0xc0150008) *pfFlags=0x0 pwszSearchPath=0000000000000001:<flags> [calling]
4488.2e40: supR3HardenedScreenImage/NtCreateSection: cache hit (VINF_SUCCESS) on \Device\HarddiskVolume3\Program Files\Oracle\VirtualBox\VBoxDragAndDropSvc.dll
4488.2e40: supR3HardenedDllNotificationCallback: load   00007ff9c0e10000 LB 0x0000d000 C:\Program Files\Oracle\VirtualBox\VBoxDragAndDropSvc.DLL [fFlags=0x0]
4488.2e40: supR3HardenedScreenImage/LdrLoadDll: cache hit (VINF_SUCCESS) on \Device\HarddiskVolume3\Program Files\Oracle\VirtualBox\VBoxDragAndDropSvc.dll
4488.2e40: supR3HardenedMonitor_LdrLoadDll: returns rcNt=0x0 hMod=00007ff9c0e10000 'C:\Program Files\Oracle\VirtualBox\VBoxDragAndDropSvc.DLL'
4488.31d4: supR3HardenedScreenImage/LdrLoadDll: cache hit (VINF_SUCCESS) on \Device\HarddiskVolume3\Windows\System32\shell32.dll
4488.31d4: supR3HardenedMonitor_LdrLoadDll: pName=C:\WINDOWS\system32\Shell32.dll (rcNtResolve=0xc0150008) *pfFlags=0x0 pwszSearchPath=0000000000000001:<flags> [calling]
4488.31d4: supR3HardenedMonitor_LdrLoadDll: returns rcNt=0x0 hMod=00007ff9c8480000 'C:\WINDOWS\system32\Shell32.dll'
4488.31d4: supR3HardenedMonitor_LdrLoadDll: returns rcNt=0x0 hMod=00007ff9c5b00000 'C:\WINDOWS\system32\rsaenh.dll'
4488.31d4: supR3HardenedMonitor_LdrLoadDll: returns rcNt=0x0 hMod=00007ff9c7050000 'C:\WINDOWS\System32\crypt32.dll'
4488.31d4: supR3HardenedMonitor_LdrLoadDll: returns rcNt=0x0 hMod=00007ff9c5b00000 'C:\WINDOWS\system32\rsaenh.dll'
4488.31d4: supR3HardenedMonitor_LdrLoadDll: returns rcNt=0x0 hMod=00007ff9c7050000 'C:\WINDOWS\System32\crypt32.dll'
4488.31d4: supR3HardenedWinVerifyCacheScheduleImports: Import todo: #0 'vboxrt.dll'.
4488.31d4: supR3HardenedWinVerifyCacheScheduleImports: Import todo: #1 'vboxddu.dll'.
4488.31d4: supR3HardenedWinVerifyCacheScheduleImports: Import todo: #2 'vboxdd2.dll'.
4488.31d4: supR3HardenedWinVerifyCacheScheduleImports: Import todo: #4 'user32.dll'.
4488.31d4: supR3HardenedWinVerifyCacheScheduleImports: Import todo: #5 'setupapi.dll'.
4488.31d4: supR3HardenedWinVerifyCacheScheduleImports: Import todo: #6 'ws2_32.dll'.
4488.31d4: supR3HardenedWinVerifyCacheScheduleImports: Import todo: #7 'ole32.dll'.
4488.31d4: supR3HardenedWinVerifyCacheScheduleImports: Import todo: #8 'oleaut32.dll'.
4488.31d4: supR3HardenedWinVerifyCacheScheduleImports: Import todo: #9 'iphlpapi.dll'.
4488.31d4: supR3HardenedWinVerifyCacheScheduleImports: Import todo: #21 'vcruntime140.dll'.
4488.31d4: supR3HardenedWinVerifyCacheScheduleImports: Import todo: #22 'vcruntime140_1.dll'.
4488.31d4: supHardenedWinVerifyImageByHandle: -> 0 (\Device\HarddiskVolume3\Program Files\Oracle\VirtualBox\VBoxDD.dll) WinVerifyTrust
4488.31d4: supR3HardenedWinVerifyCacheInsert: \Device\HarddiskVolume3\Program Files\Oracle\VirtualBox\VBoxDD.dll
4488.31d4: supR3HardenedWinVerifyCacheProcessImportTodos: Processing 'vcruntime140_1.dll'...
4488.31d4: supR3HardenedWinVerifyCacheProcessImportTodos: 'vcruntime140_1.dll' -> '\Device\HarddiskVolume3\Windows\System32\vcruntime140_1.dll' [rcNtRedir=0xc0150008]
4488.31d4: supR3HardenedWinVerifyCacheProcessImportTodos: Processing 'vcruntime140.dll'...
4488.31d4: supR3HardenedWinVerifyCacheProcessImportTodos: 'vcruntime140.dll' -> '\Device\HarddiskVolume3\Windows\System32\vcruntime140.dll' [rcNtRedir=0xc0150008]
4488.31d4: supR3HardenedWinVerifyCacheProcessImportTodos: Processing 'iphlpapi.dll'...
4488.31d4: supR3HardenedWinVerifyCacheProcessImportTodos: 'iphlpapi.dll' -> '\Device\HarddiskVolume3\Windows\System32\iphlpapi.dll' [rcNtRedir=0xc0150008]
4488.31d4: supR3HardenedMonitor_LdrLoadDll: returns rcNt=0x0 hMod=00007ff9c5b00000 'C:\WINDOWS\system32\rsaenh.dll'
4488.31d4: supR3HardenedMonitor_LdrLoadDll: returns rcNt=0x0 hMod=00007ff9c7050000 'C:\WINDOWS\System32\crypt32.dll'
4488.31d4: supHardenedWinVerifyImageByHandle: -> 0 (\Device\HarddiskVolume3\Windows\System32\IPHLPAPI.DLL) WinVerifyTrust
4488.31d4: supR3HardenedWinVerifyCacheInsert: \Device\HarddiskVolume3\Windows\System32\IPHLPAPI.DLL
4488.31d4: supR3HardenedWinVerifyCacheProcessImportTodos: Processing 'oleaut32.dll'...
4488.31d4: supR3HardenedWinVerifyCacheProcessImportTodos: 'oleaut32.dll' -> '\Device\HarddiskVolume3\Windows\System32\oleaut32.dll' [rcNtRedir=0xc0150008]
4488.31d4: supR3HardenedWinVerifyCacheProcessImportTodos: Processing 'ole32.dll'...
4488.31d4: supR3HardenedWinVerifyCacheProcessImportTodos: 'ole32.dll' -> '\Device\HarddiskVolume3\Windows\System32\ole32.dll' [rcNtRedir=0xc0150008]
4488.31d4: supR3HardenedWinVerifyCacheProcessImportTodos: Processing 'ws2_32.dll'...
4488.31d4: supR3HardenedWinVerifyCacheProcessImportTodos: 'ws2_32.dll' -> '\Device\HarddiskVolume3\Windows\System32\ws2_32.dll' [rcNtRedir=0xc0150008]
4488.31d4: supR3HardenedScreenImage/Imports: cache hit (VINF_SUCCESS) on \Device\HarddiskVolume3\Windows\System32\ws2_32.dll
4488.31d4: supR3HardenedWinVerifyCacheProcessImportTodos: Processing 'setupapi.dll'...
4488.31d4: supR3HardenedWinVerifyCacheProcessImportTodos: 'setupapi.dll' -> '\Device\HarddiskVolume3\Windows\System32\setupapi.dll' [rcNtRedir=0xc0150008]
4488.31d4: supR3HardenedScreenImage/Imports: cache hit (VINF_SUCCESS) on \Device\HarddiskVolume3\Windows\System32\setupapi.dll
4488.31d4: supR3HardenedWinVerifyCacheProcessImportTodos: Processing 'user32.dll'...
4488.31d4: supR3HardenedWinVerifyCacheProcessImportTodos: 'user32.dll' -> '\Device\HarddiskVolume3\Windows\System32\user32.dll' [rcNtRedir=0xc0150008]
4488.31d4: supR3HardenedWinVerifyCacheProcessImportTodos: Processing 'vboxdd2.dll'...
4488.31d4: supR3HardenedWinVerifyCacheProcessImportTodos: 'vboxdd2.dll' -> '\Device\HarddiskVolume3\Program Files\Oracle\VirtualBox\vboxdd2.dll' [rcNtRedir=0xc0150008]
4488.31d4: supR3HardenedMonitor_LdrLoadDll: returns rcNt=0x0 hMod=00007ff9c5b00000 'C:\WINDOWS\system32\rsaenh.dll'
4488.31d4: supR3HardenedMonitor_LdrLoadDll: returns rcNt=0x0 hMod=00007ff9c7050000 'C:\WINDOWS\System32\crypt32.dll'
4488.31d4: supR3HardenedWinVerifyCacheScheduleImports: Import todo: #0 'vboxrt.dll'.
4488.31d4: supR3HardenedWinVerifyCacheScheduleImports: Import todo: #3 'vcruntime140.dll'.
4488.31d4: supHardenedWinVerifyImageByHandle: -> 0 (\Device\HarddiskVolume3\Program Files\Oracle\VirtualBox\VBoxDD2.dll) WinVerifyTrust
4488.31d4: supR3HardenedWinVerifyCacheInsert: \Device\HarddiskVolume3\Program Files\Oracle\VirtualBox\VBoxDD2.dll
4488.31d4: supR3HardenedWinVerifyCacheProcessImportTodos: Processing 'vboxddu.dll'...
4488.31d4: supR3HardenedWinVerifyCacheProcessImportTodos: 'vboxddu.dll' -> '\Device\HarddiskVolume3\Program Files\Oracle\VirtualBox\vboxddu.dll' [rcNtRedir=0xc0150008]
4488.31d4: supR3HardenedScreenImage/LdrLoadDll: cache hit (VINF_SUCCESS) on \Device\HarddiskVolume3\Windows\System32\rsaenh.dll
4488.31d4: supR3HardenedWinVerifyCacheProcessImportTodos: Processing 'vcruntime140.dll'...
4488.31d4: supR3HardenedWinVerifyCacheProcessImportTodos: 'vcruntime140.dll' -> '\Device\HarddiskVolume3\Windows\System32\vcruntime140.dll' [rcNtRedir=0xc0150008]
4488.31d4: supR3HardenedWinVerifyCacheProcessImportTodos: Processing 'vboxrt.dll'...
4488.31d4: supR3HardenedWinVerifyCacheProcessImportTodos: 'vboxrt.dll' -> '\Device\HarddiskVolume3\Program Files\Oracle\VirtualBox\vboxrt.dll' [rcNtRedir=0xc0150008]
4488.31d4: supR3HardenedMonitor_LdrLoadDll: pName=C:\WINDOWS\system32\rsaenh.dll (rcNtResolve=0xc0150008) *pfFlags=0x0 pwszSearchPath=0000000000000001:<flags> [calling]
4488.31d4: supR3HardenedMonitor_LdrLoadDll: returns rcNt=0x0 hMod=00007ff9c5b00000 'C:\WINDOWS\system32\rsaenh.dll'
4488.31d4: supR3HardenedMonitor_LdrLoadDll: returns rcNt=0x0 hMod=00007ff9c7050000 'C:\WINDOWS\System32\crypt32.dll'
4488.31d4: supR3HardenedWinVerifyCacheScheduleImports: Import todo: #0 'vboxrt.dll'.
4488.31d4: supR3HardenedWinVerifyCacheScheduleImports: Import todo: #2 'user32.dll'.
4488.31d4: supR3HardenedWinVerifyCacheScheduleImports: Import todo: #3 'setupapi.dll'.
4488.31d4: supR3HardenedWinVerifyCacheScheduleImports: Import todo: #5 'vcruntime140.dll'.
4488.31d4: supR3HardenedWinVerifyCacheScheduleImports: Import todo: #6 'advapi32.dll'.
4488.31d4: supHardenedWinVerifyImageByHandle: -> 0 (\Device\HarddiskVolume3\Program Files\Oracle\VirtualBox\VBoxDDU.dll) WinVerifyTrust
4488.31d4: supR3HardenedWinVerifyCacheInsert: \Device\HarddiskVolume3\Program Files\Oracle\VirtualBox\VBoxDDU.dll
4488.31d4: supR3HardenedWinVerifyCacheProcessImportTodos: Processing 'vboxrt.dll'...
4488.31d4: supR3HardenedWinVerifyCacheProcessImportTodos: 'vboxrt.dll' -> '\Device\HarddiskVolume3\Program Files\Oracle\VirtualBox\vboxrt.dll' [rcNtRedir=0xc0150008]
4488.31d4: supR3HardenedWinVerifyCacheProcessImportTodos: Processing 'advapi32.dll'...
4488.31d4: supR3HardenedWinVerifyCacheProcessImportTodos: 'advapi32.dll' -> '\Device\HarddiskVolume3\Windows\System32\advapi32.dll' [rcNtRedir=0xc0150008]
4488.31d4: supR3HardenedWinVerifyCacheProcessImportTodos: Processing 'vcruntime140.dll'...
4488.31d4: supR3HardenedWinVerifyCacheProcessImportTodos: 'vcruntime140.dll' -> '\Device\HarddiskVolume3\Windows\System32\vcruntime140.dll' [rcNtRedir=0xc0150008]
4488.31d4: supR3HardenedWinVerifyCacheProcessImportTodos: Processing 'setupapi.dll'...
4488.31d4: supR3HardenedWinVerifyCacheProcessImportTodos: 'setupapi.dll' -> '\Device\HarddiskVolume3\Windows\System32\setupapi.dll' [rcNtRedir=0xc0150008]
4488.31d4: supR3HardenedScreenImage/Imports: cache hit (VINF_SUCCESS) on \Device\HarddiskVolume3\Windows\System32\setupapi.dll
4488.31d4: supR3HardenedWinVerifyCacheProcessImportTodos: Processing 'user32.dll'...
4488.31d4: supR3HardenedWinVerifyCacheProcessImportTodos: 'user32.dll' -> '\Device\HarddiskVolume3\Windows\System32\user32.dll' [rcNtRedir=0xc0150008]
4488.31d4: supR3HardenedWinVerifyCacheProcessImportTodos: Processing 'vboxrt.dll'...
4488.31d4: supR3HardenedWinVerifyCacheProcessImportTodos: 'vboxrt.dll' -> '\Device\HarddiskVolume3\Program Files\Oracle\VirtualBox\vboxrt.dll' [rcNtRedir=0xc0150008]
4488.31d4: supR3HardenedMonitor_LdrLoadDll: pName=C:\Program Files\Oracle\VirtualBox\VBoxDD.DLL (rcNtResolve=0xc0150008) *pfFlags=0x0 pwszSearchPath=0000000000000001:<flags> [calling]
4488.31d4: supR3HardenedScreenImage/NtCreateSection: cache hit (VINF_SUCCESS) on \Device\HarddiskVolume3\Program Files\Oracle\VirtualBox\VBoxDD.dll
4488.31d4: supR3HardenedScreenImage/NtCreateSection: cache hit (VINF_SUCCESS) on \Device\HarddiskVolume3\Program Files\Oracle\VirtualBox\VBoxDDU.dll
4488.31d4: supR3HardenedScreenImage/NtCreateSection: cache hit (VINF_SUCCESS) on \Device\HarddiskVolume3\Program Files\Oracle\VirtualBox\VBoxDD2.dll
4488.31d4: supR3HardenedScreenImage/NtCreateSection: cache hit (VINF_SUCCESS) on \Device\HarddiskVolume3\Windows\System32\IPHLPAPI.DLL
4488.31d4: supR3HardenedDllNotificationCallback: load   00007ff960120000 LB 0x00075000 C:\Program Files\Oracle\VirtualBox\VBoxDDU.dll [fFlags=0x0]
4488.31d4: supR3HardenedScreenImage/LdrLoadDll: cache hit (VINF_SUCCESS) on \Device\HarddiskVolume3\Program Files\Oracle\VirtualBox\VBoxDDU.dll
4488.31d4: supR3HardenedDllNotificationCallback: load   00007ff93b860000 LB 0x00e5e000 C:\Program Files\Oracle\VirtualBox\VBoxDD2.dll [fFlags=0x0]
4488.31d4: supR3HardenedScreenImage/LdrLoadDll: cache hit (VINF_SUCCESS) on \Device\HarddiskVolume3\Program Files\Oracle\VirtualBox\VBoxDD2.dll
4488.31d4: supR3HardenedDllNotificationCallback: load   00007ff9c5570000 LB 0x00033000 C:\WINDOWS\SYSTEM32\IPHLPAPI.DLL [fFlags=0x0]
4488.31d4: supR3HardenedScreenImage/LdrLoadDll: cache hit (VINF_SUCCESS) on \Device\HarddiskVolume3\Windows\System32\IPHLPAPI.DLL
4488.31d4: supR3HardenedDllNotificationCallback: load   00007ff9696f0000 LB 0x00afe000 C:\Program Files\Oracle\VirtualBox\VBoxDD.DLL [fFlags=0x0]
4488.31d4: supR3HardenedScreenImage/LdrLoadDll: cache hit (VINF_SUCCESS) on \Device\HarddiskVolume3\Program Files\Oracle\VirtualBox\VBoxDD.dll
4488.31d4: supR3HardenedMonitor_LdrLoadDll: returns rcNt=0x0 hMod=00007ff9696f0000 'C:\Program Files\Oracle\VirtualBox\VBoxDD.DLL'
4488.31d4: supR3HardenedMonitor_LdrLoadDll: returns rcNt=0x0 hMod=00007ff9c5b00000 'C:\WINDOWS\system32\rsaenh.dll'
4488.31d4: supR3HardenedMonitor_LdrLoadDll: returns rcNt=0x0 hMod=00007ff9c7050000 'C:\WINDOWS\System32\crypt32.dll'
4488.31d4: supR3HardenedScreenImage/LdrLoadDll: cache hit (VINF_SUCCESS) on \Device\HarddiskVolume3\Program Files\Oracle\VirtualBox\VBoxC.dll
4488.31d4: supR3HardenedMonitor_LdrLoadDll: pName=C:\Program Files\Oracle\VirtualBox\VBoxC.DLL (rcNtResolve=0xc0150008) *pfFlags=0x0 pwszSearchPath=0000000000000001:<flags> [calling]
4488.31d4: supR3HardenedMonitor_LdrLoadDll: returns rcNt=0x0 hMod=00007ff95f960000 'C:\Program Files\Oracle\VirtualBox\VBoxC.DLL'
4488.31d4: supR3HardenedMonitor_LdrLoadDll: returns rcNt=0x0 hMod=00007ff9c5b00000 'C:\WINDOWS\system32\rsaenh.dll'
4488.31d4: supR3HardenedMonitor_LdrLoadDll: returns rcNt=0x0 hMod=00007ff9c7050000 'C:\WINDOWS\System32\crypt32.dll'
4488.31d4: supR3HardenedScreenImage/LdrLoadDll: cache hit (VINF_SUCCESS) on \Device\HarddiskVolume3\Program Files\Oracle\VirtualBox\VBoxDD2.dll
4488.31d4: supR3HardenedMonitor_LdrLoadDll: pName=C:\Program Files\Oracle\VirtualBox\VBoxDD2.DLL (rcNtResolve=0xc0150008) *pfFlags=0x0 pwszSearchPath=0000000000000001:<flags> [calling]
4488.31d4: supR3HardenedMonitor_LdrLoadDll: returns rcNt=0x0 hMod=00007ff93b860000 'C:\Program Files\Oracle\VirtualBox\VBoxDD2.DLL'
4488.31d4: supR3HardenedMonitor_LdrLoadDll: returns rcNt=0x0 hMod=00007ff9c5b00000 'C:\WINDOWS\system32\rsaenh.dll'
4488.31d4: supR3HardenedMonitor_LdrLoadDll: returns rcNt=0x0 hMod=00007ff9c7050000 'C:\WINDOWS\System32\crypt32.dll'
4488.2b44: supR3HardenedMonitor_LdrLoadDll: returns rcNt=0x0 hMod=00007ff9c5b00000 'C:\WINDOWS\system32\rsaenh.dll'
4488.2b44: supR3HardenedMonitor_LdrLoadDll: returns rcNt=0x0 hMod=00007ff9c7050000 'C:\WINDOWS\System32\crypt32.dll'
4488.2b44: supR3HardenedWinVerifyCacheScheduleImports: Import todo: #0 'vboxrt.dll'.
4488.2b44: supR3HardenedWinVerifyCacheScheduleImports: Import todo: #1 'vcruntime140.dll'.
4488.2b44: supHardenedWinVerifyImageByHandle: -> 0 (\Device\HarddiskVolume3\Program Files\Oracle\VirtualBox\VBoxSharedFolders.dll) WinVerifyTrust
4488.2b44: supR3HardenedWinVerifyCacheInsert: \Device\HarddiskVolume3\Program Files\Oracle\VirtualBox\VBoxSharedFolders.dll
4488.2b44: supR3HardenedWinVerifyCacheProcessImportTodos: Processing 'vcruntime140.dll'...
4488.2b44: supR3HardenedWinVerifyCacheProcessImportTodos: 'vcruntime140.dll' -> '\Device\HarddiskVolume3\Windows\System32\vcruntime140.dll' [rcNtRedir=0xc0150008]
4488.2b44: supR3HardenedWinVerifyCacheProcessImportTodos: Processing 'vboxrt.dll'...
4488.2b44: supR3HardenedWinVerifyCacheProcessImportTodos: 'vboxrt.dll' -> '\Device\HarddiskVolume3\Program Files\Oracle\VirtualBox\vboxrt.dll' [rcNtRedir=0xc0150008]
4488.2b44: supR3HardenedMonitor_LdrLoadDll: pName=C:\Program Files\Oracle\VirtualBox\VBoxSharedFolders.DLL (rcNtResolve=0xc0150008) *pfFlags=0x0 pwszSearchPath=0000000000000001:<flags> [calling]
4488.2b44: supR3HardenedScreenImage/NtCreateSection: cache hit (VINF_SUCCESS) on \Device\HarddiskVolume3\Program Files\Oracle\VirtualBox\VBoxSharedFolders.dll
4488.2b44: supR3HardenedDllNotificationCallback: load   00007ff9b9470000 LB 0x00016000 C:\Program Files\Oracle\VirtualBox\VBoxSharedFolders.DLL [fFlags=0x0]
4488.2b44: supR3HardenedScreenImage/LdrLoadDll: cache hit (VINF_SUCCESS) on \Device\HarddiskVolume3\Program Files\Oracle\VirtualBox\VBoxSharedFolders.dll
4488.2b44: supR3HardenedMonitor_LdrLoadDll: returns rcNt=0x0 hMod=00007ff9b9470000 'C:\Program Files\Oracle\VirtualBox\VBoxSharedFolders.DLL'
4488.2dcc: supR3HardenedMonitor_LdrLoadDll: returns rcNt=0x0 hMod=00007ff9c5b00000 'C:\WINDOWS\system32\rsaenh.dll'
4488.2dcc: supR3HardenedMonitor_LdrLoadDll: returns rcNt=0x0 hMod=00007ff9c7050000 'C:\WINDOWS\System32\crypt32.dll'
4488.2dcc: supR3HardenedWinVerifyCacheScheduleImports: Import todo: #0 'vboxrt.dll'.
4488.2dcc: supR3HardenedWinVerifyCacheScheduleImports: Import todo: #2 'vcruntime140.dll'.
4488.2dcc: supR3HardenedWinVerifyCacheScheduleImports: Import todo: #3 'vcruntime140_1.dll'.
4488.2dcc: supR3HardenedWinVerifyCacheScheduleImports: Import todo: #4 'msvcp140.dll'.
4488.2dcc: supHardenedWinVerifyImageByHandle: -> 0 (\Device\HarddiskVolume3\Program Files\Oracle\VirtualBox\VBoxGuestControlSvc.dll) WinVerifyTrust
4488.2dcc: supR3HardenedWinVerifyCacheInsert: \Device\HarddiskVolume3\Program Files\Oracle\VirtualBox\VBoxGuestControlSvc.dll
4488.2dcc: supR3HardenedWinVerifyCacheProcessImportTodos: Processing 'msvcp140.dll'...
4488.2dcc: supR3HardenedWinVerifyCacheProcessImportTodos: 'msvcp140.dll' -> '\Device\HarddiskVolume3\Windows\System32\msvcp140.dll' [rcNtRedir=0xc0150008]
4488.2dcc: supR3HardenedWinVerifyCacheProcessImportTodos: Processing 'vcruntime140_1.dll'...
4488.2dcc: supR3HardenedWinVerifyCacheProcessImportTodos: 'vcruntime140_1.dll' -> '\Device\HarddiskVolume3\Windows\System32\vcruntime140_1.dll' [rcNtRedir=0xc0150008]
4488.2dcc: supR3HardenedWinVerifyCacheProcessImportTodos: Processing 'vcruntime140.dll'...
4488.2dcc: supR3HardenedWinVerifyCacheProcessImportTodos: 'vcruntime140.dll' -> '\Device\HarddiskVolume3\Windows\System32\vcruntime140.dll' [rcNtRedir=0xc0150008]
4488.2dcc: supR3HardenedWinVerifyCacheProcessImportTodos: Processing 'vboxrt.dll'...
4488.2dcc: supR3HardenedWinVerifyCacheProcessImportTodos: 'vboxrt.dll' -> '\Device\HarddiskVolume3\Program Files\Oracle\VirtualBox\vboxrt.dll' [rcNtRedir=0xc0150008]
4488.2dcc: supR3HardenedMonitor_LdrLoadDll: pName=C:\Program Files\Oracle\VirtualBox\VBoxGuestControlSvc.DLL (rcNtResolve=0xc0150008) *pfFlags=0x0 pwszSearchPath=0000000000000001:<flags> [calling]
4488.2dcc: supR3HardenedScreenImage/NtCreateSection: cache hit (VINF_SUCCESS) on \Device\HarddiskVolume3\Program Files\Oracle\VirtualBox\VBoxGuestControlSvc.dll
4488.2dcc: supR3HardenedDllNotificationCallback: load   00007ff9b83c0000 LB 0x0000d000 C:\Program Files\Oracle\VirtualBox\VBoxGuestControlSvc.DLL [fFlags=0x0]
4488.2dcc: supR3HardenedScreenImage/LdrLoadDll: cache hit (VINF_SUCCESS) on \Device\HarddiskVolume3\Program Files\Oracle\VirtualBox\VBoxGuestControlSvc.dll
4488.2dcc: supR3HardenedMonitor_LdrLoadDll: returns rcNt=0x0 hMod=00007ff9b83c0000 'C:\Program Files\Oracle\VirtualBox\VBoxGuestControlSvc.DLL'
4488.1ef0: supR3HardenedMonitor_LdrLoadDll: returns rcNt=0x0 hMod=00007ff9c5b00000 'C:\WINDOWS\system32\rsaenh.dll'
4488.1ef0: supR3HardenedMonitor_LdrLoadDll: returns rcNt=0x0 hMod=00007ff9c7050000 'C:\WINDOWS\System32\crypt32.dll'
4488.1ef0: supR3HardenedWinVerifyCacheScheduleImports: Import todo: #0 'vboxrt.dll'.
4488.1ef0: supR3HardenedWinVerifyCacheScheduleImports: Import todo: #2 'vcruntime140.dll'.
4488.1ef0: supR3HardenedWinVerifyCacheScheduleImports: Import todo: #3 'vcruntime140_1.dll'.
4488.1ef0: supR3HardenedWinVerifyCacheScheduleImports: Import todo: #4 'msvcp140.dll'.
4488.1ef0: supHardenedWinVerifyImageByHandle: -> 0 (\Device\HarddiskVolume3\Program Files\Oracle\VirtualBox\VBoxGuestPropSvc.dll) WinVerifyTrust
4488.1ef0: supR3HardenedWinVerifyCacheInsert: \Device\HarddiskVolume3\Program Files\Oracle\VirtualBox\VBoxGuestPropSvc.dll
4488.1ef0: supR3HardenedWinVerifyCacheProcessImportTodos: Processing 'msvcp140.dll'...
4488.1ef0: supR3HardenedWinVerifyCacheProcessImportTodos: 'msvcp140.dll' -> '\Device\HarddiskVolume3\Windows\System32\msvcp140.dll' [rcNtRedir=0xc0150008]
4488.1ef0: supR3HardenedWinVerifyCacheProcessImportTodos: Processing 'vcruntime140_1.dll'...
4488.1ef0: supR3HardenedWinVerifyCacheProcessImportTodos: 'vcruntime140_1.dll' -> '\Device\HarddiskVolume3\Windows\System32\vcruntime140_1.dll' [rcNtRedir=0xc0150008]
4488.1ef0: supR3HardenedWinVerifyCacheProcessImportTodos: Processing 'vcruntime140.dll'...
4488.1ef0: supR3HardenedWinVerifyCacheProcessImportTodos: 'vcruntime140.dll' -> '\Device\HarddiskVolume3\Windows\System32\vcruntime140.dll' [rcNtRedir=0xc0150008]
4488.1ef0: supR3HardenedWinVerifyCacheProcessImportTodos: Processing 'vboxrt.dll'...
4488.1ef0: supR3HardenedWinVerifyCacheProcessImportTodos: 'vboxrt.dll' -> '\Device\HarddiskVolume3\Program Files\Oracle\VirtualBox\vboxrt.dll' [rcNtRedir=0xc0150008]
4488.1ef0: supR3HardenedMonitor_LdrLoadDll: pName=C:\Program Files\Oracle\VirtualBox\VBoxGuestPropSvc.DLL (rcNtResolve=0xc0150008) *pfFlags=0x0 pwszSearchPath=0000000000000001:<flags> [calling]
4488.1ef0: supR3HardenedScreenImage/NtCreateSection: cache hit (VINF_SUCCESS) on \Device\HarddiskVolume3\Program Files\Oracle\VirtualBox\VBoxGuestPropSvc.dll
4488.1ef0: supR3HardenedDllNotificationCallback: load   00007ff9b83b0000 LB 0x0000d000 C:\Program Files\Oracle\VirtualBox\VBoxGuestPropSvc.DLL [fFlags=0x0]
4488.1ef0: supR3HardenedScreenImage/LdrLoadDll: cache hit (VINF_SUCCESS) on \Device\HarddiskVolume3\Program Files\Oracle\VirtualBox\VBoxGuestPropSvc.dll
4488.1ef0: supR3HardenedMonitor_LdrLoadDll: returns rcNt=0x0 hMod=00007ff9b83b0000 'C:\Program Files\Oracle\VirtualBox\VBoxGuestPropSvc.DLL'
4488.31d4: supR3HardenedMonitor_LdrLoadDll: returns rcNt=0x0 hMod=00007ff9c5b00000 'C:\WINDOWS\system32\rsaenh.dll'
4488.31d4: supR3HardenedMonitor_LdrLoadDll: returns rcNt=0x0 hMod=00007ff9c7050000 'C:\WINDOWS\System32\crypt32.dll'
4488.31d4: supR3HardenedWinVerifyCacheScheduleImports: Import todo: #15 'ws2_32.dll'.
4488.31d4: supR3HardenedWinVerifyCacheScheduleImports: Import todo: #23 'rpcrt4.dll'.
4488.31d4: supHardenedWinVerifyImageByHandle: -> 0 (\Device\HarddiskVolume3\Windows\System32\mswsock.dll) WinVerifyTrust
4488.31d4: supR3HardenedWinVerifyCacheInsert: \Device\HarddiskVolume3\Windows\System32\mswsock.dll
4488.31d4: supR3HardenedWinVerifyCacheProcessImportTodos: Processing 'rpcrt4.dll'...
4488.31d4: supR3HardenedWinVerifyCacheProcessImportTodos: 'rpcrt4.dll' -> '\Device\HarddiskVolume3\Windows\System32\rpcrt4.dll' [rcNtRedir=0xc0150008]
4488.31d4: supR3HardenedWinVerifyCacheProcessImportTodos: Processing 'ws2_32.dll'...
4488.31d4: supR3HardenedWinVerifyCacheProcessImportTodos: 'ws2_32.dll' -> '\Device\HarddiskVolume3\Windows\System32\ws2_32.dll' [rcNtRedir=0xc0150008]
4488.31d4: supR3HardenedScreenImage/Imports: cache hit (VINF_SUCCESS) on \Device\HarddiskVolume3\Windows\System32\ws2_32.dll
4488.31d4: supR3HardenedMonitor_LdrLoadDll: pName=C:\WINDOWS\system32\mswsock.dll (rcNtResolve=0xc0150008) *pfFlags=0x0 pwszSearchPath=0000000000000001:<flags> [calling]
4488.31d4: supR3HardenedScreenImage/NtCreateSection: cache hit (VINF_SUCCESS) on \Device\HarddiskVolume3\Windows\System32\mswsock.dll
4488.31d4: supR3HardenedDllNotificationCallback: load   00007ff9c6160000 LB 0x0006c000 C:\WINDOWS\system32\mswsock.dll [fFlags=0x0]
4488.31d4: supR3HardenedScreenImage/LdrLoadDll: cache hit (VINF_SUCCESS) on \Device\HarddiskVolume3\Windows\System32\mswsock.dll
4488.31d4: supR3HardenedMonitor_LdrLoadDll: returns rcNt=0x0 hMod=00007ff9c6160000 'C:\WINDOWS\system32\mswsock.dll'
4488.31d4: supR3HardenedMonitor_LdrLoadDll: returns rcNt=0x0 hMod=00007ff9c5b00000 'C:\WINDOWS\system32\rsaenh.dll'
4488.31d4: supR3HardenedMonitor_LdrLoadDll: returns rcNt=0x0 hMod=00007ff9c7050000 'C:\WINDOWS\System32\crypt32.dll'
4488.31d4: supR3HardenedWinVerifyCacheScheduleImports: Import todo: #0 'msvcp_win.dll'.
4488.31d4: supHardenedWinVerifyImageByHandle: -> 0 (\Device\HarddiskVolume3\Windows\System32\MMDevAPI.dll) WinVerifyTrust
4488.31d4: supR3HardenedWinVerifyCacheInsert: \Device\HarddiskVolume3\Windows\System32\MMDevAPI.dll
4488.31d4: supR3HardenedWinVerifyCacheProcessImportTodos: Processing 'msvcp_win.dll'...
4488.31d4: supR3HardenedWinVerifyCacheProcessImportTodos: 'msvcp_win.dll' -> '\Device\HarddiskVolume3\Windows\System32\msvcp_win.dll' [rcNtRedir=0xc0150008]
4488.31d4: supR3HardenedMonitor_LdrLoadDll: pName=C:\WINDOWS\System32\MMDevApi.dll (rcNtResolve=0xc0150008) *pfFlags=0x0 pwszSearchPath=0000000000002009:<flags> [calling]
4488.31d4: supR3HardenedScreenImage/NtCreateSection: cache hit (VINF_SUCCESS) on \Device\HarddiskVolume3\Windows\System32\MMDevAPI.dll
4488.31d4: supR3HardenedDllNotificationCallback: load   00007ff9bbef0000 LB 0x000a5000 C:\WINDOWS\System32\MMDevApi.dll [fFlags=0x0]
4488.31d4: supR3HardenedScreenImage/LdrLoadDll: cache hit (VINF_SUCCESS) on \Device\HarddiskVolume3\Windows\System32\MMDevAPI.dll
4488.31d4: supR3HardenedMonitor_LdrLoadDll: returns rcNt=0x0 hMod=00007ff9bbef0000 'C:\WINDOWS\System32\MMDevApi.dll'
4488.31d4: supR3HardenedScreenImage/LdrLoadDll: cache hit (VINF_SUCCESS) on \Device\HarddiskVolume3\Windows\System32\MMDevAPI.dll
4488.31d4: supR3HardenedMonitor_LdrLoadDll: pName=C:\WINDOWS\System32\MMDEVAPI.DLL (Input=MMDEVAPI.DLL, rcNtResolve=0xc0150008) *pfFlags=0x0 pwszSearchPath=0000000000000001:<flags> [calling]
4488.31d4: supR3HardenedMonitor_LdrLoadDll: returns rcNt=0x0 hMod=00007ff9bbef0000 'C:\WINDOWS\System32\MMDEVAPI.DLL'
4488.f0c: supR3HardenedScreenImage/NtCreateSection: cache hit (VINF_SUCCESS) on \Device\HarddiskVolume3\Windows\System32\imageres.dll
4488.f0c: supR3HardenedScreenImage/LdrLoadDll: cache hit (VINF_SUCCESS) on \Device\HarddiskVolume3\Windows\System32\ole32.dll
4488.f0c: supR3HardenedMonitor_LdrLoadDll: pName=C:\WINDOWS\system32\ole32.dll (rcNtResolve=0xc0150008) *pfFlags=0x0 pwszSearchPath=0000000000000009:<flags> [calling]
4488.f0c: supR3HardenedMonitor_LdrLoadDll: returns rcNt=0x0 hMod=00007ff9c9110000 'C:\WINDOWS\system32\ole32.dll'
4488.3054: supR3HardenedWinVerifyCacheScheduleImports: Import todo: #23 'dsparse.dll'.
4488.3054: supHardenedWinVerifyImageByHandle: -> 0 (\Device\HarddiskVolume3\Windows\System32\dnsapi.dll)
4488.3054: supR3HardenedWinVerifyCacheInsert: \Device\HarddiskVolume3\Windows\System32\dnsapi.dll
4488.3054: supR3HardenedWinVerifyCacheScheduleImports: Import todo: #0 'msvcrt.dll'.
4488.3054: supR3HardenedWinVerifyCacheScheduleImports: Import todo: #11 'rpcrt4.dll'.
4488.3054: supHardenedWinVerifyImageByHandle: -> 22900 (\Device\HarddiskVolume3\Windows\System32\dsparse.dll)
4488.3054: supR3HardenedWinVerifyCacheInsert: \Device\HarddiskVolume3\Windows\System32\dsparse.dll
4488.3054: supR3HardenedDllNotificationCallback: load   00007ff9c5f40000 LB 0x0000d000 C:\WINDOWS\SYSTEM32\DSPARSE.dll [fFlags=0x0]
4488.3054: supR3HardenedScreenImage/LdrLoadDll: cache hit (22900) on \Device\HarddiskVolume3\Windows\System32\dsparse.dll [avoiding WinVerifyTrust]
4488.3054: supR3HardenedDllNotificationCallback: load   00007ff9c5600000 LB 0x00158000 C:\WINDOWS\SYSTEM32\DNSAPI.dll [fFlags=0x0]
4488.3054: supR3HardenedScreenImage/LdrLoadDll: cache hit (VINF_SUCCESS) on \Device\HarddiskVolume3\Windows\System32\dnsapi.dll [avoiding WinVerifyTrust]
4488.3054: supR3HardenedDllNotificationCallback: load   00007ff9c99f0000 LB 0x0000a000 C:\WINDOWS\System32\NSI.dll [fFlags=0x0]
4488.3054: supHardenedWinVerifyImageByHandle: -> 0 (\Device\HarddiskVolume3\Windows\System32\nsi.dll)
4488.3054: supR3HardenedWinVerifyCacheInsert: \Device\HarddiskVolume3\Windows\System32\nsi.dll
4488.f0c: supR3HardenedWinVerifyCacheProcessImportTodos: Processing 'rpcrt4.dll'...
4488.f0c: supR3HardenedWinVerifyCacheProcessImportTodos: 'rpcrt4.dll' -> '\Device\HarddiskVolume3\Windows\System32\rpcrt4.dll' [rcNtRedir=0xc0150008]
4488.f0c: supR3HardenedWinVerifyCacheProcessImportTodos: Processing 'msvcrt.dll'...
4488.f0c: supR3HardenedWinVerifyCacheProcessImportTodos: 'msvcrt.dll' -> '\Device\HarddiskVolume3\Windows\System32\msvcrt.dll' [rcNtRedir=0xc0150008]
4488.f0c: supR3HardenedWinVerifyCacheProcessImportTodos: Processing 'dsparse.dll'...
4488.f0c: supR3HardenedWinVerifyCacheProcessImportTodos: 'dsparse.dll' -> '\Device\HarddiskVolume3\Windows\System32\dsparse.dll' [rcNtRedir=0xc0150008]
4488.f0c: supR3HardenedScreenImage/Imports: cache hit (22900) on \Device\HarddiskVolume3\Windows\System32\dsparse.dll [lacks WinVerifyTrust]
4488.f0c: supR3HardenedMonitor_LdrLoadDll: returns rcNt=0x0 hMod=00007ff9c5b00000 'C:\WINDOWS\system32\rsaenh.dll'
4488.f0c: supR3HardenedScreenImage/LdrLoadDll: cache hit (VINF_SUCCESS) on \Device\HarddiskVolume3\Windows\System32\wintrust.dll
4488.f0c: supR3HardenedMonitor_LdrLoadDll: pName=C:\WINDOWS\System32\WINTRUST.DLL (Input=WINTRUST.DLL, rcNtResolve=0xc0150008) *pfFlags=0x0 pwszSearchPath=0000000000000001:<flags> [calling]
4488.f0c: supR3HardenedMonitor_LdrLoadDll: returns rcNt=0x0 hMod=00007ff9c6f00000 'C:\WINDOWS\System32\WINTRUST.DLL'
4488.f0c: supR3HardenedMonitor_LdrLoadDll: returns rcNt=0x0 hMod=00007ff9c7050000 'C:\WINDOWS\System32\CRYPT32.dll'
4488.f0c: supR3HardenedMonitor_LdrLoadDll: returns rcNt=0x0 hMod=00007ff9c7050000 'C:\WINDOWS\System32\crypt32.dll'
4488.f0c: supR3HardenedWinVerifyCacheProcessWvtTodos: 0 (was 0) fWinVerifyTrust=1 for '\Device\HarddiskVolume3\Windows\System32\nsi.dll'
4488.f0c: supR3HardNtViCallWinVerifyTrustCatFile: hFile=0000000000001148 pwszName=\Device\HarddiskVolume3\Windows\System32\dsparse.dll
4488.f0c: supR3HardNtViCallWinVerifyTrustCatFile: Cached context 00000207be1a4f20
4488.f0c: supR3HardNtViCallWinVerifyTrustCatFile: hCatAdmin=00000207be1a4f20
4488.f0c: supR3HardNtViCallWinVerifyTrustCatFile: cbHash=20 wszDigest=4B9DA5E37FF0C4843D6EA0765243BE5EB70ECEDB
4488.f0c: supR3HardenedMonitor_LdrLoadDll: returns rcNt=0x0 hMod=00007ff9c5b00000 'C:\WINDOWS\system32\rsaenh.dll'
4488.f0c: supR3HardenedMonitor_LdrLoadDll: returns rcNt=0x0 hMod=00007ff9c7050000 'C:\WINDOWS\System32\crypt32.dll'
4488.f0c: supR3HardNtViCallWinVerifyTrustCatFile: WinVerifyTrust => 0x0; cat='C:\WINDOWS\system32\CatRoot\{F750E6C3-38EE-11D1-85E5-00C04FC295EE}\Microsoft-OneCore-CoreSystem-Core-merged-Package~31bf3856ad364e35~amd64~~10.0.26100.9168.cat'; file='\Device\HarddiskVolume3\Windows\System32\dsparse.dll'
4488.f0c: supR3HardNtViCallWinVerifyTrustCatFile -> 0 (org 22900)
4488.f0c: supR3HardenedWinVerifyCacheProcessWvtTodos: 0 (was 22900) fWinVerifyTrust=1 for '\Device\HarddiskVolume3\Windows\System32\dsparse.dll'
4488.f0c: supR3HardenedMonitor_LdrLoadDll: returns rcNt=0x0 hMod=00007ff9c5b00000 'C:\WINDOWS\system32\rsaenh.dll'
4488.f0c: supR3HardenedMonitor_LdrLoadDll: returns rcNt=0x0 hMod=00007ff9c7050000 'C:\WINDOWS\System32\crypt32.dll'
4488.f0c: supR3HardenedWinVerifyCacheProcessWvtTodos: 0 (was 0) fWinVerifyTrust=1 for '\Device\HarddiskVolume3\Windows\System32\dnsapi.dll'
4488.f0c: supR3HardenedMonitor_LdrLoadDll: error opening 'C:\WINDOWS\System32\thai.dll': 0 (NtPath=\??\C:\WINDOWS\System32\thai.dll; Input=thai.dll; rcNtGetDll=0xc0000135
4488.f0c: supR3HardenedMonitor_LdrLoadDll: returns rcNt=0xc0000034 'C:\WINDOWS\System32\thai.dll'
4488.f0c: supR3HardenedMonitor_LdrLoadDll: error opening 'C:\WINDOWS\System32\thai.dll': 0 (NtPath=\??\C:\WINDOWS\System32\thai.dll; Input=thai.dll; rcNtGetDll=0xc0000135
4488.f0c: supR3HardenedMonitor_LdrLoadDll: returns rcNt=0xc0000034 'C:\WINDOWS\System32\thai.dll'
4488.f0c: supR3HardenedMonitor_LdrLoadDll: error opening 'C:\WINDOWS\System32\thai.dll': 0 (NtPath=\??\C:\WINDOWS\System32\thai.dll; Input=thai.dll; rcNtGetDll=0xc0000135
4488.f0c: supR3HardenedMonitor_LdrLoadDll: returns rcNt=0xc0000034 'C:\WINDOWS\System32\thai.dll'
4488.198: supR3HardNtViCallWinVerifyTrustCatFile: hFile=0000000000001c68 pwszName=\Device\HarddiskVolume3\Windows\System32\urlmon.dll
4488.198: supR3HardNtViCallWinVerifyTrustCatFile: Cached context 00000207be1a4f20
4488.198: supR3HardNtViCallWinVerifyTrustCatFile: hCatAdmin=00000207be1a4f20
4488.198: supR3HardNtViCallWinVerifyTrustCatFile: cbHash=20 wszDigest=CCAA7DCCE8E78CB091977D9E5309B9274B99915E
4488.198: supR3HardenedMonitor_LdrLoadDll: returns rcNt=0x0 hMod=00007ff9c5b00000 'C:\WINDOWS\system32\rsaenh.dll'
4488.198: supR3HardenedMonitor_LdrLoadDll: returns rcNt=0x0 hMod=00007ff9c7050000 'C:\WINDOWS\System32\crypt32.dll'
4488.198: supR3HardNtViCallWinVerifyTrustCatFile: WinVerifyTrust => 0x0; cat='C:\WINDOWS\system32\CatRoot\{F750E6C3-38EE-11D1-85E5-00C04FC295EE}\Microsoft-Windows-Client-Desktop-Required-Package0518~31bf3856ad364e35~amd64~~10.0.26100.9444.cat'; file='\Device\HarddiskVolume3\Windows\System32\urlmon.dll'
4488.198: supR3HardNtViCallWinVerifyTrustCatFile -> 0 (org 22900)
4488.198: supR3HardenedWinVerifyCacheScheduleImports: Import todo: #0 'msvcrt.dll'.
4488.198: supR3HardenedWinVerifyCacheScheduleImports: Import todo: #1 'iertutil.dll'.
4488.198: supR3HardenedWinVerifyCacheScheduleImports: Import todo: #57 'shell32.dll'.
4488.198: supHardenedWinVerifyImageByHandle: -> 0 (\Device\HarddiskVolume3\Windows\System32\urlmon.dll) WinVerifyTrust
4488.198: supR3HardenedWinVerifyCacheInsert: \Device\HarddiskVolume3\Windows\System32\urlmon.dll
4488.198: supR3HardenedWinVerifyCacheProcessImportTodos: Processing 'shell32.dll'...
4488.198: supR3HardenedWinVerifyCacheProcessImportTodos: 'shell32.dll' -> '\Device\HarddiskVolume3\Windows\System32\shell32.dll' [rcNtRedir=0xc0150008]
4488.198: supR3HardenedWinVerifyCacheProcessImportTodos: Processing 'iertutil.dll'...
4488.198: supR3HardenedWinVerifyCacheProcessImportTodos: 'iertutil.dll' -> '\Device\HarddiskVolume3\Windows\System32\iertutil.dll' [rcNtRedir=0xc0150008]
4488.198: supR3HardenedMonitor_LdrLoadDll: returns rcNt=0x0 hMod=00007ff9c5b00000 'C:\WINDOWS\system32\rsaenh.dll'
4488.198: supR3HardenedMonitor_LdrLoadDll: returns rcNt=0x0 hMod=00007ff9c7050000 'C:\WINDOWS\System32\crypt32.dll'
4488.198: supR3HardenedWinVerifyCacheScheduleImports: Import todo: #0 'msvcrt.dll'.
4488.198: supR3HardenedWinVerifyCacheScheduleImports: Import todo: #43 'srvcli.dll'.
4488.198: supR3HardenedWinVerifyCacheScheduleImports: Import todo: #44 'netutils.dll'.
4488.198: supHardenedWinVerifyImageByHandle: -> 0 (\Device\HarddiskVolume3\Windows\System32\iertutil.dll) WinVerifyTrust
4488.198: supR3HardenedWinVerifyCacheInsert: \Device\HarddiskVolume3\Windows\System32\iertutil.dll
4488.198: supR3HardenedWinVerifyCacheProcessImportTodos: Processing 'msvcrt.dll'...
4488.198: supR3HardenedWinVerifyCacheProcessImportTodos: 'msvcrt.dll' -> '\Device\HarddiskVolume3\Windows\System32\msvcrt.dll' [rcNtRedir=0xc0150008]
4488.198: supR3HardenedWinVerifyCacheProcessImportTodos: Processing 'netutils.dll'...
4488.198: supR3HardenedWinVerifyCacheProcessImportTodos: 'netutils.dll' -> '\Device\HarddiskVolume3\Windows\System32\netutils.dll' [rcNtRedir=0xc0150008]
4488.198: supR3HardenedScreenImage/Imports: cache hit (VINF_SUCCESS) on \Device\HarddiskVolume3\Windows\System32\netutils.dll
4488.198: supR3HardenedWinVerifyCacheProcessImportTodos: Processing 'srvcli.dll'...
4488.198: supR3HardenedWinVerifyCacheProcessImportTodos: 'srvcli.dll' -> '\Device\HarddiskVolume3\Windows\System32\srvcli.dll' [rcNtRedir=0xc0150008]
4488.198: supR3HardenedScreenImage/Imports: cache hit (VINF_SUCCESS) on \Device\HarddiskVolume3\Windows\System32\srvcli.dll
4488.198: supR3HardenedWinVerifyCacheProcessImportTodos: Processing 'msvcrt.dll'...
4488.198: supR3HardenedWinVerifyCacheProcessImportTodos: 'msvcrt.dll' -> '\Device\HarddiskVolume3\Windows\System32\msvcrt.dll' [rcNtRedir=0xc0150008]
4488.198: supR3HardenedMonitor_LdrLoadDll: pName=C:\Windows\System32\urlmon.dll (rcNtResolve=0xc0150008) *pfFlags=0x0 pwszSearchPath=0000000000002009:<flags> [calling]
4488.198: supR3HardenedScreenImage/NtCreateSection: cache hit (VINF_SUCCESS) on \Device\HarddiskVolume3\Windows\System32\urlmon.dll
4488.198: supR3HardenedScreenImage/NtCreateSection: cache hit (VINF_SUCCESS) on \Device\HarddiskVolume3\Windows\System32\iertutil.dll
4488.198: supR3HardenedDllNotificationCallback: load   00007ff9b3bc0000 LB 0x002c4000 C:\Windows\System32\iertutil.dll [fFlags=0x0]
4488.198: supR3HardenedScreenImage/LdrLoadDll: cache hit (VINF_SUCCESS) on \Device\HarddiskVolume3\Windows\System32\iertutil.dll
4488.198: supR3HardenedDllNotificationCallback: load   00007ff9b4550000 LB 0x001dc000 C:\Windows\System32\urlmon.dll [fFlags=0x0]
4488.198: supR3HardenedScreenImage/LdrLoadDll: cache hit (VINF_SUCCESS) on \Device\HarddiskVolume3\Windows\System32\urlmon.dll
4488.198: supR3HardenedMonitor_LdrLoadDll: returns rcNt=0x0 hMod=00007ff9b4550000 'C:\Windows\System32\urlmon.dll'
4488.198: supR3HardenedMonitor_LdrLoadDll: returns rcNt=0x0 hMod=00007ff9c9610000 'C:\WINDOWS\System32\user32.dll'
4488.198: supR3HardenedScreenImage/LdrLoadDll: cache hit (VINF_SUCCESS) on \Device\HarddiskVolume3\Windows\System32\sspicli.dll
4488.198: supR3HardenedMonitor_LdrLoadDll: pName=C:\WINDOWS\System32\sspicli.dll (Input=sspicli.dll, rcNtResolve=0xc0150008) *pfFlags=0x0 pwszSearchPath=0000000000000801:<flags> [calling]
4488.198: supR3HardenedMonitor_LdrLoadDll: returns rcNt=0x0 hMod=00007ff9c5e60000 'C:\WINDOWS\System32\sspicli.dll'
4488.198: supR3HardenedIsApiSetDll: ApiSetQueryApiSetPresence(API-MS-WIN-CORE-URL-L1-1-0.DLL) -> 0x0, fPresent=1
4488.198: supR3HardenedMonitor_LdrLoadDll: pName=API-MS-WIN-CORE-URL-L1-1-0.DLL (rcNtResolve=0x0) *pfFlags=0x0 pwszSearchPath=0000000000000001:<flags> [calling]
4488.198: supR3HardenedMonitor_LdrLoadDll: returns rcNt=0x0 hMod=00007ff9c72a0000 'API-MS-WIN-CORE-URL-L1-1-0.DLL'
4488.198: supR3HardenedWinVerifyCacheScheduleImports: Import todo: #32 'rpcrt4.dll'.
4488.198: supHardenedWinVerifyImageByHandle: -> 0 (\Device\HarddiskVolume3\Windows\System32\propsys.dll)
4488.198: supR3HardenedWinVerifyCacheInsert: \Device\HarddiskVolume3\Windows\System32\propsys.dll
4488.198: supR3HardenedDllNotificationCallback: load   00007ff9c1af0000 LB 0x000f5000 C:\Windows\System32\PROPSYS.dll [fFlags=0x0]
4488.198: supR3HardenedScreenImage/LdrLoadDll: cache hit (VINF_SUCCESS) on \Device\HarddiskVolume3\Windows\System32\propsys.dll [avoiding WinVerifyTrust]
4488.198: supR3HardenedWinVerifyCacheProcessImportTodos: Processing 'rpcrt4.dll'...
4488.198: supR3HardenedWinVerifyCacheProcessImportTodos: 'rpcrt4.dll' -> '\Device\HarddiskVolume3\Windows\System32\rpcrt4.dll' [rcNtRedir=0xc0150008]
4488.198: supR3HardenedMonitor_LdrLoadDll: returns rcNt=0x0 hMod=00007ff9c5b00000 'C:\WINDOWS\system32\rsaenh.dll'
4488.198: supR3HardenedMonitor_LdrLoadDll: returns rcNt=0x0 hMod=00007ff9c7050000 'C:\WINDOWS\System32\crypt32.dll'
4488.198: supR3HardenedWinVerifyCacheProcessWvtTodos: 0 (was 0) fWinVerifyTrust=1 for '\Device\HarddiskVolume3\Windows\System32\propsys.dll'
4488.198: supR3HardenedMonitor_LdrLoadDll: returns rcNt=0x0 hMod=00007ff9c5b00000 'C:\WINDOWS\system32\rsaenh.dll'
4488.198: supR3HardenedMonitor_LdrLoadDll: returns rcNt=0x0 hMod=00007ff9c7050000 'C:\WINDOWS\System32\crypt32.dll'
4488.198: supHardenedWinVerifyImageByHandle: -> 0 (\Device\HarddiskVolume3\Windows\System32\virtdisk.dll) WinVerifyTrust
4488.198: supR3HardenedWinVerifyCacheInsert: \Device\HarddiskVolume3\Windows\System32\virtdisk.dll
4488.198: supR3HardenedMonitor_LdrLoadDll: pName=C:\WINDOWS\System32\virtdisk.dll (Input=virtdisk.dll, rcNtResolve=0xc0150008) *pfFlags=0x0 pwszSearchPath=0000000000000801:<flags> [calling]
4488.198: supR3HardenedScreenImage/NtCreateSection: cache hit (VINF_SUCCESS) on \Device\HarddiskVolume3\Windows\System32\virtdisk.dll
4488.198: supR3HardenedDllNotificationCallback: load   00007ff9a9330000 LB 0x00017000 C:\WINDOWS\System32\virtdisk.dll [fFlags=0x0]
4488.198: supR3HardenedScreenImage/LdrLoadDll: cache hit (VINF_SUCCESS) on \Device\HarddiskVolume3\Windows\System32\virtdisk.dll
4488.198: supR3HardenedMonitor_LdrLoadDll: returns rcNt=0x0 hMod=00007ff9a9330000 'C:\WINDOWS\System32\virtdisk.dll'
4488.198: supR3HardenedScreenImage/LdrLoadDll: cache hit (VINF_SUCCESS) on \Device\HarddiskVolume3\Windows\System32\propsys.dll
4488.198: supR3HardenedMonitor_LdrLoadDll: pName=C:\WINDOWS\system32\propsys.dll (rcNtResolve=0xc0150008) *pfFlags=0x0 pwszSearchPath=0000000000002009:<flags> [calling]
4488.198: supR3HardenedMonitor_LdrLoadDll: returns rcNt=0x0 hMod=00007ff9c1af0000 'C:\WINDOWS\system32\propsys.dll'
4488.198: supR3HardenedMonitor_LdrLoadDll: returns rcNt=0x0 hMod=00007ff9c5b00000 'C:\WINDOWS\system32\rsaenh.dll'
4488.198: supR3HardenedMonitor_LdrLoadDll: returns rcNt=0x0 hMod=00007ff9c7050000 'C:\WINDOWS\System32\crypt32.dll'
4488.198: supR3HardenedWinVerifyCacheScheduleImports: Import todo: #0 'msvcrt.dll'.
4488.198: supR3HardenedWinVerifyCacheScheduleImports: Import todo: #39 'gdi32.dll'.
4488.198: supR3HardenedWinVerifyCacheScheduleImports: Import todo: #40 'user32.dll'.
4488.198: supHardenedWinVerifyImageByHandle: -> 0 (\Device\HarddiskVolume3\Windows\WinSxS\amd64_microsoft.windows.common-controls_6595b64144ccf1df_6.0.26100.9278_none_3e0d1ba8e3303201\comctl32.dll) WinVerifyTrust
4488.198: supR3HardenedWinVerifyCacheInsert: \Device\HarddiskVolume3\Windows\WinSxS\amd64_microsoft.windows.common-controls_6595b64144ccf1df_6.0.26100.9278_none_3e0d1ba8e3303201\comctl32.dll
4488.198: supR3HardenedWinVerifyCacheProcessImportTodos: Processing 'user32.dll'...
4488.198: supR3HardenedWinVerifyCacheProcessImportTodos: 'user32.dll' -> '\Device\HarddiskVolume3\Windows\System32\user32.dll' [rcNtRedir=0xc0150008]
4488.198: supR3HardenedWinVerifyCacheProcessImportTodos: Processing 'gdi32.dll'...
4488.198: supR3HardenedWinVerifyCacheProcessImportTodos: 'gdi32.dll' -> '\Device\HarddiskVolume3\Windows\System32\gdi32.dll' [rcNtRedir=0xc0150008]
4488.198: supR3HardenedWinVerifyCacheProcessImportTodos: Processing 'msvcrt.dll'...
4488.198: supR3HardenedWinVerifyCacheProcessImportTodos: 'msvcrt.dll' -> '\Device\HarddiskVolume3\Windows\System32\msvcrt.dll' [rcNtRedir=0xc0150008]
4488.198: supR3HardenedMonitor_LdrLoadDll: pName=C:\WINDOWS\WinSxS\amd64_microsoft.windows.common-controls_6595b64144ccf1df_6.0.26100.9278_none_3e0d1ba8e3303201\comctl32.dll (Input=comctl32.dll, rcNtResolve=0x0) *pfFlags=0x0 pwszSearchPath=0000000000004001:<flags> [calling]
4488.198: supR3HardenedScreenImage/NtCreateSection: cache hit (VINF_SUCCESS) on \Device\HarddiskVolume3\Windows\WinSxS\amd64_microsoft.windows.common-controls_6595b64144ccf1df_6.0.26100.9278_none_3e0d1ba8e3303201\comctl32.dll
4488.198: supR3HardenedDllNotificationCallback: load   00007ff9b78f0000 LB 0x00290000 C:\WINDOWS\WinSxS\amd64_microsoft.windows.common-controls_6595b64144ccf1df_6.0.26100.9278_none_3e0d1ba8e3303201\comctl32.dll [fFlags=0x0]
4488.198: supR3HardenedScreenImage/LdrLoadDll: cache hit (VINF_SUCCESS) on \Device\HarddiskVolume3\Windows\WinSxS\amd64_microsoft.windows.common-controls_6595b64144ccf1df_6.0.26100.9278_none_3e0d1ba8e3303201\comctl32.dll
4488.198: supR3HardenedMonitor_LdrLoadDll: returns rcNt=0x0 hMod=00007ff9b78f0000 'C:\WINDOWS\WinSxS\amd64_microsoft.windows.common-controls_6595b64144ccf1df_6.0.26100.9278_none_3e0d1ba8e3303201\comctl32.dll'
4488.198: supR3HardenedScreenImage/LdrLoadDll: cache hit (VINF_SUCCESS) on \Device\HarddiskVolume3\Windows\WinSxS\amd64_microsoft.windows.common-controls_6595b64144ccf1df_6.0.26100.9278_none_3e0d1ba8e3303201\comctl32.dll
4488.198: supR3HardenedMonitor_LdrLoadDll: pName=C:\WINDOWS\WinSxS\amd64_microsoft.windows.common-controls_6595b64144ccf1df_6.0.26100.9278_none_3e0d1ba8e3303201\comctl32.dll (Input=comctl32.dll, rcNtResolve=0x0) *pfFlags=0x0 pwszSearchPath=0000000000004001:<flags> [calling]
4488.198: supR3HardenedMonitor_LdrLoadDll: returns rcNt=0x0 hMod=00007ff9b78f0000 'C:\WINDOWS\WinSxS\amd64_microsoft.windows.common-controls_6595b64144ccf1df_6.0.26100.9278_none_3e0d1ba8e3303201\comctl32.dll'
4488.198: supR3HardenedMonitor_LdrLoadDll: returns rcNt=0x0 hMod=00007ff9c8480000 'C:\WINDOWS\System32\shell32.dll'
4488.198: supR3HardenedMonitor_LdrLoadDll: returns rcNt=0x0 hMod=00007ff9c5b00000 'C:\WINDOWS\system32\rsaenh.dll'
4488.198: supR3HardenedMonitor_LdrLoadDll: returns rcNt=0x0 hMod=00007ff9c7050000 'C:\WINDOWS\System32\crypt32.dll'
4488.198: supR3HardenedWinVerifyCacheScheduleImports: Import todo: #3 'windows.storage.dll'.
4488.198: supR3HardenedWinVerifyCacheScheduleImports: Import todo: #4 'combase.dll'.
4488.198: supR3HardenedWinVerifyCacheScheduleImports: Import todo: #37 'msvcp_win.dll'.
4488.198: supHardenedWinVerifyImageByHandle: -> 0 (\Device\HarddiskVolume3\Windows\System32\Windows.System.Launcher.dll) WinVerifyTrust
4488.198: supR3HardenedWinVerifyCacheInsert: \Device\HarddiskVolume3\Windows\System32\Windows.System.Launcher.dll
4488.198: supR3HardenedWinVerifyCacheProcessImportTodos: Processing 'msvcp_win.dll'...
4488.198: supR3HardenedWinVerifyCacheProcessImportTodos: 'msvcp_win.dll' -> '\Device\HarddiskVolume3\Windows\System32\msvcp_win.dll' [rcNtRedir=0xc0150008]
4488.198: supR3HardenedWinVerifyCacheProcessImportTodos: Processing 'combase.dll'...
4488.198: supR3HardenedWinVerifyCacheProcessImportTodos: 'combase.dll' -> '\Device\HarddiskVolume3\Windows\System32\combase.dll' [rcNtRedir=0xc0150008]
4488.198: supR3HardenedScreenImage/Imports: cache hit (VINF_SUCCESS) on \Device\HarddiskVolume3\Windows\System32\combase.dll
4488.198: supR3HardenedWinVerifyCacheProcessImportTodos: Processing 'windows.storage.dll'...
4488.198: supR3HardenedWinVerifyCacheProcessImportTodos: 'windows.storage.dll' -> '\Device\HarddiskVolume3\Windows\System32\windows.storage.dll' [rcNtRedir=0xc0150008]
4488.198: supR3HardenedScreenImage/Imports: cache hit (VINF_SUCCESS) on \Device\HarddiskVolume3\Windows\System32\windows.storage.dll
4488.198: supR3HardenedMonitor_LdrLoadDll: pName=C:\WINDOWS\System32\windows.system.launcher.dll (Input=windows.system.launcher.dll, rcNtResolve=0xc0150008) *pfFlags=0x0 pwszSearchPath=0000000000004001:<flags> [calling]
4488.198: supR3HardenedScreenImage/NtCreateSection: cache hit (VINF_SUCCESS) on \Device\HarddiskVolume3\Windows\System32\Windows.System.Launcher.dll
4488.198: supR3HardenedDllNotificationCallback: load   00007ff9a3580000 LB 0x00180000 C:\WINDOWS\System32\windows.system.launcher.dll [fFlags=0x0]
4488.198: supR3HardenedScreenImage/LdrLoadDll: cache hit (VINF_SUCCESS) on \Device\HarddiskVolume3\Windows\System32\Windows.System.Launcher.dll
4488.198: supR3HardenedMonitor_LdrLoadDll: returns rcNt=0x0 hMod=00007ff9a3580000 'C:\WINDOWS\System32\windows.system.launcher.dll'
4488.198: supR3HardenedDllNotificationCallback: Unload 00007ff9a3580000 LB 0x00180000 C:\WINDOWS\System32\windows.system.launcher.dll [flags=0x0]
4488.198: supHardenedWinVerifyImageByHandle: -> 0 (\Device\HarddiskVolume3\Windows\System32\apphelp.dll)
4488.198: supR3HardenedWinVerifyCacheInsert: \Device\HarddiskVolume3\Windows\System32\apphelp.dll
4488.198: supR3HardenedDllNotificationCallback: load   00007ff9c3da0000 LB 0x0009f000 C:\WINDOWS\SYSTEM32\apphelp.dll [fFlags=0x0]
4488.198: supR3HardenedScreenImage/LdrLoadDll: cache hit (VINF_SUCCESS) on \Device\HarddiskVolume3\Windows\System32\apphelp.dll [avoiding WinVerifyTrust]
4488.198: Detected loader lock ownership: rc=VINF_SUCCESS '\Device\HarddiskVolume3\Windows\System32\apphelp.dll'.
4488.198: supR3HardenedWinVerifyCacheProcessWvtTodos: 0 (was 0) fWinVerifyTrust=0 for '\Device\HarddiskVolume3\Windows\System32\apphelp.dll' [rescheduled]
4488.198: Detected loader lock ownership: rc=VINF_SUCCESS '\Device\HarddiskVolume3\Windows\System32\ntdll.dll'.
4488.198: '\Device\HarddiskVolume3\Windows\System32\ntdll.dll' has no imports
4488.198: supHardenedWinVerifyImageByHandle: -> 0 (\Device\HarddiskVolume3\Windows\System32\ntdll.dll)
4488.198: supR3HardenedWinVerifyCacheInsert: \Device\HarddiskVolume3\Windows\System32\ntdll.dll
4488.198: supR3HardenedMonitor_LdrLoadDll: pName=C:\WINDOWS\System32\ntdll.dll (Input=ntdll.dll, rcNtResolve=0xc0150008) *pfFlags=0x0 pwszSearchPath=0000000000000801:<flags> [calling]
4488.198: supR3HardenedMonitor_LdrLoadDll: returns rcNt=0x0 hMod=00007ff9c9d00000 'C:\WINDOWS\System32\ntdll.dll'
4488.198: Detected loader lock ownership: rc=VINF_SUCCESS '\Device\HarddiskVolume3\Windows\System32\ntdll.dll'.
4488.198: supR3HardenedWinVerifyCacheProcessWvtTodos: 0 (was 0) fWinVerifyTrust=0 for '\Device\HarddiskVolume3\Windows\System32\ntdll.dll' [rescheduled]
4488.198: Detected loader lock ownership: rc=VINF_SUCCESS '\Device\HarddiskVolume3\Windows\System32\apphelp.dll'.
4488.198: supR3HardenedWinVerifyCacheProcessWvtTodos: 0 (was 0) fWinVerifyTrust=0 for '\Device\HarddiskVolume3\Windows\System32\apphelp.dll' [rescheduled]
4488.198: Detected loader lock ownership: rc=VINF_SUCCESS '\Device\HarddiskVolume3\Windows\System32\ntdll.dll'.
4488.198: supR3HardenedWinVerifyCacheProcessWvtTodos: 0 (was 0) fWinVerifyTrust=0 for '\Device\HarddiskVolume3\Windows\System32\ntdll.dll' [rescheduled]
4488.198: Detected loader lock ownership: rc=VINF_SUCCESS '\Device\HarddiskVolume3\Windows\System32\apphelp.dll'.
4488.198: supR3HardenedWinVerifyCacheProcessWvtTodos: 0 (was 0) fWinVerifyTrust=0 for '\Device\HarddiskVolume3\Windows\System32\apphelp.dll' [rescheduled]
4488.198: supR3HardenedScreenImage/LdrLoadDll: cache hit (VINF_SUCCESS) on \Device\HarddiskVolume3\Windows\System32\ntdll.dll [redoing WinVerifyTrust]
4488.198: Detected loader lock ownership: rc=VINF_SUCCESS '\Device\HarddiskVolume3\Windows\System32\ntdll.dll'.
4488.198: supR3HardenedScreenImage/LdrLoadDll: WinVerifyTrust not available, rescheduling \Device\HarddiskVolume3\Windows\System32\ntdll.dll
4488.198: supR3HardenedMonitor_LdrLoadDll: pName=C:\WINDOWS\System32\ntdll.dll (Input=ntdll.dll, rcNtResolve=0xc0150008) *pfFlags=0x0 pwszSearchPath=0000000000000801:<flags> [calling]
4488.198: supR3HardenedMonitor_LdrLoadDll: returns rcNt=0x0 hMod=00007ff9c9d00000 'C:\WINDOWS\System32\ntdll.dll'
4488.198: Detected loader lock ownership: rc=VINF_SUCCESS '\Device\HarddiskVolume3\Windows\System32\ntdll.dll'.
4488.198: supR3HardenedWinVerifyCacheProcessWvtTodos: 0 (was 0) fWinVerifyTrust=0 for '\Device\HarddiskVolume3\Windows\System32\ntdll.dll' [rescheduled]
4488.198: Detected loader lock ownership: rc=VINF_SUCCESS '\Device\HarddiskVolume3\Windows\System32\apphelp.dll'.
4488.198: supR3HardenedWinVerifyCacheProcessWvtTodos: 0 (was 0) fWinVerifyTrust=0 for '\Device\HarddiskVolume3\Windows\System32\apphelp.dll' [rescheduled]
4488.198: supR3HardenedMonitor_LdrLoadDll: returns rcNt=0x0 hMod=00007ff9c5b00000 'C:\WINDOWS\system32\rsaenh.dll'
4488.198: supR3HardenedMonitor_LdrLoadDll: returns rcNt=0x0 hMod=00007ff9c7050000 'C:\WINDOWS\System32\crypt32.dll'
4488.198: supR3HardenedWinVerifyCacheProcessWvtTodos: 0 (was 0) fWinVerifyTrust=1 for '\Device\HarddiskVolume3\Windows\System32\ntdll.dll'
4488.198: supR3HardenedMonitor_LdrLoadDll: returns rcNt=0x0 hMod=00007ff9c5b00000 'C:\WINDOWS\system32\rsaenh.dll'
4488.198: supR3HardenedMonitor_LdrLoadDll: returns rcNt=0x0 hMod=00007ff9c7050000 'C:\WINDOWS\System32\crypt32.dll'
4488.198: supR3HardenedWinVerifyCacheProcessWvtTodos: 0 (was 0) fWinVerifyTrust=1 for '\Device\HarddiskVolume3\Windows\System32\apphelp.dll'
4488.198: supR3HardenedMonitor_LdrLoadDll: returns rcNt=0x0 hMod=00007ff9c8480000 'C:\WINDOWS\System32\shell32.dll'
4488.198: supR3HardenedScreenImage/LdrLoadDll: cache hit (VINF_SUCCESS) on \Device\HarddiskVolume3\Windows\System32\Windows.System.Launcher.dll
4488.198: supR3HardenedMonitor_LdrLoadDll: pName=C:\WINDOWS\System32\windows.system.launcher.dll (Input=windows.system.launcher.dll, rcNtResolve=0xc0150008) *pfFlags=0x0 pwszSearchPath=0000000000004001:<flags> [calling]
4488.198: supR3HardenedScreenImage/NtCreateSection: cache hit (VINF_SUCCESS) on \Device\HarddiskVolume3\Windows\System32\Windows.System.Launcher.dll
4488.198: supR3HardenedDllNotificationCallback: load   00007ff9a3580000 LB 0x00180000 C:\WINDOWS\System32\windows.system.launcher.dll [fFlags=0x0]
4488.198: supR3HardenedScreenImage/LdrLoadDll: cache hit (VINF_SUCCESS) on \Device\HarddiskVolume3\Windows\System32\Windows.System.Launcher.dll
4488.198: supR3HardenedMonitor_LdrLoadDll: returns rcNt=0x0 hMod=00007ff9a3580000 'C:\WINDOWS\System32\windows.system.launcher.dll'
4488.198: supR3HardenedDllNotificationCallback: Unload 00007ff9a3580000 LB 0x00180000 C:\WINDOWS\System32\windows.system.launcher.dll [flags=0x0]
4488.198: supR3HardenedMonitor_LdrLoadDll: returns rcNt=0x0 hMod=00007ff9c8480000 'C:\WINDOWS\System32\shell32.dll'
4488.198: supR3HardenedScreenImage/LdrLoadDll: cache hit (VINF_SUCCESS) on \Device\HarddiskVolume3\Windows\System32\Windows.System.Launcher.dll
4488.198: supR3HardenedMonitor_LdrLoadDll: pName=C:\WINDOWS\System32\windows.system.launcher.dll (Input=windows.system.launcher.dll, rcNtResolve=0xc0150008) *pfFlags=0x0 pwszSearchPath=0000000000004001:<flags> [calling]
4488.198: supR3HardenedScreenImage/NtCreateSection: cache hit (VINF_SUCCESS) on \Device\HarddiskVolume3\Windows\System32\Windows.System.Launcher.dll
4488.198: supR3HardenedDllNotificationCallback: load   00007ff9a3580000 LB 0x00180000 C:\WINDOWS\System32\windows.system.launcher.dll [fFlags=0x0]
4488.198: supR3HardenedScreenImage/LdrLoadDll: cache hit (VINF_SUCCESS) on \Device\HarddiskVolume3\Windows\System32\Windows.System.Launcher.dll
4488.198: supR3HardenedMonitor_LdrLoadDll: returns rcNt=0x0 hMod=00007ff9a3580000 'C:\WINDOWS\System32\windows.system.launcher.dll'
4488.198: supR3HardenedDllNotificationCallback: Unload 00007ff9a3580000 LB 0x00180000 C:\WINDOWS\System32\windows.system.launcher.dll [flags=0x0]
4488.198: supR3HardenedMonitor_LdrLoadDll: returns rcNt=0x0 hMod=00007ff9c8480000 'C:\WINDOWS\System32\shell32.dll'
4488.198: supR3HardenedDllNotificationCallback: load   00007ff9a3580000 LB 0x00180000 C:\WINDOWS\System32\windows.system.launcher.dll [fFlags=0x0]
4488.198: supR3HardenedMonitor_LdrLoadDll: returns rcNt=0x0 hMod=00007ff9a3580000 'C:\WINDOWS\System32\windows.system.launcher.dll'
4488.198: supR3HardenedDllNotificationCallback: Unload 00007ff9a3580000 LB 0x00180000 C:\WINDOWS\System32\windows.system.launcher.dll [flags=0x0]
4488.198: supR3HardenedMonitor_LdrLoadDll: returns rcNt=0x0 hMod=00007ff9c8480000 'C:\WINDOWS\System32\shell32.dll'
4488.198: supR3HardenedDllNotificationCallback: load   00007ff9a3580000 LB 0x00180000 C:\WINDOWS\System32\windows.system.launcher.dll [fFlags=0x0]
4488.198: supR3HardenedMonitor_LdrLoadDll: returns rcNt=0x0 hMod=00007ff9a3580000 'C:\WINDOWS\System32\windows.system.launcher.dll'
4488.198: supR3HardenedDllNotificationCallback: Unload 00007ff9a3580000 LB 0x00180000 C:\WINDOWS\System32\windows.system.launcher.dll [flags=0x0]
4488.198: supR3HardenedMonitor_LdrLoadDll: returns rcNt=0x0 hMod=00007ff9c8480000 'C:\WINDOWS\System32\shell32.dll'
4488.198: supR3HardenedScreenImage/NtCreateSection: cache hit (VINF_SUCCESS) on \Device\HarddiskVolume3\Windows\System32\Windows.System.Launcher.dll
4488.198: supR3HardenedDllNotificationCallback: load   00007ff9a3580000 LB 0x00180000 C:\WINDOWS\System32\windows.system.launcher.dll [fFlags=0x0]
4488.198: supR3HardenedMonitor_LdrLoadDll: returns rcNt=0x0 hMod=00007ff9a3580000 'C:\WINDOWS\System32\windows.system.launcher.dll'
4488.198: supR3HardenedDllNotificationCallback: Unload 00007ff9a3580000 LB 0x00180000 C:\WINDOWS\System32\windows.system.launcher.dll [flags=0x0]
4488.198: supR3HardenedScreenImage/LdrLoadDll: cache hit (VINF_SUCCESS) on \Device\HarddiskVolume3\Windows\System32\shell32.dll
4488.198: supR3HardenedMonitor_LdrLoadDll: pName=C:\WINDOWS\System32\shell32.dll (Input=shell32.dll, rcNtResolve=0xc0150008) *pfFlags=0x0 pwszSearchPath=0000000000004001:<flags> [calling]
4488.198: supR3HardenedMonitor_LdrLoadDll: returns rcNt=0x0 hMod=00007ff9c8480000 'C:\WINDOWS\System32\shell32.dll'
4488.198: supR3HardenedDllNotificationCallback: load   00007ff9a3580000 LB 0x00180000 C:\WINDOWS\System32\windows.system.launcher.dll [fFlags=0x0]
4488.198: supR3HardenedMonitor_LdrLoadDll: returns rcNt=0x0 hMod=00007ff9a3580000 'C:\WINDOWS\System32\windows.system.launcher.dll'
4488.198: supR3HardenedDllNotificationCallback: Unload 00007ff9a3580000 LB 0x00180000 C:\WINDOWS\System32\windows.system.launcher.dll [flags=0x0]
4488.198: supR3HardenedMonitor_LdrLoadDll: returns rcNt=0x0 hMod=00007ff9c8480000 'C:\WINDOWS\System32\shell32.dll'
4488.198: supR3HardenedDllNotificationCallback: load   00007ff9a3580000 LB 0x00180000 C:\WINDOWS\System32\windows.system.launcher.dll [fFlags=0x0]
4488.198: supR3HardenedMonitor_LdrLoadDll: returns rcNt=0x0 hMod=00007ff9a3580000 'C:\WINDOWS\System32\windows.system.launcher.dll'
4488.198: supR3HardenedDllNotificationCallback: Unload 00007ff9a3580000 LB 0x00180000 C:\WINDOWS\System32\windows.system.launcher.dll [flags=0x0]
4488.2214: supR3HardNtViCallWinVerifyTrustCatFile: hFile=0000000000001d94 pwszName=\Device\HarddiskVolume3\Windows\System32\EhStorShell.dll
4488.2214: supR3HardNtViCallWinVerifyTrustCatFile: Cached context 00000207be1a4f20
4488.2214: supR3HardNtViCallWinVerifyTrustCatFile: hCatAdmin=00000207be1a4f20
4488.2214: supR3HardNtViCallWinVerifyTrustCatFile: cbHash=20 wszDigest=9B482AEA98BBE91DEC7619B9496356ACFE1159F1
4488.2214: supR3HardenedMonitor_LdrLoadDll: returns rcNt=0x0 hMod=00007ff9c5b00000 'C:\WINDOWS\system32\rsaenh.dll'
4488.2214: supR3HardenedMonitor_LdrLoadDll: returns rcNt=0x0 hMod=00007ff9c7050000 'C:\WINDOWS\System32\crypt32.dll'
4488.2214: supR3HardNtViCallWinVerifyTrustCatFile: WinVerifyTrust => 0x0; cat='C:\WINDOWS\system32\CatRoot\{F750E6C3-38EE-11D1-85E5-00C04FC295EE}\Microsoft-Windows-Client-Desktop-Required-Package0416~31bf3856ad364e35~amd64~~10.0.26100.9457.cat'; file='\Device\HarddiskVolume3\Windows\System32\EhStorShell.dll'
4488.2214: supR3HardNtViCallWinVerifyTrustCatFile -> 0 (org 22900)
4488.2214: supR3HardenedWinVerifyCacheScheduleImports: Import todo: #0 'msvcrt.dll'.
4488.2214: supR3HardenedWinVerifyCacheScheduleImports: Import todo: #2 'user32.dll'.
4488.2214: supR3HardenedWinVerifyCacheScheduleImports: Import todo: #3 'ole32.dll'.
4488.2214: supR3HardenedWinVerifyCacheScheduleImports: Import todo: #4 'oleaut32.dll'.
4488.2214: supR3HardenedWinVerifyCacheScheduleImports: Import todo: #5 'advapi32.dll'.
4488.2214: supR3HardenedWinVerifyCacheScheduleImports: Import todo: #6 'shell32.dll'.
4488.2214: supR3HardenedWinVerifyCacheScheduleImports: Import todo: #7 'propsys.dll'.
4488.2214: supR3HardenedWinVerifyCacheScheduleImports: Import todo: #8 'shlwapi.dll'.
4488.2214: supR3HardenedWinVerifyCacheScheduleImports: Import todo: #9 'comctl32.dll'.
4488.2214: supR3HardenedWinVerifyCacheScheduleImports: Import todo: #10 'setupapi.dll'.
4488.2214: supHardenedWinVerifyImageByHandle: -> 0 (\Device\HarddiskVolume3\Windows\System32\EhStorShell.dll) WinVerifyTrust
4488.2214: supR3HardenedWinVerifyCacheInsert: \Device\HarddiskVolume3\Windows\System32\EhStorShell.dll
4488.2214: supR3HardenedWinVerifyCacheProcessImportTodos: Processing 'setupapi.dll'...
4488.2214: supR3HardenedWinVerifyCacheProcessImportTodos: 'setupapi.dll' -> '\Device\HarddiskVolume3\Windows\System32\setupapi.dll' [rcNtRedir=0xc0150008]
4488.2214: supR3HardenedScreenImage/Imports: cache hit (VINF_SUCCESS) on \Device\HarddiskVolume3\Windows\System32\setupapi.dll
4488.2214: supR3HardenedWinVerifyCacheProcessImportTodos: Processing 'comctl32.dll'...
4488.2214: supR3HardenedWinVerifyCacheProcessImportTodos: 'comctl32.dll' -> '\Device\HarddiskVolume3\Windows\System32\comctl32.dll' [rcNtRedir=0x0]
4488.2214: supR3HardenedScreenImage/Imports: cache hit (VINF_SUCCESS) on \Device\HarddiskVolume3\Windows\System32\comctl32.dll
4488.2214: supR3HardenedWinVerifyCacheProcessImportTodos: Processing 'shlwapi.dll'...
4488.2214: supR3HardenedWinVerifyCacheProcessImportTodos: 'shlwapi.dll' -> '\Device\HarddiskVolume3\Windows\System32\shlwapi.dll' [rcNtRedir=0xc0150008]
4488.2214: supR3HardenedScreenImage/Imports: cache hit (VINF_SUCCESS) on \Device\HarddiskVolume3\Windows\System32\shlwapi.dll
4488.2214: supR3HardenedWinVerifyCacheProcessImportTodos: Processing 'propsys.dll'...
4488.2214: supR3HardenedWinVerifyCacheProcessImportTodos: 'propsys.dll' -> '\Device\HarddiskVolume3\Windows\System32\propsys.dll' [rcNtRedir=0xc0150008]
4488.2214: supR3HardenedScreenImage/Imports: cache hit (VINF_SUCCESS) on \Device\HarddiskVolume3\Windows\System32\propsys.dll
4488.2214: supR3HardenedWinVerifyCacheProcessImportTodos: Processing 'shell32.dll'...
4488.2214: supR3HardenedWinVerifyCacheProcessImportTodos: 'shell32.dll' -> '\Device\HarddiskVolume3\Windows\System32\shell32.dll' [rcNtRedir=0xc0150008]
4488.2214: supR3HardenedWinVerifyCacheProcessImportTodos: Processing 'advapi32.dll'...
4488.2214: supR3HardenedWinVerifyCacheProcessImportTodos: 'advapi32.dll' -> '\Device\HarddiskVolume3\Windows\System32\advapi32.dll' [rcNtRedir=0xc0150008]
4488.2214: supR3HardenedScreenImage/Imports: cache hit (VINF_SUCCESS) on \Device\HarddiskVolume3\Windows\System32\advapi32.dll
4488.2214: supR3HardenedWinVerifyCacheProcessImportTodos: Processing 'oleaut32.dll'...
4488.2214: supR3HardenedWinVerifyCacheProcessImportTodos: 'oleaut32.dll' -> '\Device\HarddiskVolume3\Windows\System32\oleaut32.dll' [rcNtRedir=0xc0150008]
4488.2214: supR3HardenedWinVerifyCacheProcessImportTodos: Processing 'ole32.dll'...
4488.2214: supR3HardenedWinVerifyCacheProcessImportTodos: 'ole32.dll' -> '\Device\HarddiskVolume3\Windows\System32\ole32.dll' [rcNtRedir=0xc0150008]
4488.2214: supR3HardenedWinVerifyCacheProcessImportTodos: Processing 'user32.dll'...
4488.2214: supR3HardenedWinVerifyCacheProcessImportTodos: 'user32.dll' -> '\Device\HarddiskVolume3\Windows\System32\user32.dll' [rcNtRedir=0xc0150008]
4488.2214: supR3HardenedWinVerifyCacheProcessImportTodos: Processing 'msvcrt.dll'...
4488.2214: supR3HardenedWinVerifyCacheProcessImportTodos: 'msvcrt.dll' -> '\Device\HarddiskVolume3\Windows\System32\msvcrt.dll' [rcNtRedir=0xc0150008]
4488.2214: supR3HardenedMonitor_LdrLoadDll: pName=C:\Windows\System32\EhStorShell.dll (rcNtResolve=0xc0150008) *pfFlags=0x0 pwszSearchPath=0000000000002009:<flags> [calling]
4488.2214: supR3HardenedScreenImage/NtCreateSection: cache hit (VINF_SUCCESS) on \Device\HarddiskVolume3\Windows\System32\EhStorShell.dll
4488.2214: supR3HardenedDllNotificationCallback: load   00007ff994970000 LB 0x00041000 C:\Windows\System32\EhStorShell.dll [fFlags=0x0]
4488.2214: supR3HardenedScreenImage/LdrLoadDll: cache hit (VINF_SUCCESS) on \Device\HarddiskVolume3\Windows\System32\EhStorShell.dll
4488.2214: supR3HardenedMonitor_LdrLoadDll: returns rcNt=0x0 hMod=00007ff994970000 'C:\Windows\System32\EhStorShell.dll'
4488.2214: supR3HardenedMonitor_LdrLoadDll: returns rcNt=0x0 hMod=00007ff9c5b00000 'C:\WINDOWS\system32\rsaenh.dll'
4488.2214: supR3HardenedMonitor_LdrLoadDll: returns rcNt=0x0 hMod=00007ff9c7050000 'C:\WINDOWS\System32\crypt32.dll'
4488.2214: supR3HardenedWinVerifyCacheScheduleImports: Import todo: #3 'rpcrt4.dll'.
4488.2214: supR3HardenedWinVerifyCacheScheduleImports: Import todo: #13 'msvcp_win.dll'.
4488.2214: supR3HardenedWinVerifyCacheScheduleImports: Import todo: #25 'combase.dll'.
4488.2214: supHardenedWinVerifyImageByHandle: -> 0 (\Device\HarddiskVolume3\Windows\System32\OneCoreUAPCommonProxyStub.dll) WinVerifyTrust
4488.2214: supR3HardenedWinVerifyCacheInsert: \Device\HarddiskVolume3\Windows\System32\OneCoreUAPCommonProxyStub.dll
4488.2214: supR3HardenedWinVerifyCacheProcessImportTodos: Processing 'combase.dll'...
4488.2214: supR3HardenedWinVerifyCacheProcessImportTodos: 'combase.dll' -> '\Device\HarddiskVolume3\Windows\System32\combase.dll' [rcNtRedir=0xc0150008]
4488.2214: supR3HardenedScreenImage/Imports: cache hit (VINF_SUCCESS) on \Device\HarddiskVolume3\Windows\System32\combase.dll
4488.2214: supR3HardenedWinVerifyCacheProcessImportTodos: Processing 'msvcp_win.dll'...
4488.2214: supR3HardenedWinVerifyCacheProcessImportTodos: 'msvcp_win.dll' -> '\Device\HarddiskVolume3\Windows\System32\msvcp_win.dll' [rcNtRedir=0xc0150008]
4488.2214: supR3HardenedWinVerifyCacheProcessImportTodos: Processing 'rpcrt4.dll'...
4488.2214: supR3HardenedWinVerifyCacheProcessImportTodos: 'rpcrt4.dll' -> '\Device\HarddiskVolume3\Windows\System32\rpcrt4.dll' [rcNtRedir=0xc0150008]
4488.2214: supR3HardenedMonitor_LdrLoadDll: pName=C:\Windows\System32\OneCoreUAPCommonProxyStub.dll (rcNtResolve=0xc0150008) *pfFlags=0x0 pwszSearchPath=0000000000002009:<flags> [calling]
4488.2214: supR3HardenedScreenImage/NtCreateSection: cache hit (VINF_SUCCESS) on \Device\HarddiskVolume3\Windows\System32\OneCoreUAPCommonProxyStub.dll
4488.2214: supR3HardenedDllNotificationCallback: load   00007ff9ba920000 LB 0x00662000 C:\Windows\System32\OneCoreUAPCommonProxyStub.dll [fFlags=0x0]
4488.2214: supR3HardenedScreenImage/LdrLoadDll: cache hit (VINF_SUCCESS) on \Device\HarddiskVolume3\Windows\System32\OneCoreUAPCommonProxyStub.dll
4488.2214: supR3HardenedMonitor_LdrLoadDll: returns rcNt=0x0 hMod=00007ff9ba920000 'C:\Windows\System32\OneCoreUAPCommonProxyStub.dll'
4488.198: supR3HardenedScreenImage/LdrLoadDll: cache hit (VINF_SUCCESS) on \Device\HarddiskVolume3\Windows\System32\EhStorShell.dll
4488.198: supR3HardenedMonitor_LdrLoadDll: pName=C:\Windows\System32\EhStorShell.dll (rcNtResolve=0xc0150008) *pfFlags=0x0 pwszSearchPath=0000000000000001:<flags> [calling]
4488.198: supR3HardenedMonitor_LdrLoadDll: returns rcNt=0x0 hMod=00007ff994970000 'C:\Windows\System32\EhStorShell.dll'
4488.198: supR3HardenedMonitor_LdrLoadDll: returns rcNt=0x0 hMod=00007ff9c5b00000 'C:\WINDOWS\system32\rsaenh.dll'
4488.198: supR3HardenedMonitor_LdrLoadDll: returns rcNt=0x0 hMod=00007ff9c7050000 'C:\WINDOWS\System32\crypt32.dll'
4488.198: supR3HardenedWinVerifyCacheScheduleImports: Import todo: #40 'msvcp_win.dll'.
4488.198: supHardenedWinVerifyImageByHandle: -> 0 (\Device\HarddiskVolume3\Windows\System32\thumbcache.dll) WinVerifyTrust
4488.198: supR3HardenedWinVerifyCacheInsert: \Device\HarddiskVolume3\Windows\System32\thumbcache.dll
4488.198: supR3HardenedWinVerifyCacheProcessImportTodos: Processing 'msvcp_win.dll'...
4488.198: supR3HardenedWinVerifyCacheProcessImportTodos: 'msvcp_win.dll' -> '\Device\HarddiskVolume3\Windows\System32\msvcp_win.dll' [rcNtRedir=0xc0150008]
4488.198: supR3HardenedMonitor_LdrLoadDll: pName=C:\Windows\System32\thumbcache.dll (rcNtResolve=0xc0150008) *pfFlags=0x0 pwszSearchPath=0000000000002009:<flags> [calling]
4488.198: supR3HardenedScreenImage/NtCreateSection: cache hit (VINF_SUCCESS) on \Device\HarddiskVolume3\Windows\System32\thumbcache.dll
4488.198: supR3HardenedDllNotificationCallback: load   00007ff995af0000 LB 0x00074000 C:\Windows\System32\thumbcache.dll [fFlags=0x0]
4488.198: supR3HardenedScreenImage/LdrLoadDll: cache hit (VINF_SUCCESS) on \Device\HarddiskVolume3\Windows\System32\thumbcache.dll
4488.198: supR3HardenedMonitor_LdrLoadDll: returns rcNt=0x0 hMod=00007ff995af0000 'C:\Windows\System32\thumbcache.dll'
4488.198: supR3HardenedScreenImage/NtCreateSection: cache hit (VINF_SUCCESS) on \Device\HarddiskVolume3\Windows\System32\imageres.dll
4488.198: supR3HardenedWinVerifyCacheScheduleImports: Import todo: #0 'msvcp_win.dll'.
4488.198: supHardenedWinVerifyImageByHandle: -> 0 (\Device\HarddiskVolume3\Windows\System32\policymanager.dll)
4488.198: supR3HardenedWinVerifyCacheInsert: \Device\HarddiskVolume3\Windows\System32\policymanager.dll
4488.198: supR3HardenedDllNotificationCallback: load   00007ff9c2030000 LB 0x000b6000 C:\WINDOWS\SYSTEM32\policymanager.dll [fFlags=0x0]
4488.198: supR3HardenedScreenImage/LdrLoadDll: cache hit (VINF_SUCCESS) on \Device\HarddiskVolume3\Windows\System32\policymanager.dll [avoiding WinVerifyTrust]
4488.198: supR3HardenedWinVerifyCacheProcessImportTodos: Processing 'msvcp_win.dll'...
4488.198: supR3HardenedWinVerifyCacheProcessImportTodos: 'msvcp_win.dll' -> '\Device\HarddiskVolume3\Windows\System32\msvcp_win.dll' [rcNtRedir=0xc0150008]
4488.198: supR3HardenedMonitor_LdrLoadDll: returns rcNt=0x0 hMod=00007ff9c5b00000 'C:\WINDOWS\system32\rsaenh.dll'
4488.198: supR3HardenedMonitor_LdrLoadDll: returns rcNt=0x0 hMod=00007ff9c7050000 'C:\WINDOWS\System32\crypt32.dll'
4488.198: supR3HardenedWinVerifyCacheProcessWvtTodos: 0 (was 0) fWinVerifyTrust=1 for '\Device\HarddiskVolume3\Windows\System32\policymanager.dll'
4488.198: supR3HardenedScreenImage/LdrLoadDll: cache hit (VINF_SUCCESS) on \Device\HarddiskVolume3\Windows\System32\WindowsCodecs.dll
4488.198: supR3HardenedMonitor_LdrLoadDll: pName=C:\Windows\System32\windowscodecs.dll (rcNtResolve=0xc0150008) *pfFlags=0x0 pwszSearchPath=0000000000002009:<flags> [calling]
4488.198: supR3HardenedMonitor_LdrLoadDll: returns rcNt=0x0 hMod=00007ff9c2110000 'C:\Windows\System32\windowscodecs.dll'
4488.2090: supR3HardenedDllNotificationCallback: Unload 00007ff995af0000 LB 0x00074000 C:\Windows\System32\thumbcache.dll [flags=0x0]
4488.1ef0: supR3HardenedDllNotificationCallback: Unload 00007ff9b83b0000 LB 0x0000d000 C:\Program Files\Oracle\VirtualBox\VBoxGuestPropSvc.DLL [flags=0x0]
4488.2dcc: supR3HardenedDllNotificationCallback: Unload 00007ff9b83c0000 LB 0x0000d000 C:\Program Files\Oracle\VirtualBox\VBoxGuestControlSvc.DLL [flags=0x0]
4488.2b44: supR3HardenedDllNotificationCallback: Unload 00007ff9b9470000 LB 0x00016000 C:\Program Files\Oracle\VirtualBox\VBoxSharedFolders.DLL [flags=0x0]
4488.2e40: supR3HardenedDllNotificationCallback: Unload 00007ff9c0e10000 LB 0x0000d000 C:\Program Files\Oracle\VirtualBox\VBoxDragAndDropSvc.DLL [flags=0x0]
4488.10b8: supR3HardenedWinVerifyCacheScheduleImports: Import todo: #0 'msvcrt.dll'.
4488.10b8: supHardenedWinVerifyImageByHandle: -> 22900 (\Device\HarddiskVolume3\Windows\System32\edputil.dll)
4488.10b8: supR3HardenedWinVerifyCacheInsert: \Device\HarddiskVolume3\Windows\System32\edputil.dll
4488.10b8: supR3HardenedDllNotificationCallback: load   00007ff99f3c0000 LB 0x00029000 C:\WINDOWS\SYSTEM32\edputil.dll [fFlags=0x0]
4488.10b8: supR3HardenedScreenImage/LdrLoadDll: cache hit (22900) on \Device\HarddiskVolume3\Windows\System32\edputil.dll [avoiding WinVerifyTrust]
4488.10b8: supR3HardenedDllNotificationCallback: Unload 00007ff9aa7a0000 LB 0x00022000 C:\Program Files\Oracle\VirtualBox\VBoxSharedClipboard.DLL [flags=0x0]
4488.31d4: supR3HardenedDllNotificationCallback: Unload 00007ff9696f0000 LB 0x00afe000 C:\Program Files\Oracle\VirtualBox\VBoxDD.DLL [flags=0x0]
4488.31d4: supR3HardenedDllNotificationCallback: Unload 00007ff960120000 LB 0x00075000 C:\Program Files\Oracle\VirtualBox\VBoxDDU.dll [flags=0x0]
4488.31d4: supR3HardenedDllNotificationCallback: Unload 00007ff93b860000 LB 0x00e5e000 C:\Program Files\Oracle\VirtualBox\VBoxDD2.dll [flags=0x0]
4488.f0c: supR3HardenedDllNotificationCallback: Unload 00007ff9709c0000 LB 0x005b8000 C:\Program Files\Oracle\VirtualBox\VBoxVMM.DLL [flags=0x0]
4488.f0c: supR3HardenedDllNotificationCallback: Unload 00007ff9adce0000 LB 0x00015000 C:\WINDOWS\system32\wbem\wbemsvc.dll [flags=0x0]
4488.f0c: supR3HardenedDllNotificationCallback: Unload 00007ff9ae050000 LB 0x000f5000 C:\WINDOWS\system32\wbem\fastprox.dll [flags=0x0]
4488.f0c: supR3HardenedDllNotificationCallback: Unload 00007ff9af090000 LB 0x00012000 C:\WINDOWS\system32\wbem\wbemprox.dll [flags=0x0]
4488.f0c: supR3HardenedDllNotificationCallback: Unload 00007ff9b3910000 LB 0x0007a000 C:\WINDOWS\SYSTEM32\wbemcomn.dll [flags=0x0]
4488.f0c: supR3HardenedDllNotificationCallback: Unload 00007ff99cda0000 LB 0x0005c000 C:\WINDOWS\system32\dataexchange.dll [flags=0x0]
4488.f0c: supR3HardenedDllNotificationCallback: Unload 00007ff9bb080000 LB 0x00250000 C:\WINDOWS\system32\twinapi.appcore.dll [flags=0x0]
4488.f0c: supR3HardenedDllNotificationCallback: Unload 00007ff9601a0000 LB 0x000eb000 C:\Program Files\Oracle\VirtualBox\VBoxProxyStub.dll [flags=0x0]
4488.f0c: supR3HardenedDllNotificationCallback: Unload 00007ff9b4550000 LB 0x001dc000 C:\Windows\System32\urlmon.dll [flags=0x0]
4488.f0c: supR3HardenedDllNotificationCallback: Unload 00007ff9b3bc0000 LB 0x002c4000 C:\Windows\System32\iertutil.dll [flags=0x0]
4488.f0c: supR3HardenedDllNotificationCallback: Unload 00007ff9ba920000 LB 0x00662000 C:\Windows\System32\OneCoreUAPCommonProxyStub.dll [flags=0x0]
4488.f0c: supR3HardenedDllNotificationCallback: Unload 00007ff95f960000 LB 0x00435000 C:\Program Files\Oracle\VirtualBox\VBoxC.dll [flags=0x0]
4488.f0c: Terminating the normal way: rcExit=0
17d0.2a14: supR3HardNtChildWaitFor[2]: Quitting: ExitCode=0x0 (rcNtWait=0x0, rcNt1=0x0, rcNt2=0x103, rcNt3=0x103, 3176417 ms, the end);
1da0.1cd8: supR3HardNtChildWaitFor[1]: Quitting: ExitCode=0x0 (rcNtWait=0x0, rcNt1=0x0, rcNt2=0x103, rcNt3=0x103, 3177635 ms, the end);
