00:00:02.808992 VirtualBox VM 7.2.18 r175117 win.amd64 (Sep 14 2026 17:58:55) release log
00:00:02.808995 Log opened 2026-09-25T10:12:43.040946400Z
00:00:02.808996 Build Type: release
00:00:02.809001 OS Product: Windows 11
00:00:02.809341 OS Release: 10.0.26200.9457
00:00:02.809347 OS Service Pack: 
00:00:02.923469 DMI Product Name: UBox
00:00:02.928773 DMI Product Version: Version 1.0
00:00:02.928782 Firmware type: UEFI
00:00:02.929249 Secure Boot: Disabled
00:00:02.929263 Host RAM: 13053MB (12.7GB) total, 5416MB (5.2GB) available
00:00:02.929266 Executable: C:\Program Files\Oracle\VirtualBox\VirtualBoxVM.exe
00:00:02.929267 Process ID: 17544
00:00:02.929267 Package type: WINDOWS_64BITS_GENERIC
00:00:02.929268 Windows Features:
00:00:02.929268   Core Isolation (Memory Integrity): Not supported
00:00:02.930332 Installed Extension Packs:
00:00:02.930371   None installed!
00:00:02.931058 Console: Machine state changed to 'Starting'
00:00:02.931283 GUI: Qt version: 6.8.0
00:00:02.931298 GUI: HID LEDs sync is enabled
00:00:02.935970 GUI: UIMediumEnumerator: Medium-enumeration finished!
00:00:02.961889 GUI: Cannot notify guest about VM window out-of-focus event
00:00:02.972312 GUI: UIMediumEnumerator: Medium-enumeration finished!
00:00:02.975606 SUP: seg #0: R   0x00000000 LB 0x00001000
00:00:02.975632 SUP: seg #1: R X 0x00001000 LB 0x0022c000
00:00:02.975637 SUP: seg #2: R   0x0022d000 LB 0x00054000
00:00:02.975641 SUP: seg #3: RW  0x00281000 LB 0x00013000
00:00:02.975644 SUP: seg #4: R   0x00294000 LB 0x00015000
00:00:02.975647 SUP: seg #5: RW  0x002a9000 LB 0x00004000
00:00:02.975651 SUP: seg #6: R   0x002ad000 LB 0x00007000
00:00:02.975654 SUP: seg #7: R X 0x002b4000 LB 0x00002000
00:00:02.975658 SUP: seg #8: R   0x002b6000 LB 0x00007000
00:00:02.977235 SUP: Loaded VMMR0.r0 (C:\Program Files\Oracle\VirtualBox/VMMR0.r0) at 0xXXXXXXXXXXXXXXXX - ModuleInit at XXXXXXXXXXXXXXXX and ModuleTerm at XXXXXXXXXXXXXXXX using the native ring-0 loader
00:00:02.977264 SUP: VMMR0EntryEx located at XXXXXXXXXXXXXXXX and VMMR0EntryFast at XXXXXXXXXXXXXXXX
00:00:02.977268 SUP: windbg> .reload /f C:\Program Files\Oracle\VirtualBox/VMMR0.r0=0xXXXXXXXXXXXXXXXX
00:00:02.980309 Guest architecture: x86
00:00:02.980351 Guest OS type: 'Ubuntu25_64'
00:00:02.980707 fHMForced=true - No raw-mode support in this build!
00:00:02.980720 Using execution engine 1
00:00:02.983694 File system of 'C:\Users\Student\VirtualBox VMs\qwe\Snapshots' (snapshots) is ntfs
00:00:02.983721 File system of 'C:\Users\Student\VirtualBox VMs\qwe\qwe.vdi' is ntfs
00:00:02.995690 Shared Clipboard: Initialized OLE
00:00:02.995727 Shared Clipboard: Service loaded
00:00:02.995733 Shared Clipboard: Mode: Off
00:00:02.995766 Shared Clipboard: Service running in normal mode
00:00:03.004246 Drag and drop service loaded
00:00:03.004258 Drag and drop mode: Off
00:00:03.004807 Audio: Detected default audio driver type is 'HostAudioWas'
00:00:03.007199 ************************* CFGM dump *************************
00:00:03.007200 [/] (level 0)
00:00:03.007201   CpuExecutionCap   <integer> = 0x0000000000000064 (100)
00:00:03.007202   EnablePAE         <integer> = 0x0000000000000001 (1)
00:00:03.007203   HMEnabled         <integer> = 0x0000000000000001 (1)
00:00:03.007204   MemBalloonSize    <integer> = 0x0000000000000000 (0, 0 B)
00:00:03.007210   Name              <string>  = "qwe" (cb=4)
00:00:03.007211   NumCPUs           <integer> = 0x0000000000000001 (1)
00:00:03.007211   PageFusionAllowed <integer> = 0x0000000000000000 (0)
00:00:03.007211   RamHoleSize       <integer> = 0x0000000020000000 (536 870 912, 512.0 MiB)
00:00:03.007212   RamSize           <integer> = 0x0000000080000000 (2 147 483 648, 2.0 GiB)
00:00:03.007213   TimerMillies      <integer> = 0x000000000000000a (10)
00:00:03.007213   UUID              <bytes>   = "f2 5d 2e 78 db d1 01 44 83 8a 24 32 e1 1f d2 62" (cb=16)
00:00:03.007215 
00:00:03.007215 [/CPUM/] (level 1)
00:00:03.007216   Enable64bit        <integer> = 0x0000000000000001 (1)
00:00:03.007216   GuestCpuName       <string>  = "host" (cb=5)
00:00:03.007217   NestedHWVirt       <integer> = 0x0000000000000000 (0)
00:00:03.007217   PortableCpuIdLevel <integer> = 0x0000000000000000 (0)
00:00:03.007217   SpecCtrl           <integer> = 0x0000000000000000 (0)
00:00:03.007218 
00:00:03.007218 [/CPUM/IsaExts/] (level 2)
00:00:03.007218 
00:00:03.007219 [/DBGC/] (level 1)
00:00:03.007219   GlobalInitScript <string>  = "C:\Users\Student\.VirtualBox/dbgc-init" (cb=39)
00:00:03.007219   HistoryFile      <string>  = "C:\Users\Student\.VirtualBox/dbgc-history" (cb=42)
00:00:03.007220   LocalInitScript  <string>  = "C:\Users\Student\VirtualBox VMs\qwe/dbgc-init" (cb=46)
00:00:03.007220 
00:00:03.007220 [/DBGF/] (level 1)
00:00:03.007221   Path <string>  = "C:\Users\Student\VirtualBox VMs\qwe/debug/;C:\Users\Student\VirtualBox VMs\qwe/;cache*C:\Users\Student\VirtualBox VMs\qwe/dbgcache/;C:\Users\Student\" (cb=150)
00:00:03.007221 
00:00:03.007221 [/Devices/] (level 1)
00:00:03.007221 
00:00:03.007222 [/Devices/3c501/] (level 2)
00:00:03.007222 
00:00:03.007222 [/Devices/8237A/] (level 2)
00:00:03.007223 
00:00:03.007223 [/Devices/8237A/0/] (level 3)
00:00:03.007223   Trusted <integer> = 0x0000000000000001 (1)
00:00:03.007224 
00:00:03.007224 [/Devices/GIMDev/] (level 2)
00:00:03.007224 
00:00:03.007224 [/Devices/GIMDev/0/] (level 3)
00:00:03.007225   Trusted <integer> = 0x0000000000000001 (1)
00:00:03.007225 
00:00:03.007225 [/Devices/VMMDev/] (level 2)
00:00:03.007226 
00:00:03.007226 [/Devices/VMMDev/0/] (level 3)
00:00:03.007227   PCIBusNo      <integer> = 0x0000000000000000 (0)
00:00:03.007227   PCIDeviceNo   <integer> = 0x0000000000000004 (4)
00:00:03.007227   PCIFunctionNo <integer> = 0x0000000000000000 (0)
00:00:03.007228   Trusted       <integer> = 0x0000000000000001 (1)
00:00:03.007228 
00:00:03.007228 [/Devices/VMMDev/0/Config/] (level 4)
00:00:03.007229   GuestCoreDumpDir <string>  = "C:\Users\Student\VirtualBox VMs\qwe\Snapshots" (cb=46)
00:00:03.007230 
00:00:03.007230 [/Devices/VMMDev/0/LUN#0/] (level 4)
00:00:03.007230   Driver <string>  = "HGCM" (cb=5)
00:00:03.007231 
00:00:03.007231 [/Devices/VMMDev/0/LUN#0/Config/] (level 5)
00:00:03.007231 
00:00:03.007232 [/Devices/VMMDev/0/LUN#999/] (level 4)
00:00:03.007232   Driver <string>  = "MainStatus" (cb=11)
00:00:03.007233 
00:00:03.007233 [/Devices/VMMDev/0/LUN#999/Config/] (level 5)
00:00:03.007234   First                <integer> = 0x0000000000000000 (0)
00:00:03.007234   HasMediumAttachments <integer> = 0x0000000000000000 (0)
00:00:03.007234   Last                 <integer> = 0x0000000000000000 (0)
00:00:03.007235   iLedSet              <integer> = 0x0000000000000006 (6)
00:00:03.007235 
00:00:03.007235 [/Devices/acpi/] (level 2)
00:00:03.007236 
00:00:03.007236 [/Devices/acpi/0/] (level 3)
00:00:03.007237   PCIBusNo      <integer> = 0x0000000000000000 (0)
00:00:03.007237   PCIDeviceNo   <integer> = 0x0000000000000007 (7)
00:00:03.007237   PCIFunctionNo <integer> = 0x0000000000000000 (0)
00:00:03.007237   Trusted       <integer> = 0x0000000000000001 (1)
00:00:03.007238 
00:00:03.007238 [/Devices/acpi/0/Config/] (level 4)
00:00:03.007239   CpuHotPlug          <integer> = 0x0000000000000000 (0)
00:00:03.007242   FdcEnabled          <integer> = 0x0000000000000000 (0)
00:00:03.007242   HostBusPciAddress   <integer> = 0x0000000000000000 (0)
00:00:03.007242   HpetEnabled         <integer> = 0x0000000000000000 (0)
00:00:03.007243   IOAPIC              <integer> = 0x0000000000000001 (1)
00:00:03.007243   IocPciAddress       <integer> = 0x0000000000010000 (65 536)
00:00:03.007244   NumCPUs             <integer> = 0x0000000000000001 (1)
00:00:03.007244   Parallel0IoPortBase <integer> = 0x0000000000000000 (0)
00:00:03.007244   Parallel0Irq        <integer> = 0x0000000000000000 (0)
00:00:03.007245   Parallel1IoPortBase <integer> = 0x0000000000000000 (0)
00:00:03.007245   Parallel1Irq        <integer> = 0x0000000000000000 (0)
00:00:03.007245   Serial0IoPortBase   <integer> = 0x0000000000000000 (0)
00:00:03.007246   Serial0Irq          <integer> = 0x0000000000000000 (0)
00:00:03.007246   Serial1IoPortBase   <integer> = 0x0000000000000000 (0)
00:00:03.007246   Serial1Irq          <integer> = 0x0000000000000000 (0)
00:00:03.007247   ShowCpu             <integer> = 0x0000000000000001 (1)
00:00:03.007247   ShowRtc             <integer> = 0x0000000000000000 (0)
00:00:03.007247   SmcEnabled          <integer> = 0x0000000000000000 (0)
00:00:03.007248 
00:00:03.007248 [/Devices/acpi/0/LUN#0/] (level 4)
00:00:03.007248   Driver <string>  = "ACPIHost" (cb=9)
00:00:03.007249 
00:00:03.007249 [/Devices/acpi/0/LUN#0/Config/] (level 5)
00:00:03.007249 
00:00:03.007249 [/Devices/ahci/] (level 2)
00:00:03.007250 
00:00:03.007250 [/Devices/ahci/0/] (level 3)
00:00:03.007251   PCIBusNo      <integer> = 0x0000000000000000 (0)
00:00:03.007251   PCIDeviceNo   <integer> = 0x000000000000000d (13)
00:00:03.007251   PCIFunctionNo <integer> = 0x0000000000000000 (0)
00:00:03.007252   Trusted       <integer> = 0x0000000000000001 (1)
00:00:03.007252 
00:00:03.007252 [/Devices/ahci/0/Config/] (level 4)
00:00:03.007253   Bootable  <integer> = 0x0000000000000001 (1)
00:00:03.007253   PortCount <integer> = 0x0000000000000001 (1)
00:00:03.007253 
00:00:03.007254 [/Devices/ahci/0/Config/Port0/] (level 5)
00:00:03.007254   Hotpluggable <integer> = 0x0000000000000000 (0)
00:00:03.007255 
00:00:03.007255 [/Devices/ahci/0/LUN#0/] (level 4)
00:00:03.007255   Driver <string>  = "VD" (cb=3)
00:00:03.007256 
00:00:03.007256 [/Devices/ahci/0/LUN#0/Config/] (level 5)
00:00:03.007257   BlockCache <integer> = 0x0000000000000001 (1)
00:00:03.007257   Format     <string>  = "VDI" (cb=4)
00:00:03.007257   Mountable  <integer> = 0x0000000000000000 (0)
00:00:03.007258   Path       <string>  = "C:\Users\Student\VirtualBox VMs\qwe\qwe.vdi" (cb=44)
00:00:03.007258   Type       <string>  = "HardDisk" (cb=9)
00:00:03.007259   UseNewIo   <integer> = 0x0000000000000001 (1)
00:00:03.007259 
00:00:03.007259 [/Devices/ahci/0/LUN#0/Config/VDConfig/] (level 6)
00:00:03.007260   AllocationBlockSize <string>  = "1048576" (cb=8)
00:00:03.007260 
00:00:03.007260 [/Devices/ahci/0/LUN#999/] (level 4)
00:00:03.007261   Driver <string>  = "MainStatus" (cb=11)
00:00:03.007261 
00:00:03.007261 [/Devices/ahci/0/LUN#999/Config/] (level 5)
00:00:03.007262   DeviceInstance       <string>  = "ahci/0" (cb=7)
00:00:03.007262   First                <integer> = 0x0000000000000000 (0)
00:00:03.007263   HasMediumAttachments <integer> = 0x0000000000000001 (1)
00:00:03.007263   Last                 <integer> = 0x0000000000000000 (0)
00:00:03.007263   iLedSet              <integer> = 0x0000000000000004 (4)
00:00:03.007264 
00:00:03.007264 [/Devices/apic/] (level 2)
00:00:03.007264 
00:00:03.007264 [/Devices/apic/0/] (level 3)
00:00:03.007265   Trusted <integer> = 0x0000000000000001 (1)
00:00:03.007265 
00:00:03.007266 [/Devices/apic/0/Config/] (level 4)
00:00:03.007266   IOAPIC  <integer> = 0x0000000000000001 (1)
00:00:03.007267   Mode    <integer> = 0x0000000000000003 (3)
00:00:03.007267   NumCPUs <integer> = 0x0000000000000001 (1)
00:00:03.007267 
00:00:03.007267 [/Devices/dp8390/] (level 2)
00:00:03.007269 
00:00:03.007269 [/Devices/e1000/] (level 2)
00:00:03.007270 
00:00:03.007270 [/Devices/e1000/0/] (level 3)
00:00:03.007270   PCIBusNo      <integer> = 0x0000000000000000 (0)
00:00:03.007271   PCIDeviceNo   <integer> = 0x0000000000000003 (3)
00:00:03.007271   PCIFunctionNo <integer> = 0x0000000000000000 (0)
00:00:03.007271   Trusted       <integer> = 0x0000000000000001 (1)
00:00:03.007272 
00:00:03.007272 [/Devices/e1000/0/Config/] (level 4)
00:00:03.007273   AdapterType    <integer> = 0x0000000000000000 (0)
00:00:03.007273   CableConnected <integer> = 0x0000000000000001 (1)
00:00:03.007273   LineSpeed      <integer> = 0x0000000000000000 (0)
00:00:03.007273   MAC            <bytes>   = "08 00 27 07 64 b0" (cb=6)
00:00:03.007274 
00:00:03.007274 [/Devices/e1000/0/LUN#0/] (level 4)
00:00:03.007275   Driver <string>  = "NAT" (cb=4)
00:00:03.007275 
00:00:03.007275 [/Devices/e1000/0/LUN#0/Config/] (level 5)
00:00:03.007276   AliasMode          <integer> = 0x0000000000000000 (0)
00:00:03.007277   DNSProxy           <integer> = 0x0000000000000000 (0)
00:00:03.007277   EnableTFTP         <integer> = 0x0000000000000000 (0)
00:00:03.007277   ForwardBroadcast   <integer> = 0x0000000000000000 (0)
00:00:03.007278   LocalhostReachable <integer> = 0x0000000000000000 (0)
00:00:03.007278   Network            <string>  = "10.0.2.0/24" (cb=12)
00:00:03.007278   PassDomain         <integer> = 0x0000000000000001 (1)
00:00:03.007279   UseHostResolver    <integer> = 0x0000000000000000 (0)
00:00:03.007279 
00:00:03.007279 [/Devices/e1000/0/LUN#999/] (level 4)
00:00:03.007280   Driver <string>  = "MainStatus" (cb=11)
00:00:03.007280 
00:00:03.007280 [/Devices/e1000/0/LUN#999/Config/] (level 5)
00:00:03.007281   First                <integer> = 0x0000000000000000 (0)
00:00:03.007281   HasMediumAttachments <integer> = 0x0000000000000000 (0)
00:00:03.007282   Last                 <integer> = 0x0000000000000000 (0)
00:00:03.007282   iLedSet              <integer> = 0x0000000000000005 (5)
00:00:03.007282 
00:00:03.007283 [/Devices/i8254/] (level 2)
00:00:03.007283 
00:00:03.007283 [/Devices/i8254/0/] (level 3)
00:00:03.007284 
00:00:03.007284 [/Devices/i8254/0/Config/] (level 4)
00:00:03.007284 
00:00:03.007284 [/Devices/i8259/] (level 2)
00:00:03.007285 
00:00:03.007285 [/Devices/i8259/0/] (level 3)
00:00:03.007286   Trusted <integer> = 0x0000000000000001 (1)
00:00:03.007286 
00:00:03.007286 [/Devices/i8259/0/Config/] (level 4)
00:00:03.007286 
00:00:03.007287 [/Devices/ichac97/] (level 2)
00:00:03.007287 
00:00:03.007287 [/Devices/ichac97/0/] (level 3)
00:00:03.007288   PCIBusNo      <integer> = 0x0000000000000000 (0)
00:00:03.007288   PCIDeviceNo   <integer> = 0x0000000000000005 (5)
00:00:03.007288   PCIFunctionNo <integer> = 0x0000000000000000 (0)
00:00:03.007288   Trusted       <integer> = 0x0000000000000001 (1)
00:00:03.007289 
00:00:03.007289 [/Devices/ichac97/0/AudioConfig/] (level 4)
00:00:03.007289 
00:00:03.007290 [/Devices/ichac97/0/Config/] (level 4)
00:00:03.007290   Codec        <string>  = "AD1980" (cb=7)
00:00:03.007290   DebugEnabled <integer> = 0x0000000000000000 (0)
00:00:03.007291 
00:00:03.007291 [/Devices/ichac97/0/LUN#0/] (level 4)
00:00:03.007291   Driver <string>  = "AUDIO" (cb=6)
00:00:03.007292 
00:00:03.007292 [/Devices/ichac97/0/LUN#0/AttachedDriver/] (level 5)
00:00:03.007292   Driver <string>  = "HostAudioWas" (cb=13)
00:00:03.007292 
00:00:03.007293 [/Devices/ichac97/0/LUN#0/AttachedDriver/Config/] (level 6)
00:00:03.007293   VmName <string>  = "qwe" (cb=4)
00:00:03.007293   VmUuid <string>  = "782e5df2-d1db-4401-838a-2432e11fd262" (cb=37)
00:00:03.007294 
00:00:03.007294 [/Devices/ichac97/0/LUN#0/Config/] (level 5)
00:00:03.007294   DriverName    <string>  = "HostAudioWas" (cb=13)
00:00:03.007295   InputEnabled  <integer> = 0x0000000000000000 (0)
00:00:03.007295   OutputEnabled <integer> = 0x0000000000000001 (1)
00:00:03.007295 
00:00:03.007295 [/Devices/ichac97/0/LUN#1/] (level 4)
00:00:03.007296   Driver <string>  = "AUDIO" (cb=6)
00:00:03.007297 
00:00:03.007297 [/Devices/ichac97/0/LUN#2/] (level 4)
00:00:03.007298   Driver <string>  = "AUDIO" (cb=6)
00:00:03.007298 
00:00:03.007298 [/Devices/ioapic/] (level 2)
00:00:03.007298 
00:00:03.007298 [/Devices/ioapic/0/] (level 3)
00:00:03.007299   Trusted <integer> = 0x0000000000000001 (1)
00:00:03.007299 
00:00:03.007299 [/Devices/ioapic/0/Config/] (level 4)
00:00:03.007300   NumCPUs <integer> = 0x0000000000000001 (1)
00:00:03.007300 
00:00:03.007300 [/Devices/mc146818/] (level 2)
00:00:03.007301 
00:00:03.007301 [/Devices/mc146818/0/] (level 3)
00:00:03.007301 
00:00:03.007301 [/Devices/mc146818/0/Config/] (level 4)
00:00:03.007302   UseUTC <integer> = 0x0000000000000001 (1)
00:00:03.007302 
00:00:03.007302 [/Devices/parallel/] (level 2)
00:00:03.007303 
00:00:03.007303 [/Devices/pcarch/] (level 2)
00:00:03.007303 
00:00:03.007303 [/Devices/pcarch/0/] (level 3)
00:00:03.007304   Trusted <integer> = 0x0000000000000001 (1)
00:00:03.007304 
00:00:03.007304 [/Devices/pcarch/0/Config/] (level 4)
00:00:03.007305 
00:00:03.007305 [/Devices/pcbios/] (level 2)
00:00:03.007305 
00:00:03.007306 [/Devices/pcbios/0/] (level 3)
00:00:03.007306   Trusted <integer> = 0x0000000000000001 (1)
00:00:03.007306 
00:00:03.007306 [/Devices/pcbios/0/Config/] (level 4)
00:00:03.007308   APIC               <integer> = 0x0000000000000001 (1)
00:00:03.007308   BootDevice0        <string>  = "IDE" (cb=4)
00:00:03.007309   BootDevice1        <string>  = "DVD" (cb=4)
00:00:03.007309   BootDevice2        <string>  = "FLOPPY" (cb=7)
00:00:03.007309   BootDevice3        <string>  = "NONE" (cb=5)
00:00:03.007310   DmiSystemSerial    <string>  = "VirtualBox-<DmiSystemUuid>" (cb=27)
00:00:03.007310   FloppyDevice       <string>  = "i82078" (cb=7)
00:00:03.007310   HardDiskDevice     <string>  = "piix3ide" (cb=9)
00:00:03.007311   IOAPIC             <integer> = 0x0000000000000001 (1)
00:00:03.007311   McfgBase           <integer> = 0x0000000000000000 (0)
00:00:03.007312   McfgLength         <integer> = 0x0000000000000000 (0)
00:00:03.007312   NumCPUs            <integer> = 0x0000000000000001 (1)
00:00:03.007312   PXEDebug           <integer> = 0x0000000000000000 (0)
00:00:03.007313   SataHardDiskDevice <string>  = "ahci" (cb=5)
00:00:03.007313   SataLUN1           <integer> = 0x0000000000000000 (0)
00:00:03.007313   UUID               <bytes>   = "f2 5d 2e 78 db d1 01 44 83 8a 24 32 e1 1f d2 62" (cb=16)
00:00:03.007314   UuidLe             <integer> = 0x0000000000000001 (1)
00:00:03.007315 
00:00:03.007315 [/Devices/pcbios/0/Config/NetBoot/] (level 5)
00:00:03.007316 
00:00:03.007316 [/Devices/pcbios/0/Config/NetBoot/0/] (level 6)
00:00:03.007317   NIC           <integer> = 0x0000000000000000 (0)
00:00:03.007317   PCIBusNo      <integer> = 0x0000000000000000 (0)
00:00:03.007317   PCIDeviceNo   <integer> = 0x0000000000000003 (3)
00:00:03.007317   PCIFunctionNo <integer> = 0x0000000000000000 (0)
00:00:03.007318 
00:00:03.007318 [/Devices/pci/] (level 2)
00:00:03.007318 
00:00:03.007319 [/Devices/pci/0/] (level 3)
00:00:03.007319   Trusted <integer> = 0x0000000000000001 (1)
00:00:03.007319 
00:00:03.007320 [/Devices/pci/0/Config/] (level 4)
00:00:03.007320   IOAPIC <integer> = 0x0000000000000001 (1)
00:00:03.007320 
00:00:03.007320 [/Devices/pcibridge/] (level 2)
00:00:03.007321 
00:00:03.007321 [/Devices/pckbd/] (level 2)
00:00:03.007321 
00:00:03.007321 [/Devices/pckbd/0/] (level 3)
00:00:03.007322   Trusted <integer> = 0x0000000000000001 (1)
00:00:03.007322 
00:00:03.007322 [/Devices/pckbd/0/Config/] (level 4)
00:00:03.007323 
00:00:03.007323 [/Devices/pckbd/0/LUN#0/] (level 4)
00:00:03.007324   Driver <string>  = "KeyboardQueue" (cb=14)
00:00:03.007324 
00:00:03.007324 [/Devices/pckbd/0/LUN#0/AttachedDriver/] (level 5)
00:00:03.007325   Driver <string>  = "MainKeyboard" (cb=13)
00:00:03.007325 
00:00:03.007325 [/Devices/pckbd/0/LUN#0/Config/] (level 5)
00:00:03.007326   QueueSize <integer> = 0x0000000000000040 (64, 64 B)
00:00:03.007326 
00:00:03.007326 [/Devices/pckbd/0/LUN#1/] (level 4)
00:00:03.007328   Driver <string>  = "MouseQueue" (cb=11)
00:00:03.007328 
00:00:03.007328 [/Devices/pckbd/0/LUN#1/AttachedDriver/] (level 5)
00:00:03.007329   Driver <string>  = "MainMouse" (cb=10)
00:00:03.007329 
00:00:03.007329 [/Devices/pckbd/0/LUN#1/Config/] (level 5)
00:00:03.007330   QueueSize <integer> = 0x0000000000000080 (128, 128 B)
00:00:03.007331 
00:00:03.007331 [/Devices/pcnet/] (level 2)
00:00:03.007331 
00:00:03.007331 [/Devices/piix3ide/] (level 2)
00:00:03.007332 
00:00:03.007332 [/Devices/piix3ide/0/] (level 3)
00:00:03.007332   PCIBusNo      <integer> = 0x0000000000000000 (0)
00:00:03.007333   PCIDeviceNo   <integer> = 0x0000000000000001 (1)
00:00:03.007333   PCIFunctionNo <integer> = 0x0000000000000001 (1)
00:00:03.007333   Trusted       <integer> = 0x0000000000000001 (1)
00:00:03.007334 
00:00:03.007334 [/Devices/piix3ide/0/Config/] (level 4)
00:00:03.007334   Type <string>  = "PIIX4" (cb=6)
00:00:03.007335 
00:00:03.007335 [/Devices/piix3ide/0/LUN#0/] (level 4)
00:00:03.007336   Driver <string>  = "VD" (cb=3)
00:00:03.007336 
00:00:03.007336 [/Devices/piix3ide/0/LUN#0/Config/] (level 5)
00:00:03.007337   EmptyDrive <integer> = 0x0000000000000001 (1)
00:00:03.007337   Mountable  <integer> = 0x0000000000000001 (1)
00:00:03.007337   Type       <string>  = "DVD" (cb=4)
00:00:03.007337 
00:00:03.007338 [/Devices/piix3ide/0/LUN#999/] (level 4)
00:00:03.007338   Driver <string>  = "MainStatus" (cb=11)
00:00:03.007339 
00:00:03.007339 [/Devices/piix3ide/0/LUN#999/Config/] (level 5)
00:00:03.007340   DeviceInstance       <string>  = "piix3ide/0" (cb=11)
00:00:03.007340   First                <integer> = 0x0000000000000000 (0)
00:00:03.007340   HasMediumAttachments <integer> = 0x0000000000000001 (1)
00:00:03.007341   Last                 <integer> = 0x0000000000000003 (3)
00:00:03.007341   iLedSet              <integer> = 0x0000000000000003 (3)
00:00:03.007341 
00:00:03.007341 [/Devices/serial/] (level 2)
00:00:03.007342 
00:00:03.007342 [/Devices/usb-ehci/] (level 2)
00:00:03.007342 
00:00:03.007342 [/Devices/usb-ehci/0/] (level 3)
00:00:03.007343   PCIBusNo      <integer> = 0x0000000000000000 (0)
00:00:03.007343   PCIDeviceNo   <integer> = 0x000000000000000b (11)
00:00:03.007344   PCIFunctionNo <integer> = 0x0000000000000000 (0)
00:00:03.007344   Trusted       <integer> = 0x0000000000000001 (1)
00:00:03.007344 
00:00:03.007344 [/Devices/usb-ehci/0/Config/] (level 4)
00:00:03.007345 
00:00:03.007345 [/Devices/usb-ehci/0/LUN#0/] (level 4)
00:00:03.007346   Driver <string>  = "VUSBRootHub" (cb=12)
00:00:03.007346 
00:00:03.007346 [/Devices/usb-ehci/0/LUN#0/Config/] (level 5)
00:00:03.007347 
00:00:03.007347 [/Devices/usb-ehci/0/LUN#999/] (level 4)
00:00:03.007347   Driver <string>  = "MainStatus" (cb=11)
00:00:03.007348 
00:00:03.007348 [/Devices/usb-ehci/0/LUN#999/Config/] (level 5)
00:00:03.007349   First                <integer> = 0x0000000000000000 (0)
00:00:03.007349   HasMediumAttachments <integer> = 0x0000000000000000 (0)
00:00:03.007349   Last                 <integer> = 0x0000000000000000 (0)
00:00:03.007350   iLedSet              <integer> = 0x0000000000000002 (2)
00:00:03.007350 
00:00:03.007350 [/Devices/usb-ohci/] (level 2)
00:00:03.007351 
00:00:03.007351 [/Devices/usb-ohci/0/] (level 3)
00:00:03.007351   PCIBusNo      <integer> = 0x0000000000000000 (0)
00:00:03.007351   PCIDeviceNo   <integer> = 0x0000000000000006 (6)
00:00:03.007352   PCIFunctionNo <integer> = 0x0000000000000000 (0)
00:00:03.007352   Trusted       <integer> = 0x0000000000000001 (1)
00:00:03.007352 
00:00:03.007353 [/Devices/usb-ohci/0/Config/] (level 4)
00:00:03.007353 
00:00:03.007353 [/Devices/usb-ohci/0/LUN#0/] (level 4)
00:00:03.007354   Driver <string>  = "VUSBRootHub" (cb=12)
00:00:03.007354 
00:00:03.007354 [/Devices/usb-ohci/0/LUN#0/Config/] (level 5)
00:00:03.007355 
00:00:03.007355 [/Devices/usb-ohci/0/LUN#999/] (level 4)
00:00:03.007356   Driver <string>  = "MainStatus" (cb=11)
00:00:03.007356 
00:00:03.007357 [/Devices/usb-ohci/0/LUN#999/Config/] (level 5)
00:00:03.007357   First                <integer> = 0x0000000000000000 (0)
00:00:03.007358   HasMediumAttachments <integer> = 0x0000000000000000 (0)
00:00:03.007358   Last                 <integer> = 0x0000000000000000 (0)
00:00:03.007359   iLedSet              <integer> = 0x0000000000000001 (1)
00:00:03.007359 
00:00:03.007359 [/Devices/vga/] (level 2)
00:00:03.007360 
00:00:03.007360 [/Devices/vga/0/] (level 3)
00:00:03.007360   PCIBusNo      <integer> = 0x0000000000000000 (0)
00:00:03.007361   PCIDeviceNo   <integer> = 0x0000000000000002 (2)
00:00:03.007361   PCIFunctionNo <integer> = 0x0000000000000000 (0)
00:00:03.007361   Trusted       <integer> = 0x0000000000000001 (1)
00:00:03.007362 
00:00:03.007362 [/Devices/vga/0/Config/] (level 4)
00:00:03.007363   3DEnabled             <integer> = 0x0000000000000000 (0)
00:00:03.007363   CustomVideoModes      <integer> = 0x0000000000000000 (0)
00:00:03.007364   FadeIn                <integer> = 0x0000000000000001 (1)
00:00:03.007364   FadeOut               <integer> = 0x0000000000000001 (1)
00:00:03.007364   HeightReduction       <integer> = 0x0000000000000000 (0)
00:00:03.007365   LogoFile              <string>  = "" (cb=1)
00:00:03.007365   LogoTime              <integer> = 0x0000000000000000 (0)
00:00:03.007366   MonitorCount          <integer> = 0x0000000000000001 (1)
00:00:03.007366   ShowBootMenu          <integer> = 0x0000000000000002 (2)
00:00:03.007366   VMSVGA3dEnabled       <integer> = 0x0000000000000000 (0)
00:00:03.007367   VMSVGAEnabled         <integer> = 0x0000000000000001 (1)
00:00:03.007367   VMSVGAPciBarLayout    <integer> = 0x0000000000000001 (1)
00:00:03.007367   VMSVGAPciId           <integer> = 0x0000000000000001 (1)
00:00:03.007368   VRamSize              <integer> = 0x0000000001000000 (16 777 216, 16.0 MiB)
00:00:03.007368   VmSvga3               <integer> = 0x0000000000000000 (0)
00:00:03.007369   VmSvgaExposeLegacyVga <integer> = 0x0000000000000001 (1)
00:00:03.007369 
00:00:03.007369 [/Devices/vga/0/LUN#0/] (level 4)
00:00:03.007370   Driver <string>  = "MainDisplay" (cb=12)
00:00:03.007370 
00:00:03.007370 [/Devices/vga/0/LUN#0/Config/] (level 5)
00:00:03.007371 
00:00:03.007371 [/Devices/vga/0/LUN#999/] (level 4)
00:00:03.007371   Driver <string>  = "MainStatus" (cb=11)
00:00:03.007372 
00:00:03.007372 [/Devices/vga/0/LUN#999/Config/] (level 5)
00:00:03.007373   First                <integer> = 0x0000000000000000 (0)
00:00:03.007373   HasMediumAttachments <integer> = 0x0000000000000000 (0)
00:00:03.007373   Last                 <integer> = 0x0000000000000000 (0)
00:00:03.007374   iLedSet              <integer> = 0x0000000000000000 (0)
00:00:03.007374 
00:00:03.007374 [/Devices/virtio-net/] (level 2)
00:00:03.007375 
00:00:03.007375 [/EM/] (level 1)
00:00:03.007375   TripleFaultReset <integer> = 0x0000000000000000 (0)
00:00:03.007375 
00:00:03.007376 [/GCM/] (level 1)
00:00:03.007376   MesaVmsvgaDrv <integer> = 0x0000000000000001 (1)
00:00:03.007376 
00:00:03.007376 [/GIM/] (level 1)
00:00:03.007377   Provider <string>  = "KVM" (cb=4)
00:00:03.007377 
00:00:03.007377 [/HM/] (level 1)
00:00:03.007379   64bitEnabled            <integer> = 0x0000000000000001 (1)
00:00:03.007379   EnableLargePages        <integer> = 0x0000000000000001 (1)
00:00:03.007379   EnableNestedPaging      <integer> = 0x0000000000000001 (1)
00:00:03.007380   EnableUX                <integer> = 0x0000000000000001 (1)
00:00:03.007380   EnableVPID              <integer> = 0x0000000000000001 (1)
00:00:03.007380   Exclusive               <integer> = 0x0000000000000000 (0)
00:00:03.007381   HMForced                <integer> = 0x0000000000000001 (1)
00:00:03.007381   IBPBOnVMEntry           <integer> = 0x0000000000000000 (0)
00:00:03.007382   IBPBOnVMExit            <integer> = 0x0000000000000000 (0)
00:00:03.007382   L1DFlushOnSched         <integer> = 0x0000000000000001 (1)
00:00:03.007382   L1DFlushOnVMEntry       <integer> = 0x0000000000000000 (0)
00:00:03.007384   LovelyMesaDrvWorkaround <integer> = 0x0000000000000001 (1)
00:00:03.007384   MDSClearOnSched         <integer> = 0x0000000000000001 (1)
00:00:03.007384   MDSClearOnVMEntry       <integer> = 0x0000000000000000 (0)
00:00:03.007385   SpecCtrlByHost          <integer> = 0x0000000000000000 (0)
00:00:03.007385   SvmVirtVmsaveVmload     <integer> = 0x0000000000000001 (1)
00:00:03.007385   UseNEMInstead           <integer> = 0x0000000000000000 (0)
00:00:03.007386 
00:00:03.007386 [/MM/] (level 1)
00:00:03.007386   CanUseLargerHeap <integer> = 0x0000000000000000 (0)
00:00:03.007387 
00:00:03.007387 [/NEM/] (level 1)
00:00:03.007388   Allow64BitGuests        <integer> = 0x0000000000000001 (1)
00:00:03.007388   IBPBOnVMEntry           <integer> = 0x0000000000000000 (0)
00:00:03.007388   IBPBOnVMExit            <integer> = 0x0000000000000000 (0)
00:00:03.007389   L1DFlushOnSched         <integer> = 0x0000000000000001 (1)
00:00:03.007389   L1DFlushOnVMEntry       <integer> = 0x0000000000000000 (0)
00:00:03.007389   LovelyMesaDrvWorkaround <integer> = 0x0000000000000001 (1)
00:00:03.007390   MDSClearOnSched         <integer> = 0x0000000000000001 (1)
00:00:03.007390   MDSClearOnVMEntry       <integer> = 0x0000000000000000 (0)
00:00:03.007390 
00:00:03.007390 [/PDM/] (level 1)
00:00:03.007391 
00:00:03.007391 [/PDM/AsyncCompletion/] (level 2)
00:00:03.007391 
00:00:03.007391 [/PDM/AsyncCompletion/File/] (level 3)
00:00:03.007392 
00:00:03.007392 [/PDM/AsyncCompletion/File/BwGroups/] (level 4)
00:00:03.007393 
00:00:03.007393 [/PDM/BlkCache/] (level 2)
00:00:03.007393   CacheSize <integer> = 0x0000000000500000 (5 242 880, 5.0 MiB)
00:00:03.007394 
00:00:03.007394 [/PDM/Devices/] (level 2)
00:00:03.007394 
00:00:03.007394 [/PDM/Drivers/] (level 2)
00:00:03.007395 
00:00:03.007395 [/PDM/Drivers/VBoxC/] (level 3)
00:00:03.007395   Path <string>  = "VBoxC" (cb=6)
00:00:03.007396 
00:00:03.007396 [/PDM/NetworkShaper/] (level 2)
00:00:03.007396 
00:00:03.007396 [/PDM/NetworkShaper/BwGroups/] (level 3)
00:00:03.007397 
00:00:03.007397 [/TM/] (level 1)
00:00:03.007397   UTCOffset <integer> = 0x0000000000000000 (0)
00:00:03.007398 
00:00:03.007398 [/USB/] (level 1)
00:00:03.007398 
00:00:03.007398 [/USB/HidMouse/] (level 2)
00:00:03.007399 
00:00:03.007399 [/USB/HidMouse/0/] (level 3)
00:00:03.007399 
00:00:03.007399 [/USB/HidMouse/0/Config/] (level 4)
00:00:03.007400   Mode <string>  = "absolute" (cb=9)
00:00:03.007400 
00:00:03.007400 [/USB/HidMouse/0/LUN#0/] (level 4)
00:00:03.007401   Driver <string>  = "MouseQueue" (cb=11)
00:00:03.007401 
00:00:03.007401 [/USB/HidMouse/0/LUN#0/AttachedDriver/] (level 5)
00:00:03.007402   Driver <string>  = "MainMouse" (cb=10)
00:00:03.007402 
00:00:03.007402 [/USB/HidMouse/0/LUN#0/Config/] (level 5)
00:00:03.007403   QueueSize <integer> = 0x0000000000000080 (128, 128 B)
00:00:03.007403 
00:00:03.007403 [/USB/USBProxy/] (level 2)
00:00:03.007404 
00:00:03.007404 [/USB/USBProxy/GlobalConfig/] (level 3)
00:00:03.007404 
00:00:03.007405 ********************* End of CFGM dump **********************
00:00:03.007460 HM: HMR3Init: AMD-V w/ nested paging
00:00:03.007543 CPUM: fXStateHostMask=0x7; host XCR0=0x7
00:00:03.007747 CPUM: Matched host CPU AMD 0x19/0x44/0x1 AMD_Unknown with CPU DB entry 'AMD Ryzen 7 1800X Eight-Core' (AMD 0x17/0x1/0x1 AMD_Zen_Ryzen)
00:00:03.010881 CPUM: MXCSR_MASK=0x2ffff (host: 0x2ffff)
00:00:03.010914 CPUM: Microcode revision 0x0A404102
00:00:03.010924 CPUM: Changing leaf 13[0]: EBX=0x340 -> 0x340, ECX=0x988 -> 0x340
00:00:03.010932 CPUM:
00:00:03.010933 CPUM: Unexpected CPUID sub-leaves for leaf 0x80000020; fSubLeafMask=0xffffffff
00:00:03.010936 CPUM: 80000020/00000000: 00000000 00000002 00000000 00000000; flags=0x0 mask=0xffffffff
00:00:03.010941 CPUM: 80000020/00000001: 0000000b 00000000 00000000 0000000f; flags=0x0 mask=0xffffffff
00:00:03.010946 CPUM: 80000020/00000002: 00000000 00000000 00000000 00000000; flags=0x0 mask=0xffffffff
00:00:03.010950 CPUM:
00:00:03.010961 CPUM: MSR fudge: 0x00000017 IA32_PLATFORM_ID
00:00:03.011000 CPUM: MSR fudge: 0x000001a0 IA32_MISC_ENABLE
00:00:03.011024 CPUM: MSR fudge: 0x000002ff IA32_MTRR_DEF_TYPE
00:00:03.011041 CPUM: MSR fudge: 0x0000002c P4_EBC_FREQUENCY_ID
00:00:03.011112 CPUM: SetGuestCpuIdFeature: Enabled SYSENTER/EXIT
00:00:03.011122 CPUM: SetGuestCpuIdFeature: Enabled SYSCALL/RET
00:00:03.011125 CPUM: SetGuestCpuIdFeature: Enabled PAE
00:00:03.011130 CPUM: SetGuestCpuIdFeature: Enabled LAHF/SAHF
00:00:03.011133 CPUM: SetGuestCpuIdFeature: Enabled NX
00:00:03.011136 CPUM: SetGuestCpuIdFeature: Enabled LONG MODE
00:00:03.011141 CPUM: Set SSBD not required flag for AMD to work around some buggy Linux kernels!
00:00:03.011144 CPUM: Enabled MTRR read-write support
00:00:03.011148 CPUM: Enabled fixed-range MTRRs and 16 (virtualized) variable-range MTRRs
00:00:03.011714 PGM: Host paging mode: AMD64+PGE+NX
00:00:03.011736 PGM: PGMPool: cMaxPages=1280 (u64MaxPages=1058)
00:00:03.011741 PGM: pgmR3PoolInit: cMaxPages=0x500 cMaxUsers=0xa00 cMaxPhysExts=0xa00 fCacheEnable=true
00:00:03.024460 TM: GIP - u32Mode=3 (Invariant) u32UpdateHz=93 u32UpdateIntervalNS=10741500 enmUseTscDelta=2 (Practically Zero) fGetGipCpu=0x3b cCpus=12
00:00:03.024497 TM: GIP - u64CpuHz=3 293 792 496 (0xc45348f0)  SUPGetCpuHzFromGip => 3 293 792 496
00:00:03.024502 TM: GIP - CPU: iCpuSet=0x0 idCpu=0x0 idApic=0x0 iGipCpu=0x0 i64TSCDelta=0 enmState=3 u64CpuHz=3293792496(*) cErrors=0
00:00:03.024507 TM: GIP - CPU: iCpuSet=0x1 idCpu=0x1 idApic=0x1 iGipCpu=0x2 i64TSCDelta=0 enmState=3 u64CpuHz=3293786473(*) cErrors=0
00:00:03.024510 TM: GIP - CPU: iCpuSet=0x2 idCpu=0x2 idApic=0x2 iGipCpu=0x6 i64TSCDelta=0 enmState=3 u64CpuHz=3293792302(*) cErrors=0
00:00:03.024514 TM: GIP - CPU: iCpuSet=0x3 idCpu=0x3 idApic=0x3 iGipCpu=0x8 i64TSCDelta=0 enmState=3 u64CpuHz=3293792362(*) cErrors=0
00:00:03.024517 TM: GIP - CPU: iCpuSet=0x4 idCpu=0x4 idApic=0x4 iGipCpu=0xb i64TSCDelta=0 enmState=3 u64CpuHz=3293792486(*) cErrors=0
00:00:03.024521 TM: GIP - CPU: iCpuSet=0x5 idCpu=0x5 idApic=0x5 iGipCpu=0x9 i64TSCDelta=0 enmState=3 u64CpuHz=3293792411(*) cErrors=0
00:00:03.024524 TM: GIP - CPU: iCpuSet=0x6 idCpu=0x6 idApic=0x6 iGipCpu=0x4 i64TSCDelta=0 enmState=3 u64CpuHz=3293792243(*) cErrors=0
00:00:03.024527 TM: GIP - CPU: iCpuSet=0x7 idCpu=0x7 idApic=0x7 iGipCpu=0xa i64TSCDelta=0 enmState=3 u64CpuHz=3293792448(*) cErrors=0
00:00:03.024530 TM: GIP - CPU: iCpuSet=0x8 idCpu=0x8 idApic=0x8 iGipCpu=0x7 i64TSCDelta=0 enmState=3 u64CpuHz=3293792434(*) cErrors=0
00:00:03.024534 TM: GIP - CPU: iCpuSet=0x9 idCpu=0x9 idApic=0x9 iGipCpu=0x3 i64TSCDelta=0 enmState=3 u64CpuHz=3293791982(*) cErrors=0
00:00:03.024537 TM: GIP - CPU: iCpuSet=0xa idCpu=0xa idApic=0xa iGipCpu=0x1 i64TSCDelta=0 enmState=3 u64CpuHz=3293780937(*) cErrors=0
00:00:03.024541 TM: GIP - CPU: iCpuSet=0xb idCpu=0xb idApic=0xb iGipCpu=0x5 i64TSCDelta=0 enmState=3 u64CpuHz=3293792180(*) cErrors=0
00:00:03.024562 TM:     cTSCTicksPerSecond=3 293 792 496 (0xc45348f0) enmTSCMode=3 (Dynamic) TSCMultiplier=1
00:00:03.024563 TM: cTSCTicksPerSecondHost=3 293 792 496 (0xc45348f0)
00:00:03.024563 TM: TSCTiedToExecution=false TSCNotTiedToHalt=false
00:00:03.025348 EMR3Init: fIemExecutesAll=false fGuruOnTripleFault=true
00:00:03.025484 IEM: TargetCpu=CURRENT, Microarch=AMD_Unknown aidxTargetCpuEflFlavour={2,0}
00:00:03.025955 GIM: Using provider 'KVM' (Implementation version: 0)
00:00:03.025969 CPUM: SetGuestCpuIdFeature: Enabled Hypervisor Present bit
00:00:03.026074 GCM: Initialized - Fixer bits: 0x8 (MesaVmsvgaDrv)
00:00:03.026145 AIOMgr: Default manager type is 'Async'
00:00:03.026150 AIOMgr: Default file backend is 'NonBuffered'
00:00:03.026199 BlkCache: Cache successfully initialized. Cache size is 5242880 bytes
00:00:03.026206 BlkCache: Cache commit interval is 10000 ms
00:00:03.026210 BlkCache: Cache commit threshold is 2621440 bytes
00:00:03.285311 PcBios: [SMP] BIOS with 1 CPUs
00:00:03.285337 PcBios: Using the 386+ BIOS image.
00:00:03.285404 PcBios: MPS table at 000e1300
00:00:03.287948 PcBios: fCheckShutdownStatusForSoftReset=true  fClearShutdownStatusOnHardReset=true
00:00:03.308045 SUP: seg #0: R   0x00000000 LB 0x00001000
00:00:03.308060 SUP: seg #1: R X 0x00001000 LB 0x0002f000
00:00:03.308064 SUP: seg #2: R   0x00030000 LB 0x00010000
00:00:03.308067 SUP: seg #3: RW  0x00040000 LB 0x00002000
00:00:03.308070 SUP: seg #4: R   0x00042000 LB 0x00003000
00:00:03.308073 SUP: seg #5: RW  0x00045000 LB 0x00001000
00:00:03.308076 SUP: seg #6: R   0x00046000 LB 0x00001000
00:00:03.308079 SUP: seg #7: R X 0x00047000 LB 0x00001000
00:00:03.308082 SUP: seg #8: R   0x00048000 LB 0x00002000
00:00:03.308184 SUP: Loaded VBoxDDR0.r0 (C:\Program Files\Oracle\VirtualBox/VBoxDDR0.r0) at 0xXXXXXXXXXXXXXXXX - ModuleInit at XXXXXXXXXXXXXXXX and ModuleTerm at XXXXXXXXXXXXXXXX using the native ring-0 loader
00:00:03.308191 SUP: windbg> .reload /f C:\Program Files\Oracle\VirtualBox/VBoxDDR0.r0=0xXXXXXXXXXXXXXXXX
00:00:03.308430 PDM: VirtualBox APIC backend registered
00:00:03.308457 CPUM: SetGuestCpuIdFeature: Enabled xAPIC
00:00:03.308457 CPUM: SetGuestCpuIdFeature: Enabled x2APIC
00:00:03.309211 IOAPIC: Version=2.0 ChipType=ICH9
00:00:03.309274 PIT: mode=3 count=0x10000 (65536) - 18.20 Hz (ch=0)
00:00:03.309424 VMMDev: cbDefaultBudget: 570 337 109 (21fea755)
00:00:03.322685 Shared Folders service loaded
00:00:03.330038 Guest Control service loaded
00:00:03.361126 VGA: Using the 386+ BIOS image.
00:00:03.362432 DrvVD: Flushes will be ignored
00:00:03.362432 DrvVD: Async flushes will be passed to the disk
00:00:03.363848 VD: VDInit finished with VINF_SUCCESS
00:00:03.364323 AIOMgr: Endpoint for file 'C:\Users\Student\VirtualBox VMs\qwe\qwe.vdi' (flags 000c0723) created successfully
00:00:03.382347 VD: Opening the disk took 18773773 ns
00:00:03.382448 AHCI: LUN#0: disk, PCHS=16383/16/63, total number of sectors 52428800
00:00:03.382728 AHCI#0: Reset the HBA
00:00:03.382740 VD#0: Cancelling all active requests
00:00:03.385883 DrvVD: Flushes will be ignored
00:00:03.385899 DrvVD: Async flushes will be passed to the disk
00:00:03.385924 PIIX3 ATA: LUN#0: CD/DVD, total number of sectors 0, passthrough disabled
00:00:03.385988 PIIX3 ATA: LUN#1: no unit
00:00:03.386051 PIIX3 ATA: LUN#2: no unit
00:00:03.386058 PIIX3 ATA: LUN#3: no unit
00:00:03.386087 PIIX3 ATA: Ctl#0: finished processing RESET
00:00:03.386109 PIIX3 ATA: Ctl#1: finished processing RESET
00:00:03.386175 E1000#0: Chip=82540EM LinkUpDelay=5000ms EthernetCRC=on GSO=enabled Itr=disabled ItrRx=enabled TID=disabled R0=enabled RC=disabled
00:00:03.397529 AC97: Using codec 'AD1980'
00:00:03.410929 WasAPI: Input device is: {Default} (iface 00000207c336de30)
00:00:03.411980 WasAPI: Output device is: {Default} (iface 00000207c336dde0)
00:00:03.415702 Audio: Found 5 devices for driver 'WasAPI'
00:00:03.415717 Audio: Device '2 - 24B2W1G5 (AMD High Definition Audio Device)':
00:00:03.415717 Audio:   ID              = {0.0.0.00000000}.{cf27a5b1-f94f-4400-8a91-17a4cedb1084}
00:00:03.415718 Audio:   Usage           = output
00:00:03.415718 Audio:   Flags           = DEFAULT_OUT
00:00:03.415718 Audio:   Input channels  = 0
00:00:03.415719 Audio:   Output channels = 2
00:00:03.415723 Audio: Device 'Динамики (Senary Audio)':
00:00:03.415723 Audio:   ID              = {0.0.0.00000000}.{3d93b270-35c4-47b7-aafb-cf9399e9e7a7}
00:00:03.415723 Audio:   Usage           = output
00:00:03.415723 Audio:   Flags           = NONE
00:00:03.415724 Audio:   Input channels  = 0
00:00:03.415724 Audio:   Output channels = 2
00:00:03.415727 Audio: Device '2 - 24B2W1G5 (AMD High Definition Audio Device)':
00:00:03.415727 Audio:   ID              = {0.0.0.00000000}.{cf27a5b1-f94f-4400-8a91-17a4cedb1084}
00:00:03.415727 Audio:   Usage           = output
00:00:03.415727 Audio:   Flags           = NONE
00:00:03.415727 Audio:   Input channels  = 0
00:00:03.415727 Audio:   Output channels = 2
00:00:03.415730 Audio: Device 'Microphone Array (AMD Audio Device)':
00:00:03.415730 Audio:   ID              = {0.0.1.00000000}.{701ad6e7-ceb3-4084-ba96-e54f9a1e2494}
00:00:03.415731 Audio:   Usage           = input
00:00:03.415731 Audio:   Flags           = DEFAULT_IN
00:00:03.415731 Audio:   Input channels  = 2
00:00:03.415731 Audio:   Output channels = 0
00:00:03.415734 Audio: Device 'Microphone Array (AMD Audio Device)':
00:00:03.415734 Audio:   ID              = {0.0.1.00000000}.{701ad6e7-ceb3-4084-ba96-e54f9a1e2494}
00:00:03.415734 Audio:   Usage           = input
00:00:03.415735 Audio:   Flags           = NONE
00:00:03.415735 Audio:   Input channels  = 2
00:00:03.415735 Audio:   Output channels = 0
00:00:03.415884 AC97: Reset
00:00:03.415895 AC97: Mixer reset (EAID=0x809, EACS=0x9)
00:00:03.415900 AC97: Record select to left=mic, right=mic
00:00:03.415904 Audio Mixer: MUTING master volume of 'AC'97 Mixer' -- channel volumes: ff ff ff ff ff ff ff ff ff ff ff ff
00:00:03.415912 Audio Mixer: MUTING sink 'AC'97 Mixer/Line In' -- channel volumes: 00 00 00 00 00 00 00 00 00 00 00 00
00:00:03.415920 Audio Mixer: MUTING sink 'AC'97 Mixer/Microphone In' -- channel volumes: 00 00 00 00 00 00 00 00 00 00 00 00
00:00:03.415925 Audio Mixer: MUTING sink 'AC'97 Mixer/PCM Output' -- channel volumes: 00 00 00 00 00 00 00 00 00 00 00 00
00:00:03.415930 Audio Mixer: MUTING sink 'AC'97 Mixer/PCM Output' -- channel volumes: 00 00 00 00 00 00 00 00 00 00 00 00
00:00:03.415934 Audio Mixer: MUTING sink 'AC'97 Mixer/Line In' -- channel volumes: 00 00 00 00 00 00 00 00 00 00 00 00
00:00:03.415937 Audio Mixer: MUTING sink 'AC'97 Mixer/Line In' -- channel volumes: 00 00 00 00 00 00 00 00 00 00 00 00
00:00:03.415941 Audio Mixer: MUTING sink 'AC'97 Mixer/Microphone In' -- channel volumes: 00 00 00 00 00 00 00 00 00 00 00 00
00:00:03.416644 VUSB: Attached 'HidMouse' to port 1 on RootHub#1 (FullSpeed)
00:00:03.416661 PGM: The CPU physical address width is 48 bits
00:00:03.416668 PGM: PGMR3InitFinalize: 4 MB PSE mask 0000ffffffffffff -> VINF_SUCCESS
00:00:03.416675 TM: TMR3InitFinalize: fTSCModeSwitchAllowed=true
00:00:03.416756 CPUM: Mapped 1.0MiB (1048576 bytes) of RAM using fixed-range MTRRs
00:00:03.416764 CPUM: Mapped 2.0GiB (2147483648 bytes) of RAM using 1 variable-range MTRRs
00:00:03.417014 VMM: Thread-context hooks unavailable
00:00:03.417019 VMM: RTThreadPreemptIsPending() can be trusted
00:00:03.417022 VMM: Kernel preemption is possible
00:00:03.418672 HM: fWorldSwitcher=0x0 (fIbpbOnVmExit=false fIbpbOnVmEntry=false fL1dFlushOnVmEntry=false); fL1dFlushOnSched=false fMdsClearOnVmEntry=false
00:00:03.418684 HM: Using AMD-V implementation 2.0
00:00:03.418685 HM: Max resume loops                  = 8192
00:00:03.418686 HM: AMD HWCR MSR                      = 0x1c9000011
00:00:03.418686 HM: AMD-V revision                    = 0x1
00:00:03.418686 HM: AMD-V max ASID                    = 32768
00:00:03.418687 HM: AMD-V features                    = 0x101bbcff
00:00:03.418687 HM:   NESTED_PAGING
00:00:03.418687 HM:   LBR_VIRT
00:00:03.418688 HM:   SVM_LOCK
00:00:03.418688 HM:   NRIP_SAVE
00:00:03.418688 HM:   TSC_RATE_MSR
00:00:03.418688 HM:   VMCB_CLEAN
00:00:03.418688 HM:   FLUSH_BY_ASID
00:00:03.418689 HM:   DECODE_ASSISTS
00:00:03.418689 HM:   PAUSE_FILTER
00:00:03.418689 HM:   PAUSE_FILTER_THRESHOLD
00:00:03.418689 HM:   AVIC
00:00:03.418689 HM:   VIRT_VMSAVE_VMLOAD
00:00:03.418689 HM:   VGIF
00:00:03.418690 HM:   GMET
00:00:03.418690 HM:   SSSCHECK
00:00:03.418690 HM:   SPEC_CTRL
00:00:03.418690 HM:   NST_VIRT_VMCB_ADDR_CHK
00:00:03.418690 HM:   Reserved bit 11
00:00:03.418700 HM: Enabled SVM
00:00:03.418700 HM:   Enabled nested paging
00:00:03.418700 HM:   Enabled large page support
00:00:03.418702 HM: Disabled TPR patching
00:00:03.418702 HM: Guest support: 32-bit and 64-bit
00:00:03.418702 HM: VT-x/AMD-V init method: Local
00:00:03.418702 HM: VT-x/AMD-V enable method: VirtualBox
00:00:03.418703 EM: Exit history optimizations: enabled=true enabled-r0=true enabled-r0-no-preemption=false
00:00:03.418722 PcBios: SATA LUN#0 LCHS=1024/255/63
00:00:03.418729 APIC: fPostedIntrsEnabled=false fVirtApicRegsEnabled=false fSupportsTscDeadline=false
00:00:03.418733 TMR3UtcNow: nsNow=1 790 331 163 651 063 600 nsPrev=0 -> cNsDelta=1 790 331 163 651 063 600 (offLag=0 offVirtualSync=0 offVirtualSyncGivenUp=0, NowAgain=1 790 331 163 651 063 600)
00:00:03.418740 VMM: fUsePeriodicPreemptionTimers=true
00:00:03.418746 CPUM: Logical host processors: 12 present, 12 max, 12 online, online mask: 0000000000000fff
00:00:03.418747 CPUM: Physical host cores: 6
00:00:03.418748 ************************ CPUID dump *************************
00:00:03.418891          Raw Standard CPUID Leaves
00:00:03.418892      Leaf/sub-leaf  eax      ebx      ecx      edx
00:00:03.418892 Gst: 00000000/0000  00000010 68747541 444d4163 69746e65
00:00:03.418893 Hst:                00000010 68747541 444d4163 69746e65
00:00:03.418893 Gst: 00000001/0000  00a40f41 00010800 f6f8320b 178bfbff
00:00:03.418894 Hst:                00a40f41 080c0800 7ef8320b 178bfbff
00:00:03.418894 Gst: 00000002/0000  00000000 00000000 00000000 00000000
00:00:03.418894 Hst:                00000000 00000000 00000000 00000000
00:00:03.418895 Gst: 00000003/0000  00000000 00000000 00000000 00000000
00:00:03.418895 Hst:                00000000 00000000 00000000 00000000
00:00:03.418895 Gst: 00000004/0000  00000000 00000000 00000000 00000000
00:00:03.418896 Hst:                00000000 00000000 00000000 00000000
00:00:03.418896 Gst: 00000005/0000  00000040 00000040 00000000 00000000
00:00:03.418896 Hst:                00000040 00000040 00000003 00000011
00:00:03.418897 Gst: 00000006/0000  00000004 00000000 00000000 00000000
00:00:03.418897 Hst:                00000004 00000000 00000001 00000000
00:00:03.418897 Gst: 00000007/0000  00000000 208c0529 00000000 00000000
00:00:03.418898 Hst:                00000000 219c97a9 0040068c 00000010
00:00:03.418898 Gst: 00000007/0001  00000000 00000000 00000000 00000000
00:00:03.418898 Hst:                00000000 00000000 00000000 00000000
00:00:03.418899 Gst: 00000007/0002  00000000 00000000 00000000 00000000
00:00:03.418899 Hst:                00000000 00000000 00000000 00000000
00:00:03.418899 Gst: 00000008/0000  00000000 00000000 00000000 00000000
00:00:03.418900 Hst:                00000000 00000000 00000000 00000000
00:00:03.418900 Gst: 00000009/0000  00000000 00000000 00000000 00000000
00:00:03.418900 Hst:                00000000 00000000 00000000 00000000
00:00:03.418901 Gst: 0000000a/0000  00000000 00000000 00000000 00000000
00:00:03.418901 Hst:                00000000 00000000 00000000 00000000
00:00:03.418901 Gst: 0000000b/0000  00000000 00000001 00000100 00000000
00:00:03.418902 Hst:                00000001 00000002 00000100 00000008
00:00:03.418902 Gst: 0000000b/0001  00000001 00000001 00000201 00000000
00:00:03.418902 Hst:                00000004 0000000c 00000201 00000008
00:00:03.418903 Gst: 0000000b/0002  00000000 00000000 00000002 00000000
00:00:03.418903 Hst:                00000000 00000000 00000002 00000008
00:00:03.418903 Gst: 0000000c/0000  00000000 00000000 00000000 00000000
00:00:03.418904 Hst:                00000000 00000000 00000000 00000000
00:00:03.418904 Gst: 0000000d/0000  00000007 00000340 00000340 00000000
00:00:03.418904 Hst:                00000207 00000340 00000988 00000000
00:00:03.418905 Gst: 0000000d/0001  00000000 00000350 00000000 00000000
00:00:03.418905 Hst:                0000000f 00000350 00001800 00000000
00:00:03.418905 Gst: 0000000d/0002  00000100 00000240 00000000 00000000
00:00:03.418906 Hst:                00000100 00000240 00000000 00000000
00:00:03.418906 Gst: 0000000d/0003  00000000 00000000 00000000 00000000
00:00:03.418906 Hst:                00000000 00000000 00000000 00000000
00:00:03.418907 Gst: 0000000d/0004  00000000 00000000 00000000 00000000
00:00:03.418907 Hst:                00000000 00000000 00000000 00000000
00:00:03.418907 Gst: 0000000d/0005  00000000 00000000 00000000 00000000
00:00:03.418908 Hst:                00000000 00000000 00000000 00000000
00:00:03.418908 Gst: 0000000d/0006  00000000 00000000 00000000 00000000
00:00:03.418908 Hst:                00000000 00000000 00000000 00000000
00:00:03.418909 Gst: 0000000d/0007  00000000 00000000 00000000 00000000
00:00:03.418909 Hst:                00000000 00000000 00000000 00000000
00:00:03.418909 Gst: 0000000d/0008  00000000 00000000 00000000 00000000
00:00:03.418910 Hst:                00000000 00000000 00000000 00000000
00:00:03.418910 Gst: 0000000d/0009  00000000 00000000 00000000 00000000
00:00:03.418910 Hst:                00000008 00000980 00000000 00000000
00:00:03.418911 Gst: 0000000d/000a  00000000 00000000 00000000 00000000
00:00:03.418911 Hst:                00000000 00000000 00000000 00000000
00:00:03.418911 Gst: 0000000d/000b  00000000 00000000 00000000 00000000
00:00:03.418912 Hst:                00000010 00000000 00000001 00000000
00:00:03.418912 Gst: 0000000d/000c  00000000 00000000 00000000 00000000
00:00:03.418912 Hst:                00000018 00000000 00000001 00000000
00:00:03.418913 Gst: 0000000d/000d  00000000 00000000 00000000 00000000
00:00:03.418913 Hst:                00000000 00000000 00000000 00000000
00:00:03.418913 Gst: 0000000e/0000  00000000 00000000 00000000 00000000
00:00:03.418914 Hst:                00000000 00000000 00000000 00000000
00:00:03.418914 Gst: 0000000f/0000  00000000 00000000 00000000 00000000
00:00:03.418914 Hst:                00000000 000000ff 00000000 00000002
00:00:03.418915 Hst: 00000010/0000  00000000 00000002 00000000 00000000
00:00:03.418915                                Name: AuthenticAMD
00:00:03.418916                            Supports: 0x00000000-0x00000010
00:00:03.418918                              Family: 15 	Extended: 10 	Effective: 25
00:00:03.418919                               Model:  4 	Extended: 4 	Effective: 68
00:00:03.418919                            Stepping: 1
00:00:03.418920                                Type: 0 (primary)
00:00:03.418920                             APIC ID: 0x00
00:00:03.418921                        Logical CPUs: 1
00:00:03.418921                        CLFLUSH Size: 8
00:00:03.418921                            Brand ID: 0x00
00:00:03.418922 Features
00:00:03.418923   Mnemonic - Description                                  = Guest (Host)
00:00:03.418925   FPU - x87 FPU on Chip                                   = 1 (1)
00:00:03.418926   VME - Virtual 8086 Mode Enhancements                    = 1 (1)
00:00:03.418926   DE - Debugging extensions                               = 1 (1)
00:00:03.418927   PSE - Page Size Extension                               = 1 (1)
00:00:03.418928   TSC - Time Stamp Counter                                = 1 (1)
00:00:03.418928   MSR - Model Specific Registers                          = 1 (1)
00:00:03.418929   PAE - Physical Address Extension                        = 1 (1)
00:00:03.418929   MCE - Machine Check Exception                           = 1 (1)
00:00:03.418930   CX8 - CMPXCHG8B instruction                             = 1 (1)
00:00:03.418930   APIC - APIC On-Chip                                     = 1 (1)
00:00:03.418931   SEP - SYSENTER and SYSEXIT Present                      = 1 (1)
00:00:03.418931   MTRR - Memory Type Range Registers                      = 1 (1)
00:00:03.418932   PGE - PTE Global Bit                                    = 1 (1)
00:00:03.418932   MCA - Machine Check Architecture                        = 1 (1)
00:00:03.418933   CMOV - Conditional Move instructions                    = 1 (1)
00:00:03.418933   PAT - Page Attribute Table                              = 1 (1)
00:00:03.418934   PSE-36 - 36-bit Page Size Extension                     = 1 (1)
00:00:03.418934   PSN - Processor Serial Number                           = 0 (0)
00:00:03.418935   CLFSH - CLFLUSH instruction                             = 1 (1)
00:00:03.418936   DS - Debug Store                                        = 0 (0)
00:00:03.418936   ACPI - Thermal Mon. & Soft. Clock Ctrl.                 = 0 (0)
00:00:03.418937   MMX - Intel MMX Technology                              = 1 (1)
00:00:03.418937   FXSR - FXSAVE and FXRSTOR instructions                  = 1 (1)
00:00:03.418938   SSE - SSE support                                       = 1 (1)
00:00:03.418938   SSE2 - SSE2 support                                     = 1 (1)
00:00:03.418939   SS - Self Snoop                                         = 0 (0)
00:00:03.418939   HTT - Hyper-Threading Technology                        = 1 (1)
00:00:03.418940   TM - Therm. Monitor                                     = 0 (0)
00:00:03.418941   PBE - Pending Break Enabled                             = 0 (0)
00:00:03.418941   SSE3 - SSE3 support                                     = 1 (1)
00:00:03.418942   PCLMUL - PCLMULQDQ support (for AES-GCM)                = 1 (1)
00:00:03.418942   DTES64 - DS Area 64-bit Layout                          = 0 (0)
00:00:03.418943   MONITOR - MONITOR/MWAIT instructions                    = 1 (1)
00:00:03.418943   CPL-DS - CPL Qualified Debug Store                      = 0 (0)
00:00:03.418944   VMX - Virtual Machine Extensions                        = 0 (0)
00:00:03.418944   SMX - Safer Mode Extensions                             = 0 (0)
00:00:03.418945   EST - Enhanced SpeedStep Technology                     = 0 (0)
00:00:03.418945   TM2 - Terminal Monitor 2                                = 0 (0)
00:00:03.418946   SSSE3 - Supplemental Streaming SIMD Extensions 3        = 1 (1)
00:00:03.418946   CNTX-ID - L1 Context ID                                 = 0 (0)
00:00:03.418947   SDBG - Silicon Debug interface                          = 0 (0)
00:00:03.418947   FMA - Fused Multiply Add extensions                     = 1 (1)
00:00:03.418948   CX16 - CMPXCHG16B instruction                           = 1 (1)
00:00:03.418948   TPRUPDATE - xTPR Update Control                         = 0 (0)
00:00:03.418949   PDCM - Perf/Debug Capability MSR                        = 0 (0)
00:00:03.418949   PCID - Process Context Identifiers                      = 0 (0)
00:00:03.418950   DCA - Direct Cache Access                               = 0 (0)
00:00:03.418950   SSE4_1 - SSE4_1 support                                 = 1 (1)
00:00:03.418951   SSE4_2 - SSE4_2 support                                 = 1 (1)
00:00:03.418951   X2APIC - x2APIC support                                 = 1 (1)
00:00:03.418952   MOVBE - MOVBE instruction                               = 1 (1)
00:00:03.418952   POPCNT - POPCNT instruction                             = 1 (1)
00:00:03.418953   TSCDEADL - Time Stamp Counter Deadline                  = 0 (0)
00:00:03.418953   AES - AES instructions                                  = 1 (1)
00:00:03.418954   XSAVE - XSAVE instruction                               = 1 (1)
00:00:03.418954   OSXSAVE - OSXSAVE instruction                           = 0 (1)
00:00:03.418955   AVX - AVX support                                       = 1 (1)
00:00:03.418956   F16C - 16-bit floating point conversion instructions    = 1 (1)
00:00:03.418956   RDRAND - RDRAND instruction                             = 1 (1)
00:00:03.418956   HVP - Hypervisor Present (we're a guest)                = 1 (0)
00:00:03.418957 Structured Extended Feature Flags Enumeration (leaf 7):
00:00:03.418957 Sub-leaf 0
00:00:03.418957   Mnemonic - Description                                  = Guest (Host)
00:00:03.418959   FSGSBASE - RDFSBASE/RDGSBASE/WRFSBASE/WRGSBASE instr.   = 1 (1)
00:00:03.418960   TSCADJUST - Supports MSR_IA32_TSC_ADJUST                = 0 (0)
00:00:03.418960   SGX - Supports Software Guard Extensions                = 0 (0)
00:00:03.418960   BMI1 - Advanced Bit Manipulation extension 1            = 1 (1)
00:00:03.418961   HLE - Hardware Lock Elision                             = 0 (0)
00:00:03.418961   AVX2 - Advanced Vector Extensions 2                     = 1 (1)
00:00:03.418962   FDP_EXCPTN_ONLY - FPU DP only updated on exceptions     = 0 (0)
00:00:03.418962   SMEP - Supervisor Mode Execution Prevention             = 0 (1)
00:00:03.418963   BMI2 - Advanced Bit Manipulation extension 2            = 1 (1)
00:00:03.418963   ERMS - Enhanced REP MOVSB/STOSB instructions            = 0 (1)
00:00:03.418963   INVPCID - INVPCID instruction                           = 1 (1)
00:00:03.418964   RTM - Restricted Transactional Memory                   = 0 (0)
00:00:03.418964   PQM - Platform Quality of Service Monitoring            = 0 (1)
00:00:03.418965   DEPFPU_CS_DS - Deprecates FPU CS, FPU DS values if set  = 0 (0)
00:00:03.418965   MPE - Intel Memory Protection Extensions                = 0 (0)
00:00:03.418966   PQE - Platform Quality of Service Enforcement           = 0 (1)
00:00:03.418966   AVX512F - AVX512 Foundation instructions                = 0 (0)
00:00:03.418966   AVX512DQ - Supports the AVX512DQ instructions           = 0 (0)
00:00:03.418967   RDSEED - RDSEED instruction                             = 1 (1)
00:00:03.418967   ADX - ADCX/ADOX instructions                            = 1 (1)
00:00:03.418968   SMAP - Supervisor Mode Access Prevention                = 0 (1)
00:00:03.418968   AVX512_IFMA - Supports the AVX512_IFMA instructions     = 0 (0)
00:00:03.418969   CLFLUSHOPT - CLFLUSHOPT (Cache Line Flush) instruction  = 1 (1)
00:00:03.418969   CLWB - CLWB instruction                                 = 0 (1)
00:00:03.418970   INTEL_PT - Intel Processor Trace                        = 0 (0)
00:00:03.418970   AVX512PF - AVX512 Prefetch instructions                 = 0 (0)
00:00:03.418970   AVX512ER - AVX512 Exponential & Reciprocal instructions = 0 (0)
00:00:03.418971   AVX512CD - AVX512 Conflict Detection instructions       = 0 (0)
00:00:03.418971   SHA - Secure Hash Algorithm extensions                  = 1 (1)
00:00:03.418972   AVX512BW - Supports the AVX512BW instructions           = 0 (0)
00:00:03.418972   AVX512VL - Supports the AVX512VL instructions           = 0 (0)
00:00:03.418972   PREFETCHWT1 - PREFETCHWT1 instruction                   = 0 (0)
00:00:03.418973   AVX512_VBMI - Supports the AVX512_VBMI instructions     = 0 (0)
00:00:03.418973   UMIP - User mode insturction prevention                 = 0 (1)
00:00:03.418974   PKU - Protection Key for Usermode pages                 = 0 (1)
00:00:03.418974   OSPKE - CR4.PKU mirror                                  = 0 (0)
00:00:03.418975   WAITPKG - TPAUSE, UMONITOR & UMWAIT support             = 0 (0)
00:00:03.418975   AVX512_VBMI2 - Supports the AVX512_VBMI2 instructions   = 0 (0)
00:00:03.418975   CET_SS - CET shadow stack support                       = 0 (1)
00:00:03.418976   GFNI - Supports the GFNI instruction set                = 0 (0)
00:00:03.418976   VAES - Supports the VEX encoded AES instruction set     = 0 (1)
00:00:03.418977   VPCLMULQDQ - Supports the VPCLMULQDQ instruction        = 0 (1)
00:00:03.418977   AVX512_VNNI - Supports the AVX512_VNNI instructions     = 0 (0)
00:00:03.418977   AVX512_BITALG - Supports the AVX512_BITALG instructions = 0 (0)
00:00:03.418978   TME_EN - Supports 4 IA32_TME_ MSRs                      = 0 (0)
00:00:03.418978   AVX512_VPOPCNTDQ - Supports the AVX512_VPOPCNTDQ instructions = 0 (0)
00:00:03.418979   LA57 - 57-bit linear addresses                          = 0 (0)
00:00:03.418979   MAWAU - Value used by BNDLDX & BNDSTX                   = 0x0 (0x0)
00:00:03.418980   RDPID - Read processor ID support                       = 0 (1)
00:00:03.418980   KEY_LOCKER - Supports Key Locker                        = 0 (0)
00:00:03.418981   BUS_LOCK_DETECT - Supports OS bus-lock detection        = 0 (0)
00:00:03.418981   CLDEMOTE - Supports cache line demote                   = 0 (0)
00:00:03.418982   MOVDIRI - Supports the MOVDIRI instruction              = 0 (0)
00:00:03.418982   MOVDIRI64B - Supports the MOVDIRI64B instruction        = 0 (0)
00:00:03.418982   ENQCMD - Supports the Eqnqueue Stores                   = 0 (0)
00:00:03.418983   SGX_LC - Supports SGX Launch Configuration              = 0 (0)
00:00:03.418985   PKS - Supports protection keys for supervisor pages     = 0 (0)
00:00:03.418985   SGX_KEYS - Supports Attestation Service for Intel SGX   = 0 (0)
00:00:03.418985   AVX512_4VNNIW - Supports the AVX512_4VNNIW instructions = 0 (0)
00:00:03.418986   AVX512_4FMAPS - Supports the AVX512_4FMAPS instructions = 0 (0)
00:00:03.418986   FAST_SHORT_REP_MOVSB - Supports fast short REP MOVSB    = 0 (1)
00:00:03.418987   UINTR - Supports user interrupts                        = 0 (0)
00:00:03.418987   AVX512_VP2INTERSECT - Supports the AVX512_VP2INTERSECT instr. = 0 (0)
00:00:03.418987   MCU_OPT_CTRL - Supports IA32_MCU_OPT_CTRL               = 0 (0)
00:00:03.418988   MD_CLEAR - Supports MDS related buffer clearing         = 0 (0)
00:00:03.418988   RTM_ALWAYS_ABORT - XBEGIN always aborts and does fallback = 0 (0)
00:00:03.418989   RTM_FORCE_ABORT - Supports IA32_TSX_FORCE_ABORT         = 0 (0)
00:00:03.418989   SERIALIZE - Supports the SERIALIZE instruction          = 0 (0)
00:00:03.418989   HYBRID - Identifiers the CPU as a hybrid part           = 0 (0)
00:00:03.418990   TSXLDTRK - Supports susp/resume of TSX ld addr tracking = 0 (0)
00:00:03.418990   PCONFIG - Supports the PCONFIG instruction              = 0 (0)
00:00:03.418990   ARCH_LBRS - Supports architectural LBRs                 = 0 (0)
00:00:03.418991   CET_IBT - Supports indirect branch tracking w/ CET      = 0 (0)
00:00:03.418991   AMX_BF16 - Supports tile comp. ops on bfloat16 number   = 0 (0)
00:00:03.418992   AVX512_FP16 - Supports the FP16 data type with AVX512   = 0 (0)
00:00:03.418992   AMX_TILE - Supports the tile architecture               = 0 (0)
00:00:03.418992   AMX_INT8 - Supports tile comp. ops on 8-bit integers    = 0 (0)
00:00:03.418993   IBRS_IBPB - IA32_SPEC_CTRL.IBRS and IA32_PRED_CMD.IBPB  = 0 (0)
00:00:03.418993   STIBP - Supports IA32_SPEC_CTRL.STIBP                   = 0 (0)
00:00:03.418993   FLUSH_CMD - Supports IA32_FLUSH_CMD                     = 0 (0)
00:00:03.418994   ARCHCAP - Supports IA32_ARCH_CAP                        = 0 (0)
00:00:03.418994   CORECAP - Supports IA32_CORE_CAP                        = 0 (0)
00:00:03.418995   SSBD - Supports IA32_SPEC_CTRL.SSBD                     = 0 (0)
00:00:03.418995  Sub-leaf 2
00:00:03.418996   Mnemonic - Description                                  = Guest (Host)
00:00:03.418996   PSFD - Supports IA32_SPEC_CTRL[7] (PSFD)                = 0 (0)
00:00:03.418996   IPRED_CTRL - Supports IA32_SPEC_CTRL[4:3] (IPRED_DIS)   = 0 (0)
00:00:03.418997   RRSBA_CTRL - Supports IA32_SPEC_CTRL[6:5] (RRSBA_DIS)   = 0 (0)
00:00:03.418997   DDPD_U - Supports IA32_SPEC_CTRL[8] (DDPD_U)            = 0 (0)
00:00:03.418997   BHI_CTRL - Supports IA32_SPEC_CTRL[10] (BHI_DIS_S)      = 0 (0)
00:00:03.418998   MCDT_NO - No MXCSR Config Dependent Timing issues       = 0 (0)
00:00:03.418998   UC_LOCK_DIS - Supports UC-lock disable and causing #AC  = 0 (0)
00:00:03.418998   MONITOR_MITG_NO - No MONITOR/UMONITOR power issues      = 0 (0)
00:00:03.418999 Processor Extended State Enumeration (leaf 0xd):
00:00:03.418999    XSAVE area cur/max size by XCR0, Guest: 0x340/0x340
00:00:03.419000    XSAVE area cur/max size by XCR0,  Host: 0x340/0x988
00:00:03.419000                    Valid XCR0 bits, Guest: 0x00000000`00000007 ( x87 SSE YMM_Hi128 )
00:00:03.419001                    Valid XCR0 bits,  Host: 0x00000000`00000207 ( x87 SSE YMM_Hi128 9 )
00:00:03.419002                     XSAVE features, Guest
00:00:03.419003                     XSAVE features,  Host XSAVEOPT XSAVEC XGETBC1 XSAVES
00:00:03.419004       XSAVE area cur size XCR0|XSS, Guest: 0x350
00:00:03.419004       XSAVE area cur size XCR0|XSS,  Host: 0x350
00:00:03.419004                Valid IA32_XSS bits, Guest: 0x00000000`00000000
00:00:03.419005                Valid IA32_XSS bits,  Host: 0x00001800`00000000 ( 43 44 )
00:00:03.419005   State #2, Guest: off=0x0240, cb=0x0100 IA32_XSS-bit -- YMM_Hi128
00:00:03.419006   State #2,  Host:  off=0x0240, cb=0x0100 IA32_XSS-bit -- YMM_Hi128
00:00:03.419007   State #9,  Host:  off=0x0980, cb=0x0008 IA32_XSS-bit -- 9
00:00:03.419008   State #11,  Host:  off=0x0000, cb=0x0010 XCR0-bit -- 11
00:00:03.419009   State #12,  Host:  off=0x0000, cb=0x0018 XCR0-bit -- 12
00:00:03.419012          Raw Hypervisor CPUID Leaves
00:00:03.419012      Leaf/sub-leaf  eax      ebx      ecx      edx
00:00:03.419012 Gst: 40000000/0000  40000001 4b4d564b 564b4d56 0000004d
00:00:03.419012 Gst: 40000001/0000  01000089 00000000 00000000 00000000
00:00:03.419013          Raw Extended CPUID Leaves
00:00:03.419013      Leaf/sub-leaf  eax      ebx      ecx      edx
00:00:03.419013 Gst: 80000000/0000  80000021 68747541 444d4163 69746e65
00:00:03.419014 Hst:                80000023 68747541 444d4163 69746e65
00:00:03.419014 Gst: 80000001/0000  00a40f41 50000000 000001f1 2bd3fb7f
00:00:03.419015 Hst:                00a40f41 50000000 75c237ff 2fd3fbff
00:00:03.419015 Gst: 80000002/0000  20444d41 657a7952 2035206e 30303636
00:00:03.419015 Hst:                20444d41 657a7952 2035206e 30303636
00:00:03.419016 Gst: 80000003/0000  69772048 52206874 6f656461 7247206e
00:00:03.419016 Hst:                69772048 52206874 6f656461 7247206e
00:00:03.419016 Gst: 80000004/0000  69687061 20207363 20202020 00202020
00:00:03.419017 Hst:                69687061 20207363 20202020 00202020
00:00:03.419017 Gst: 80000005/0000  ff40ff40 ff40ff40 20080140 20080140
00:00:03.419018 Hst:                ff40ff40 ff40ff40 20080140 20080140
00:00:03.419018 Gst: 80000006/0000  48002200 68004200 02006140 00809140
00:00:03.419018 Hst:                48002200 68004200 02006140 00809140
00:00:03.419019 Gst: 80000007/0000  00000000 00000000 00000000 00000100
00:00:03.419019 Hst:                00000000 0000003b 00000000 00006799
00:00:03.419019 Gst: 80000008/0000  00003030 04000000 00000000 00000000
00:00:03.419020 Hst:                00003030 191ef657 0000400b 00010000
00:00:03.419020 Gst: 80000009/0000  00000000 00000000 00000000 00000000
00:00:03.419020 Hst:                00000000 00000000 00000000 00000000
00:00:03.419021 Gst: 8000000a/0000  00000000 00000000 00000000 00000000
00:00:03.419021 Hst:                00000001 00008000 00000000 101bbcff
00:00:03.419022 Gst: 8000000b/0000  00000000 00000000 00000000 00000000
00:00:03.419022 Hst:                00000000 00000000 00000000 00000000
00:00:03.419022 Gst: 8000000c/0000  00000000 00000000 00000000 00000000
00:00:03.419023 Hst:                00000000 00000000 00000000 00000000
00:00:03.419023 Gst: 8000000d/0000  00000000 00000000 00000000 00000000
00:00:03.419023 Hst:                00000000 00000000 00000000 00000000
00:00:03.419024 Gst: 8000000e/0000  00000000 00000000 00000000 00000000
00:00:03.419024 Hst:                00000000 00000000 00000000 00000000
00:00:03.419024 Gst: 8000000f/0000  00000000 00000000 00000000 00000000
00:00:03.419025 Hst:                00000000 00000000 00000000 00000000
00:00:03.419025 Gst: 80000010/0000  00000000 00000000 00000000 00000000
00:00:03.419025 Hst:                00000000 00000000 00000000 00000000
00:00:03.419026 Gst: 80000011/0000  00000000 00000000 00000000 00000000
00:00:03.419026 Hst:                00000000 00000000 00000000 00000000
00:00:03.419026 Gst: 80000012/0000  00000000 00000000 00000000 00000000
00:00:03.419027 Hst:                00000000 00000000 00000000 00000000
00:00:03.419027 Gst: 80000013/0000  00000000 00000000 00000000 00000000
00:00:03.419027 Hst:                00000000 00000000 00000000 00000000
00:00:03.419028 Gst: 80000014/0000  00000000 00000000 00000000 00000000
00:00:03.419028 Hst:                00000000 00000000 00000000 00000000
00:00:03.419028 Gst: 80000015/0000  00000000 00000000 00000000 00000000
00:00:03.419029 Hst:                00000000 00000000 00000000 00000000
00:00:03.419029 Gst: 80000016/0000  00000000 00000000 00000000 00000000
00:00:03.419029 Hst:                00000000 00000000 00000000 00000000
00:00:03.419029 Gst: 80000017/0000  00000000 00000000 00000000 00000000
00:00:03.419030 Hst:                00000000 00000000 00000000 00000000
00:00:03.419030 Gst: 80000018/0000  00000000 00000000 00000000 00000000
00:00:03.419030 Hst:                00000000 00000000 00000000 00000000
00:00:03.419031 Gst: 80000019/0000  f040f040 f0400000 00000000 00000000
00:00:03.419031 Hst:                f040f040 f0400000 00000000 00000000
00:00:03.419032 Gst: 8000001a/0000  00000002 00000000 00000000 00000000
00:00:03.419032 Hst:                00000006 00000000 00000000 00000000
00:00:03.419032 Gst: 8000001b/0000  00000000 00000000 00000000 00000000
00:00:03.419033 Hst:                000003fd 00000000 00000000 00000000
00:00:03.419033 Gst: 8000001c/0000  00000000 00000000 00000000 00000000
00:00:03.419033 Hst:                00000000 00000000 00000000 00000000
00:00:03.419034 Gst: 8000001d/0000  00000121 01c0003f 0000003f 00000000
00:00:03.419034 Hst:                00004121 01c0003f 0000003f 00000000
00:00:03.419034 Gst: 8000001d/0001  00000122 01c0003f 0000003f 00000000
00:00:03.419035 Hst:                00004122 01c0003f 0000003f 00000000
00:00:03.419035 Gst: 8000001d/0002  00000143 01c0003f 000003ff 00000002
00:00:03.419035 Hst:                00004143 01c0003f 000003ff 00000002
00:00:03.419036 Gst: 8000001d/0003  00000163 03c0003f 00003fff 00000001
00:00:03.419036 Hst:                0002c163 03c0003f 00003fff 00000001
00:00:03.419037 Gst: 8000001d/0004  00000000 00000000 00000000 00000000
00:00:03.419037 Hst:                00000000 00000000 00000000 00000000
00:00:03.419037 Gst: 8000001e/0000  00000000 00000000 00000000 00000000
00:00:03.419038 Hst:                00000008 00000104 00000000 00000000
00:00:03.419038 Gst: 8000001f/0000  0001780f 00000000 00000000 00000001
00:00:03.419038 Hst:                0001780f 00000000 00000000 00000001
00:00:03.419039 Gst: 80000020/0000  00000000 00000000 00000000 00000000
00:00:03.419039 Hst:                00000000 00000002 00000000 00000000
00:00:03.419039 Gst: 80000021/0000  00000000 00000000 00000000 00000000
00:00:03.419040 Hst:                0000004d 00000000 00000000 00000000
00:00:03.419040 Hst: 80000022/0000  00000000 00000000 00000000 00000000
00:00:03.419041 Hst: 80000023/0000  00000000 00000000 00000000 00000000
00:00:03.419041 Ext Name:                        AuthenticAMD
00:00:03.419041 Ext Supports:                    0x80000000-0x80000021
00:00:03.419042 Family:                          15  	Extended: 10 	Effective: 25
00:00:03.419042 Model:                           4  	Extended: 4 	Effective: 68
00:00:03.419042 Stepping:                        1
00:00:03.419042 Brand ID:                        0x000
00:00:03.419043 Ext Features
00:00:03.419043   Mnemonic - Description                                  = Guest (Host)
00:00:03.419043   FPU - x87 FPU on Chip                                   = 1 (1)
00:00:03.419044   VME - Virtual 8086 Mode Enhancements                    = 1 (1)
00:00:03.419045   DE - Debugging extensions                               = 1 (1)
00:00:03.419045   PSE - Page Size Extension                               = 1 (1)
00:00:03.419046   TSC - Time Stamp Counter                                = 1 (1)
00:00:03.419047   MSR - K86 Model Specific Registers                      = 1 (1)
00:00:03.419048   PAE - Physical Address Extension                        = 1 (1)
00:00:03.419048   MCE - Machine Check Exception                           = 0 (1)
00:00:03.419049   CX8 - CMPXCHG8B instruction                             = 1 (1)
00:00:03.419049   APIC - APIC On-Chip                                     = 1 (1)
00:00:03.419050   SEP - SYSCALL/SYSRET                                    = 1 (1)
00:00:03.419051   MTRR - Memory Type Range Registers                      = 1 (1)
00:00:03.419051   PGE - PTE Global Bit                                    = 1 (1)
00:00:03.419052   MCA - Machine Check Architecture                        = 1 (1)
00:00:03.419052   CMOV - Conditional Move instructions                    = 1 (1)
00:00:03.419053   PAT - Page Attribute Table                              = 1 (1)
00:00:03.419053   PSE-36 - 36-bit Page Size Extension                     = 1 (1)
00:00:03.419054   NX - No-Execute/Execute-Disable                         = 1 (1)
00:00:03.419054   AXMMX - AMD Extensions to MMX instructions              = 1 (1)
00:00:03.419055   MMX - Intel MMX Technology                              = 1 (1)
00:00:03.419055   FXSR - FXSAVE and FXRSTOR Instructions                  = 1 (1)
00:00:03.419056   FFXSR - AMD fast FXSAVE and FXRSTOR instructions        = 1 (1)
00:00:03.419056   Page1GB - 1 GB large page                               = 0 (1)
00:00:03.419057   RDTSCP - RDTSCP instruction                             = 1 (1)
00:00:03.419057   LM - AMD64 Long Mode                                    = 1 (1)
00:00:03.419058   3DNOWEXT - AMD Extensions to 3DNow                      = 0 (0)
00:00:03.419058   3DNOW - AMD 3DNow                                       = 0 (0)
00:00:03.419063   LahfSahf - LAHF/SAHF support in 64-bit mode             = 1 (1)
00:00:03.419063   CmpLegacy - Core multi-processing legacy mode           = 0 (1)
00:00:03.419064   SVM - AMD Secure Virtual Machine extensions             = 0 (1)
00:00:03.419064   EXTAPIC - AMD Extended APIC registers                   = 0 (1)
00:00:03.419064   CR8L - AMD LOCK MOV CR0 means MOV CR8                   = 1 (1)
00:00:03.419065   ABM - AMD Advanced Bit Manipulation                     = 1 (1)
00:00:03.419065   SSE4A - SSE4A instructions                              = 1 (1)
00:00:03.419066   MISALIGNSSE - AMD Misaligned SSE mode                   = 1 (1)
00:00:03.419066   3DNOWPRF - AMD PREFETCH and PREFETCHW instructions      = 1 (1)
00:00:03.419067   OSVW - AMD OS Visible Workaround                        = 0 (1)
00:00:03.419067   IBS - Instruct Based Sampling                           = 0 (1)
00:00:03.419068   XOP - Extended Operation support                        = 0 (0)
00:00:03.419068   SKINIT - SKINIT, STGI, and DEV support                  = 0 (1)
00:00:03.419069   WDT - AMD Watchdog Timer support                        = 0 (1)
00:00:03.419069   LWP - Lightweight Profiling support                     = 0 (0)
00:00:03.419070   FMA4 - Four operand FMA instruction support             = 0 (0)
00:00:03.419070   TCE - Translation Cache Extension support               = 0 (1)
00:00:03.419071   NodeId - NodeId in MSR C001_100C                        = 0 (0)
00:00:03.419071   TBM - Trailing Bit Manipulation instructions            = 0 (0)
00:00:03.419071   TOPOEXT - Topology Extensions                           = 0 (1)
00:00:03.419072   PRFEXTCORE - Performance Counter Extensions support     = 0 (1)
00:00:03.419072   PRFEXTNB - NB Performance Counter Extensions support    = 0 (1)
00:00:03.419073   DATABPEXT - Data-access Breakpoint Extension            = 0 (1)
00:00:03.419073   PERFTSC - Performance Time Stamp Counter                = 0 (0)
00:00:03.419074   PCX_L2I - L2I/L3 Performance Counter Extensions         = 0 (1)
00:00:03.419074   MONITORX - MWAITX and MONITORX instructions             = 0 (1)
00:00:03.419074   AddrMaskExt - BP Addressing masking extended to bit 31  = 0 (1)
00:00:03.419075 SVM Feature Identification (leaf A)
00:00:03.419075   Mnemonic - Description                                  = Guest (Host)
00:00:03.419075   NP - Nested Paging                                      = 0 (1)
00:00:03.419076   LbrVirt - Last Branch Record Virtualization             = 0 (1)
00:00:03.419076   SVML - SVM Lock                                         = 0 (1)
00:00:03.419078   NRIPS - NextRIP Save                                    = 0 (1)
00:00:03.419079   TscRateMsr - MSR based TSC rate control                 = 0 (1)
00:00:03.419079   VmcbClean - VMCB clean bits                             = 0 (1)
00:00:03.419080   FlushByASID - Flush by ASID                             = 0 (1)
00:00:03.419080   DecodeAssists - Decode Assists                          = 0 (1)
00:00:03.419081   PauseFilter - Pause intercept filter                    = 0 (1)
00:00:03.419081   11 - Reserved                                           = 0 (1)
00:00:03.419082   PauseFilterThreshold - Pause filter threshold           = 0 (1)
00:00:03.419082   AVIC - Advanced Virtual Interrupt Controller            = 0 (1)
00:00:03.419083   VMSAVEVirt - VMSAVE and VMLOAD Virtualization           = 0 (1)
00:00:03.419083   VGIF - Virtual Global-Interrupt Flag                    = 0 (1)
00:00:03.419084   GMET - Guest Mode Execute Trap Extension                = 0 (1)
00:00:03.419084   x2AVIC - AVIC support for x2APIC mode                   = 0 (0)
00:00:03.419085   SSSCheck - SVM supervisor shadow stack restrictions     = 0 (1)
00:00:03.419085   SpecCtrl - SPEC_CTRL virtualization                     = 0 (1)
00:00:03.419085   ROGPT - Read-Only Guest Page Table feature support      = 0 (0)
00:00:03.419086   HOST_MCE_OVERRIDE - Guest #MC can be intercepted        = 0 (0)
00:00:03.419087   TlbiCtl - INVLPGB/TLBSYNC enable and intercept          = 0 (0)
00:00:03.419088   VNMI - NMI Virtualization                               = 0 (0)
00:00:03.419088   IbsVirt - IBS Virtualization                            = 0 (0)
00:00:03.419089   ExtLvtAvicAccessChg - Extended LVT AVIC access changes  = 0 (0)
00:00:03.419089   NestedVirtVmcbAddrChk - Guest VMCB address check        = 0 (1)
00:00:03.419090   BusLockThreshold - Bus Lock Threshold                   = 0 (0)
00:00:03.419090 Full Name:                       "AMD Ryzen 5 6600H with Radeon Graphics         "
00:00:03.419091 TLB 2/4M Instr/Uni:              fully  64 entries
00:00:03.419091 TLB 2/4M Data:                   fully  64 entries
00:00:03.419091 TLB 4K Instr/Uni:                fully  64 entries
00:00:03.419092 TLB 4K Data:                     fully  64 entries
00:00:03.419092 L1 Instr Cache Line Size:        64 bytes
00:00:03.419092 L1 Instr Cache Lines Per Tag:    1
00:00:03.419092 L1 Instr Cache Associativity:    8 way
00:00:03.419093 L1 Instr Cache Size:             32 KB
00:00:03.419093 L1 Data Cache Line Size:         64 bytes
00:00:03.419093 L1 Data Cache Lines Per Tag:     1
00:00:03.419093 L1 Data Cache Associativity:     8 way
00:00:03.419093 L1 Data Cache Size:              32 KB
00:00:03.419094 L2 TLB 2/4M Instr/Uni:           2 way   512 entries
00:00:03.419094 L2 TLB 2/4M Data:                4 way  2048 entries
00:00:03.419094 L2 TLB 4K Instr/Uni:             4 way   512 entries
00:00:03.419094 L2 TLB 4K Data:                  8 way  2048 entries
00:00:03.419095 L2 Cache Line Size:              64 bytes
00:00:03.419095 L2 Cache Lines Per Tag:          1
00:00:03.419095 L2 Cache Associativity:          8 way 
00:00:03.419095 L2 Cache Size:                   512 KB
00:00:03.419095 L3 Cache Line Size:              64 bytes
00:00:03.419096 L3 Cache Lines Per Tag:          1
00:00:03.419096 L3 Cache Associativity:          tpoext
00:00:03.419096 L3 Cache Size:                   16384 KB
00:00:03.419096 APM Features EDX
00:00:03.419096   Mnemonic - Description                                  = Guest (Host)
00:00:03.419097   TS - Temperature Sensor                                 = 0 (1)
00:00:03.419098   FID - Frequency ID control                              = 0 (0)
00:00:03.419098   VID - Voltage ID control                                = 0 (0)
00:00:03.419099   TTP - Thermal Trip                                      = 0 (1)
00:00:03.419100   TM - Hardware Thermal Control (HTC)                     = 0 (1)
00:00:03.419100   100MHzSteps - 100 MHz Multiplier control                = 0 (0)
00:00:03.419100   HwPstate - Hardware P-state control                     = 0 (1)
00:00:03.419101   TscInvariant - Invariant Time Stamp Counter             = 1 (1)
00:00:03.419101   CPB - Core Performance Boost                            = 0 (1)
00:00:03.419102   EffFreqRO - Read-only Effective Frequency Interface     = 0 (1)
00:00:03.419102   ProcFdbkIf - Processor Feedback Interface               = 0 (0)
00:00:03.419103   ProcPwrRep - Core power reporting interface support     = 0 (0)
00:00:03.419103   ConnectedStandby - Connected Standby                    = 0 (1)
00:00:03.419104   RAPL - Running average power limit                      = 0 (1)
00:00:03.419104 Ext Features ext IDs EBX
00:00:03.419104   Mnemonic - Description                                  = Guest (Host)
00:00:03.419105   CLZERO - Clear zero instruction (cacheline)             = 0 (1)
00:00:03.419105   IRPerf - Instructions retired count support             = 0 (1)
00:00:03.419106   XSaveErPtr - Save/restore error pointers (FXSAVE/RSTOR) = 0 (1)
00:00:03.419106   INVLPGB - INVLPGB and TLBSYNC instructions              = 0 (0)
00:00:03.419106   RDPRU - RDPRU instruction                               = 0 (1)
00:00:03.419107   BE - Bandwidth Enforcement extension                    = 0 (1)
00:00:03.419107   MCOMMIT - MCOMMIT instruction                           = 0 (0)
00:00:03.419108   WBNOINVD - WBNOINVD instruction                         = 0 (1)
00:00:03.419110   10 - Reserved                                           = 0 (1)
00:00:03.419110   IBPB - Supports the IBPB command in IA32_PRED_CMD       = 0 (1)
00:00:03.419111   INT_WBINVD - WBINVD/WBNOINVD interruptible              = 0 (1)
00:00:03.419111   IBRS - Indirect Branch Restricted Speculation           = 0 (1)
00:00:03.419112   STIBP - Single Thread Indirect Branch Prediction        = 0 (1)
00:00:03.419112   IbrsAlwaysOn - Processor prefers that IBRS be left on   = 0 (0)
00:00:03.419112   StibpAlwaysOn - Processor prefers that STIBP be left on = 0 (1)
00:00:03.419113   IbrsPreferred - IBRS preferred over software solution   = 0 (1)
00:00:03.419113   IbrsSameMode - IBRS limits same mode speculation        = 0 (1)
00:00:03.419113   EferLmsleUnsupported - EFER.LMSLE is unsupported        = 0 (1)
00:00:03.419114   INVLPGBnestedPages - INVLPGB for nested translation     = 0 (0)
00:00:03.419116   PPIN - Protected processor inventory number             = 0 (0)
00:00:03.419117   SSBD - Speculative Store Bypass Disable                 = 0 (1)
00:00:03.419117   SsbdVirtSpecCtrl - Use VIRT_SPEC_CTL for SSBD           = 0 (0)
00:00:03.419118   SsbdNotRequired - SSBD not needed on this processor     = 1 (0)
00:00:03.419118   CPPC - Collaborative Processor Performance Control      = 0 (1)
00:00:03.419118   PSFD - Predictive Store Forward Disable                 = 0 (1)
00:00:03.419119   BTC_NO - Unaffected by branch type confusion            = 0 (0)
00:00:03.419119   IBPB_RET - Clears RA predictor when PRED_CMD.IBPB set   = 0 (0)
00:00:03.419120 Physical Address Width:          48 bits
00:00:03.419120 Virtual Address Width:           48 bits
00:00:03.419120 Guest Physical Address Width:    48 bits (0)
00:00:03.419120 Physical Core Count:             1
00:00:03.419120 APIC ID size:                    1 (0x1)
00:00:03.419121 Performance TSC size:            40 bits
00:00:03.419121 Max page count for INVLPGB:      0x3030
00:00:03.419121 Max ECX for RDPRU:               0x0
00:00:03.419122 ********************* End of CPUID dump *********************
00:00:03.418697 HM: fUsePauseFilter=false fUseLbrVirt=false fUseVGif=true fUseVirtVmsaveVmload=true
00:00:03.419223 VMEmt: Halt method global1 (5)
00:00:03.419233 VMEmt: HaltedGlobal1 config: cNsSpinBlockThresholdCfg=50000
00:00:03.419236 Changing the VM state from 'CREATING' to 'CREATED'
00:00:03.420293 NAT: DNS settings changed, triggering update
00:00:03.420306 NAT DNS Update: Stored 18655424 as nameserver #0
00:00:03.420312 NAT DNS Update: Stored 108546125 as nameserver #1
00:00:03.420317 NAT DNS Update: Stored 2 total nameservers
00:00:03.420547 Changing the VM state from 'CREATED' to 'POWERING_ON'
00:00:03.420763 VMSVGA3d: cap[0]=0x00000000 {3D}
00:00:03.420768 VMSVGA3d: cap[1]=0x00000000 {MAX_LIGHTS}
00:00:03.420769 VMSVGA3d: cap[2]=0x00000000 {MAX_TEXTURES}
00:00:03.420769 VMSVGA3d: cap[3]=0x00000000 {MAX_CLIP_PLANES}
00:00:03.420770 VMSVGA3d: cap[4]=0x00000000 {VERTEX_SHADER_VERSION}
00:00:03.420770 VMSVGA3d: cap[5]=0x00000000 {VERTEX_SHADER}
00:00:03.420770 VMSVGA3d: cap[6]=0x00000000 {FRAGMENT_SHADER_VERSION}
00:00:03.420771 VMSVGA3d: cap[7]=0x00000000 {FRAGMENT_SHADER}
00:00:03.420771 VMSVGA3d: cap[8]=0x00000000 {MAX_RENDER_TARGETS}
00:00:03.420772 VMSVGA3d: cap[9]=0x00000000 {S23E8_TEXTURES}
00:00:03.420772 VMSVGA3d: cap[10]=0x00000000 {S10E5_TEXTURES}
00:00:03.420773 VMSVGA3d: cap[11]=0x00000000 {MAX_FIXED_VERTEXBLEND}
00:00:03.420773 VMSVGA3d: cap[12]=0x00000000 {D16_BUFFER_FORMAT}
00:00:03.420773 VMSVGA3d: cap[13]=0x00000000 {D24S8_BUFFER_FORMAT}
00:00:03.420774 VMSVGA3d: cap[14]=0x00000000 {D24X8_BUFFER_FORMAT}
00:00:03.420774 VMSVGA3d: cap[15]=0x00000000 {QUERY_TYPES}
00:00:03.420775 VMSVGA3d: cap[16]=0x00000000 {TEXTURE_GRADIENT_SAMPLING}
00:00:03.420775 VMSVGA3d: cap[17]=0.000000 {MAX_POINT_SIZE}
00:00:03.420776 VMSVGA3d: cap[18]=0x00000000 {MAX_SHADER_TEXTURES}
00:00:03.420777 VMSVGA3d: cap[19]=0x00004000 {MAX_TEXTURE_WIDTH}
00:00:03.420777 VMSVGA3d: cap[20]=0x00004000 {MAX_TEXTURE_HEIGHT}
00:00:03.420778 VMSVGA3d: cap[21]=0x00000000 {MAX_VOLUME_EXTENT}
00:00:03.420778 VMSVGA3d: cap[22]=0x00000000 {MAX_TEXTURE_REPEAT}
00:00:03.420779 VMSVGA3d: cap[23]=0x00000000 {MAX_TEXTURE_ASPECT_RATIO}
00:00:03.420779 VMSVGA3d: cap[24]=0x00000000 {MAX_TEXTURE_ANISOTROPY}
00:00:03.420779 VMSVGA3d: cap[25]=0x00000000 {MAX_PRIMITIVE_COUNT}
00:00:03.420780 VMSVGA3d: cap[26]=0x00000000 {MAX_VERTEX_INDEX}
00:00:03.420780 VMSVGA3d: cap[27]=0x00000000 {MAX_VERTEX_SHADER_INSTRUCTIONS}
00:00:03.420781 VMSVGA3d: cap[28]=0x00000000 {MAX_FRAGMENT_SHADER_INSTRUCTIONS}
00:00:03.420781 VMSVGA3d: cap[29]=0x00000000 {MAX_VERTEX_SHADER_TEMPS}
00:00:03.420782 VMSVGA3d: cap[30]=0x00000000 {MAX_FRAGMENT_SHADER_TEMPS}
00:00:03.420782 VMSVGA3d: cap[31]=0x00000000 {TEXTURE_OPS}
00:00:03.420782 VMSVGA3d: cap[32]=0x00000000 {SURFACEFMT_X8R8G8B8}
00:00:03.420783 VMSVGA3d: cap[33]=0x00000000 {SURFACEFMT_A8R8G8B8}
00:00:03.420783 VMSVGA3d: cap[34]=0x00000000 {SURFACEFMT_A2R10G10B10}
00:00:03.420784 VMSVGA3d: cap[35]=0x00000000 {SURFACEFMT_X1R5G5B5}
00:00:03.420784 VMSVGA3d: cap[36]=0x00000000 {SURFACEFMT_A1R5G5B5}
00:00:03.420784 VMSVGA3d: cap[37]=0x00000000 {SURFACEFMT_A4R4G4B4}
00:00:03.420785 VMSVGA3d: cap[38]=0x00000000 {SURFACEFMT_R5G6B5}
00:00:03.420785 VMSVGA3d: cap[39]=0x00000000 {SURFACEFMT_LUMINANCE16}
00:00:03.420786 VMSVGA3d: cap[40]=0x00000000 {SURFACEFMT_LUMINANCE8_ALPHA8}
00:00:03.420786 VMSVGA3d: cap[41]=0x00000000 {SURFACEFMT_ALPHA8}
00:00:03.420786 VMSVGA3d: cap[42]=0x00000000 {SURFACEFMT_LUMINANCE8}
00:00:03.420787 VMSVGA3d: cap[43]=0x00000000 {SURFACEFMT_Z_D16}
00:00:03.420787 VMSVGA3d: cap[44]=0x00000000 {SURFACEFMT_Z_D24S8}
00:00:03.420788 VMSVGA3d: cap[45]=0x00000000 {SURFACEFMT_Z_D24X8}
00:00:03.420788 VMSVGA3d: cap[46]=0x00000000 {SURFACEFMT_DXT1}
00:00:03.420788 VMSVGA3d: cap[47]=0x00000000 {SURFACEFMT_DXT2}
00:00:03.420789 VMSVGA3d: cap[48]=0x00000000 {SURFACEFMT_DXT3}
00:00:03.420789 VMSVGA3d: cap[49]=0x00000000 {SURFACEFMT_DXT4}
00:00:03.420790 VMSVGA3d: cap[50]=0x00000000 {SURFACEFMT_DXT5}
00:00:03.420790 VMSVGA3d: cap[51]=0x00000000 {SURFACEFMT_BUMPX8L8V8U8}
00:00:03.420790 VMSVGA3d: cap[52]=0x00000000 {SURFACEFMT_A2W10V10U10}
00:00:03.420791 VMSVGA3d: cap[53]=0x00000000 {SURFACEFMT_BUMPU8V8}
00:00:03.420791 VMSVGA3d: cap[54]=0x00000000 {SURFACEFMT_Q8W8V8U8}
00:00:03.420792 VMSVGA3d: cap[55]=0x00000000 {SURFACEFMT_CxV8U8}
00:00:03.420792 VMSVGA3d: cap[56]=0x00000000 {SURFACEFMT_R_S10E5}
00:00:03.420792 VMSVGA3d: cap[57]=0x00000000 {SURFACEFMT_R_S23E8}
00:00:03.420793 VMSVGA3d: cap[58]=0x00000000 {SURFACEFMT_RG_S10E5}
00:00:03.420793 VMSVGA3d: cap[59]=0x00000000 {SURFACEFMT_RG_S23E8}
00:00:03.420794 VMSVGA3d: cap[60]=0x00000000 {SURFACEFMT_ARGB_S10E5}
00:00:03.420794 VMSVGA3d: cap[61]=0x00000000 {SURFACEFMT_ARGB_S23E8}
00:00:03.420795 VMSVGA3d: cap[62]=0x00000000 {MISSING62}
00:00:03.420795 VMSVGA3d: cap[63]=0x00000000 {MAX_VERTEX_SHADER_TEXTURES}
00:00:03.420795 VMSVGA3d: cap[64]=0x00000000 {MAX_SIMULTANEOUS_RENDER_TARGETS}
00:00:03.420796 VMSVGA3d: cap[65]=0x00000000 {SURFACEFMT_V16U16}
00:00:03.420796 VMSVGA3d: cap[66]=0x00000000 {SURFACEFMT_G16R16}
00:00:03.420797 VMSVGA3d: cap[67]=0x00000000 {SURFACEFMT_A16B16G16R16}
00:00:03.420797 VMSVGA3d: cap[68]=0x00000000 {SURFACEFMT_UYVY}
00:00:03.420797 VMSVGA3d: cap[69]=0x00000000 {SURFACEFMT_YUY2}
00:00:03.420798 VMSVGA3d: cap[70]=0x00000000 {DEAD4}
00:00:03.420798 VMSVGA3d: cap[71]=0x00000000 {DEAD5}
00:00:03.420799 VMSVGA3d: cap[72]=0x00000000 {DEAD7}
00:00:03.420799 VMSVGA3d: cap[73]=0x00000000 {DEAD6}
00:00:03.420799 VMSVGA3d: cap[74]=0x00000000 {AUTOGENMIPMAPS}
00:00:03.420800 VMSVGA3d: cap[75]=0x00000000 {SURFACEFMT_NV12}
00:00:03.420800 VMSVGA3d: cap[76]=0x00000000 {DEAD10}
00:00:03.420801 VMSVGA3d: cap[77]=0x00000000 {MAX_CONTEXT_IDS}
00:00:03.420801 VMSVGA3d: cap[78]=0x00000000 {MAX_SURFACE_IDS}
00:00:03.420801 VMSVGA3d: cap[79]=0x00000000 {SURFACEFMT_Z_DF16}
00:00:03.420802 VMSVGA3d: cap[80]=0x00000000 {SURFACEFMT_Z_DF24}
00:00:03.420802 VMSVGA3d: cap[81]=0x00000000 {SURFACEFMT_Z_D24S8_INT}
00:00:03.420803 VMSVGA3d: cap[82]=0x00000000 {SURFACEFMT_ATI1}
00:00:03.420803 VMSVGA3d: cap[83]=0x00000000 {SURFACEFMT_ATI2}
00:00:03.420803 VMSVGA3d: cap[84]=0x00000000 {DEAD1}
00:00:03.420804 VMSVGA3d: cap[85]=0x00000000 {DEAD8}
00:00:03.420804 VMSVGA3d: cap[86]=0x00000000 {DEAD9}
00:00:03.420804 VMSVGA3d: cap[87]=0x00000000 {LINE_AA}
00:00:03.420805 VMSVGA3d: cap[88]=0x00000000 {LINE_STIPPLE}
00:00:03.420805 VMSVGA3d: cap[89]=0.000000 {MAX_LINE_WIDTH}
00:00:03.420806 VMSVGA3d: cap[90]=0.000000 {MAX_AA_LINE_WIDTH}
00:00:03.420806 VMSVGA3d: cap[91]=0x00000000 {SURFACEFMT_YV12}
00:00:03.420807 VMSVGA3d: cap[92]=0x00000000 {DEAD3}
00:00:03.420807 VMSVGA3d: cap[93]=0x00000000 {TS_COLOR_KEY}
00:00:03.420808 VMSVGA3d: cap[94]=0x00000000 {DEAD2}
00:00:03.420808 VMSVGA3d: cap[95]=0x00000000 {DXCONTEXT}
00:00:03.420808 VMSVGA3d: cap[96]=0x00000000 {DEAD11}
00:00:03.420809 VMSVGA3d: cap[97]=0x00000000 {DX_MAX_VERTEXBUFFERS}
00:00:03.420809 VMSVGA3d: cap[98]=0x00000000 {DX_MAX_CONSTANT_BUFFERS}
00:00:03.420810 VMSVGA3d: cap[99]=0x00000000 {DX_PROVOKING_VERTEX}
00:00:03.420810 VMSVGA3d: cap[100]=0x00000005 {DXFMT_X8R8G8B8}
00:00:03.420810 VMSVGA3d: cap[101]=0x00000000 {DXFMT_A8R8G8B8}
00:00:03.420811 VMSVGA3d: cap[102]=0x00000000 {DXFMT_R5G6B5}
00:00:03.420811 VMSVGA3d: cap[103]=0x00000000 {DXFMT_X1R5G5B5}
00:00:03.420812 VMSVGA3d: cap[104]=0x00000000 {DXFMT_A1R5G5B5}
00:00:03.420812 VMSVGA3d: cap[105]=0x00000000 {DXFMT_A4R4G4B4}
00:00:03.420812 VMSVGA3d: cap[106]=0x00000000 {DXFMT_Z_D32}
00:00:03.420813 VMSVGA3d: cap[107]=0x00000000 {DXFMT_Z_D16}
00:00:03.420813 VMSVGA3d: cap[108]=0x00000000 {DXFMT_Z_D24S8}
00:00:03.420814 VMSVGA3d: cap[109]=0x00000000 {DXFMT_Z_D15S1}
00:00:03.420814 VMSVGA3d: cap[110]=0x00000000 {DXFMT_LUMINANCE8}
00:00:03.420814 VMSVGA3d: cap[111]=0x00000000 {DXFMT_LUMINANCE4_ALPHA4}
00:00:03.420815 VMSVGA3d: cap[112]=0x00000000 {DXFMT_LUMINANCE16}
00:00:03.420815 VMSVGA3d: cap[113]=0x00000000 {DXFMT_LUMINANCE8_ALPHA8}
00:00:03.420816 VMSVGA3d: cap[114]=0x00000000 {DXFMT_DXT1}
00:00:03.420816 VMSVGA3d: cap[115]=0x00000000 {DXFMT_DXT2}
00:00:03.420819 VMSVGA3d: cap[116]=0x00000000 {DXFMT_DXT3}
00:00:03.420819 VMSVGA3d: cap[117]=0x00000000 {DXFMT_DXT4}
00:00:03.420819 VMSVGA3d: cap[118]=0x00000000 {DXFMT_DXT5}
00:00:03.420820 VMSVGA3d: cap[119]=0x00000000 {DXFMT_BUMPU8V8}
00:00:03.420821 VMSVGA3d: cap[120]=0x00000000 {DXFMT_BUMPL6V5U5}
00:00:03.420821 VMSVGA3d: cap[121]=0x00000000 {DXFMT_BUMPX8L8V8U8}
00:00:03.420821 VMSVGA3d: cap[122]=0x00000000 {DXFMT_FORMAT_DEAD1}
00:00:03.420822 VMSVGA3d: cap[123]=0x00000000 {DXFMT_ARGB_S10E5}
00:00:03.420822 VMSVGA3d: cap[124]=0x00000000 {DXFMT_ARGB_S23E8}
00:00:03.420823 VMSVGA3d: cap[125]=0x00000000 {DXFMT_A2R10G10B10}
00:00:03.420823 VMSVGA3d: cap[126]=0x00000000 {DXFMT_V8U8}
00:00:03.420824 VMSVGA3d: cap[127]=0x00000000 {DXFMT_Q8W8V8U8}
00:00:03.420824 VMSVGA3d: cap[128]=0x00000000 {DXFMT_CxV8U8}
00:00:03.420824 VMSVGA3d: cap[129]=0x00000000 {DXFMT_X8L8V8U8}
00:00:03.420825 VMSVGA3d: cap[130]=0x00000000 {DXFMT_A2W10V10U10}
00:00:03.420825 VMSVGA3d: cap[131]=0x00000000 {DXFMT_ALPHA8}
00:00:03.420825 VMSVGA3d: cap[132]=0x00000000 {DXFMT_R_S10E5}
00:00:03.420826 VMSVGA3d: cap[133]=0x00000000 {DXFMT_R_S23E8}
00:00:03.420826 VMSVGA3d: cap[134]=0x00000000 {DXFMT_RG_S10E5}
00:00:03.420827 VMSVGA3d: cap[135]=0x00000000 {DXFMT_RG_S23E8}
00:00:03.420827 VMSVGA3d: cap[136]=0x00000000 {DXFMT_BUFFER}
00:00:03.420827 VMSVGA3d: cap[137]=0x00000000 {DXFMT_Z_D24X8}
00:00:03.420828 VMSVGA3d: cap[138]=0x00000000 {DXFMT_V16U16}
00:00:03.420828 VMSVGA3d: cap[139]=0x00000000 {DXFMT_G16R16}
00:00:03.420829 VMSVGA3d: cap[140]=0x00000000 {DXFMT_A16B16G16R16}
00:00:03.420829 VMSVGA3d: cap[141]=0x00000000 {DXFMT_UYVY}
00:00:03.420829 VMSVGA3d: cap[142]=0x00000000 {DXFMT_YUY2}
00:00:03.420830 VMSVGA3d: cap[143]=0x00000000 {DXFMT_NV12}
00:00:03.420830 VMSVGA3d: cap[144]=0x00000000 {DXFMT_FORMAT_DEAD2}
00:00:03.420831 VMSVGA3d: cap[145]=0x00000000 {DXFMT_R32G32B32A32_TYPELESS}
00:00:03.420831 VMSVGA3d: cap[146]=0x00000000 {DXFMT_R32G32B32A32_UINT}
00:00:03.420831 VMSVGA3d: cap[147]=0x00000000 {DXFMT_R32G32B32A32_SINT}
00:00:03.420832 VMSVGA3d: cap[148]=0x00000000 {DXFMT_R32G32B32_TYPELESS}
00:00:03.420832 VMSVGA3d: cap[149]=0x00000000 {DXFMT_R32G32B32_FLOAT}
00:00:03.420833 VMSVGA3d: cap[150]=0x00000000 {DXFMT_R32G32B32_UINT}
00:00:03.420833 VMSVGA3d: cap[151]=0x00000000 {DXFMT_R32G32B32_SINT}
00:00:03.420833 VMSVGA3d: cap[152]=0x00000000 {DXFMT_R16G16B16A16_TYPELESS}
00:00:03.420834 VMSVGA3d: cap[153]=0x00000000 {DXFMT_R16G16B16A16_UINT}
00:00:03.420834 VMSVGA3d: cap[154]=0x00000000 {DXFMT_R16G16B16A16_SNORM}
00:00:03.420835 VMSVGA3d: cap[155]=0x00000000 {DXFMT_R16G16B16A16_SINT}
00:00:03.420835 VMSVGA3d: cap[156]=0x00000000 {DXFMT_R32G32_TYPELESS}
00:00:03.420835 VMSVGA3d: cap[157]=0x00000000 {DXFMT_R32G32_UINT}
00:00:03.420836 VMSVGA3d: cap[158]=0x00000000 {DXFMT_R32G32_SINT}
00:00:03.420836 VMSVGA3d: cap[159]=0x00000000 {DXFMT_R32G8X24_TYPELESS}
00:00:03.420837 VMSVGA3d: cap[160]=0x00000000 {DXFMT_D32_FLOAT_S8X24_UINT}
00:00:03.420837 VMSVGA3d: cap[161]=0x00000000 {DXFMT_R32_FLOAT_X8X24}
00:00:03.420837 VMSVGA3d: cap[162]=0x00000000 {DXFMT_X32_G8X24_UINT}
00:00:03.420838 VMSVGA3d: cap[163]=0x00000000 {DXFMT_R10G10B10A2_TYPELESS}
00:00:03.420838 VMSVGA3d: cap[164]=0x00000000 {DXFMT_R10G10B10A2_UINT}
00:00:03.420839 VMSVGA3d: cap[165]=0x00000000 {DXFMT_R11G11B10_FLOAT}
00:00:03.420839 VMSVGA3d: cap[166]=0x00000000 {DXFMT_R8G8B8A8_TYPELESS}
00:00:03.420839 VMSVGA3d: cap[167]=0x00000000 {DXFMT_R8G8B8A8_UNORM}
00:00:03.420840 VMSVGA3d: cap[168]=0x00000000 {DXFMT_R8G8B8A8_UNORM_SRGB}
00:00:03.420840 VMSVGA3d: cap[169]=0x00000000 {DXFMT_R8G8B8A8_UINT}
00:00:03.420841 VMSVGA3d: cap[170]=0x00000000 {DXFMT_R8G8B8A8_SINT}
00:00:03.420841 VMSVGA3d: cap[171]=0x00000000 {DXFMT_R16G16_TYPELESS}
00:00:03.420841 VMSVGA3d: cap[172]=0x00000000 {DXFMT_R16G16_UINT}
00:00:03.420842 VMSVGA3d: cap[173]=0x00000000 {DXFMT_R16G16_SINT}
00:00:03.420842 VMSVGA3d: cap[174]=0x00000000 {DXFMT_R32_TYPELESS}
00:00:03.420843 VMSVGA3d: cap[175]=0x00000000 {DXFMT_D32_FLOAT}
00:00:03.420843 VMSVGA3d: cap[176]=0x00000000 {DXFMT_R32_UINT}
00:00:03.420843 VMSVGA3d: cap[177]=0x00000000 {DXFMT_R32_SINT}
00:00:03.420844 VMSVGA3d: cap[178]=0x00000000 {DXFMT_R24G8_TYPELESS}
00:00:03.420844 VMSVGA3d: cap[179]=0x00000000 {DXFMT_D24_UNORM_S8_UINT}
00:00:03.420845 VMSVGA3d: cap[180]=0x00000000 {DXFMT_R24_UNORM_X8}
00:00:03.420845 VMSVGA3d: cap[181]=0x00000000 {DXFMT_X24_G8_UINT}
00:00:03.420845 VMSVGA3d: cap[182]=0x00000000 {DXFMT_R8G8_TYPELESS}
00:00:03.420846 VMSVGA3d: cap[183]=0x00000000 {DXFMT_R8G8_UNORM}
00:00:03.420846 VMSVGA3d: cap[184]=0x00000000 {DXFMT_R8G8_UINT}
00:00:03.420847 VMSVGA3d: cap[185]=0x00000000 {DXFMT_R8G8_SINT}
00:00:03.420847 VMSVGA3d: cap[186]=0x00000000 {DXFMT_R16_TYPELESS}
00:00:03.420847 VMSVGA3d: cap[187]=0x00000000 {DXFMT_R16_UNORM}
00:00:03.420848 VMSVGA3d: cap[188]=0x00000000 {DXFMT_R16_UINT}
00:00:03.420848 VMSVGA3d: cap[189]=0x00000000 {DXFMT_R16_SNORM}
00:00:03.420848 VMSVGA3d: cap[190]=0x00000000 {DXFMT_R16_SINT}
00:00:03.420849 VMSVGA3d: cap[191]=0x00000000 {DXFMT_R8_TYPELESS}
00:00:03.420849 VMSVGA3d: cap[192]=0x00000000 {DXFMT_R8_UNORM}
00:00:03.420850 VMSVGA3d: cap[193]=0x00000000 {DXFMT_R8_UINT}
00:00:03.420850 VMSVGA3d: cap[194]=0x00000000 {DXFMT_R8_SNORM}
00:00:03.420850 VMSVGA3d: cap[195]=0x00000000 {DXFMT_R8_SINT}
00:00:03.420851 VMSVGA3d: cap[196]=0x00000000 {DXFMT_P8}
00:00:03.420851 VMSVGA3d: cap[197]=0x00000000 {DXFMT_R9G9B9E5_SHAREDEXP}
00:00:03.420852 VMSVGA3d: cap[198]=0x00000000 {DXFMT_R8G8_B8G8_UNORM}
00:00:03.420852 VMSVGA3d: cap[199]=0x00000000 {DXFMT_G8R8_G8B8_UNORM}
00:00:03.420852 VMSVGA3d: cap[200]=0x00000000 {DXFMT_BC1_TYPELESS}
00:00:03.420853 VMSVGA3d: cap[201]=0x00000000 {DXFMT_BC1_UNORM_SRGB}
00:00:03.420853 VMSVGA3d: cap[202]=0x00000000 {DXFMT_BC2_TYPELESS}
00:00:03.420854 VMSVGA3d: cap[203]=0x00000000 {DXFMT_BC2_UNORM_SRGB}
00:00:03.420854 VMSVGA3d: cap[204]=0x00000000 {DXFMT_BC3_TYPELESS}
00:00:03.420854 VMSVGA3d: cap[205]=0x00000000 {DXFMT_BC3_UNORM_SRGB}
00:00:03.420855 VMSVGA3d: cap[206]=0x00000000 {DXFMT_BC4_TYPELESS}
00:00:03.420855 VMSVGA3d: cap[207]=0x00000000 {DXFMT_ATI1}
00:00:03.420856 VMSVGA3d: cap[208]=0x00000000 {DXFMT_BC4_SNORM}
00:00:03.420856 VMSVGA3d: cap[209]=0x00000000 {DXFMT_BC5_TYPELESS}
00:00:03.420856 VMSVGA3d: cap[210]=0x00000000 {DXFMT_ATI2}
00:00:03.420857 VMSVGA3d: cap[211]=0x00000000 {DXFMT_BC5_SNORM}
00:00:03.420857 VMSVGA3d: cap[212]=0x00000000 {DXFMT_R10G10B10_XR_BIAS_A2_UNORM}
00:00:03.420858 VMSVGA3d: cap[213]=0x00000000 {DXFMT_B8G8R8A8_TYPELESS}
00:00:03.420858 VMSVGA3d: cap[214]=0x00000000 {DXFMT_B8G8R8A8_UNORM_SRGB}
00:00:03.420858 VMSVGA3d: cap[215]=0x00000000 {DXFMT_B8G8R8X8_TYPELESS}
00:00:03.420859 VMSVGA3d: cap[216]=0x00000000 {DXFMT_B8G8R8X8_UNORM_SRGB}
00:00:03.420859 VMSVGA3d: cap[217]=0x00000000 {DXFMT_Z_DF16}
00:00:03.420860 VMSVGA3d: cap[218]=0x00000000 {DXFMT_Z_DF24}
00:00:03.420860 VMSVGA3d: cap[219]=0x00000000 {DXFMT_Z_D24S8_INT}
00:00:03.420860 VMSVGA3d: cap[220]=0x00000000 {DXFMT_YV12}
00:00:03.420861 VMSVGA3d: cap[221]=0x00000000 {DXFMT_R32G32B32A32_FLOAT}
00:00:03.420861 VMSVGA3d: cap[222]=0x00000000 {DXFMT_R16G16B16A16_FLOAT}
00:00:03.420862 VMSVGA3d: cap[223]=0x00000000 {DXFMT_R16G16B16A16_UNORM}
00:00:03.420862 VMSVGA3d: cap[224]=0x00000000 {DXFMT_R32G32_FLOAT}
00:00:03.420862 VMSVGA3d: cap[225]=0x00000000 {DXFMT_R10G10B10A2_UNORM}
00:00:03.420863 VMSVGA3d: cap[226]=0x00000000 {DXFMT_R8G8B8A8_SNORM}
00:00:03.420863 VMSVGA3d: cap[227]=0x00000000 {DXFMT_R16G16_FLOAT}
00:00:03.420864 VMSVGA3d: cap[228]=0x00000000 {DXFMT_R16G16_UNORM}
00:00:03.420866 VMSVGA3d: cap[229]=0x00000000 {DXFMT_R16G16_SNORM}
00:00:03.420866 VMSVGA3d: cap[230]=0x00000000 {DXFMT_R32_FLOAT}
00:00:03.420867 VMSVGA3d: cap[231]=0x00000000 {DXFMT_R8G8_SNORM}
00:00:03.420867 VMSVGA3d: cap[232]=0x00000000 {DXFMT_R16_FLOAT}
00:00:03.420868 VMSVGA3d: cap[233]=0x00000000 {DXFMT_D16_UNORM}
00:00:03.420868 VMSVGA3d: cap[234]=0x00000000 {DXFMT_A8_UNORM}
00:00:03.420868 VMSVGA3d: cap[235]=0x00000000 {DXFMT_BC1_UNORM}
00:00:03.420869 VMSVGA3d: cap[236]=0x00000000 {DXFMT_BC2_UNORM}
00:00:03.420869 VMSVGA3d: cap[237]=0x00000000 {DXFMT_BC3_UNORM}
00:00:03.420869 VMSVGA3d: cap[238]=0x00000000 {DXFMT_B5G6R5_UNORM}
00:00:03.420870 VMSVGA3d: cap[239]=0x00000000 {DXFMT_B5G5R5A1_UNORM}
00:00:03.420870 VMSVGA3d: cap[240]=0x00000000 {DXFMT_B8G8R8A8_UNORM}
00:00:03.420871 VMSVGA3d: cap[241]=0x00000000 {DXFMT_B8G8R8X8_UNORM}
00:00:03.420871 VMSVGA3d: cap[242]=0x00000000 {DXFMT_BC4_UNORM}
00:00:03.420872 VMSVGA3d: cap[243]=0x00000000 {DXFMT_BC5_UNORM}
00:00:03.420872 VMSVGA3d: cap[244]=0x00000000 {SM41}
00:00:03.420872 VMSVGA3d: cap[245]=0x00000000 {MULTISAMPLE_2X}
00:00:03.420873 VMSVGA3d: cap[246]=0x00000000 {MULTISAMPLE_4X}
00:00:03.420873 VMSVGA3d: cap[247]=0x00000000 {MS_FULL_QUALITY}
00:00:03.420874 VMSVGA3d: cap[248]=0x00000000 {LOGICOPS}
00:00:03.420874 VMSVGA3d: cap[249]=0x00000000 {LOGIC_BLENDOPS}
00:00:03.420874 VMSVGA3d: cap[250]=0x00000000 {RESERVED_1}
00:00:03.420875 VMSVGA3d: cap[251]=0x00000000 {DXFMT_BC6H_TYPELESS}
00:00:03.420875 VMSVGA3d: cap[252]=0x00000000 {DXFMT_BC6H_UF16}
00:00:03.420875 VMSVGA3d: cap[253]=0x00000000 {DXFMT_BC6H_SF16}
00:00:03.420876 VMSVGA3d: cap[254]=0x00000000 {DXFMT_BC7_TYPELESS}
00:00:03.420876 VMSVGA3d: cap[255]=0x00000000 {DXFMT_BC7_UNORM}
00:00:03.420877 VMSVGA3d: cap[256]=0x00000000 {DXFMT_BC7_UNORM_SRGB}
00:00:03.420877 VMSVGA3d: cap[257]=0x00000000 {RESERVED_2}
00:00:03.420878 VMSVGA3d: cap[258]=0x00000000 {SM5}
00:00:03.420878 VMSVGA3d: cap[259]=0x00000000 {MULTISAMPLE_8X}
00:00:03.420886 AIOMgr: Endpoints without assigned bandwidth groups:
00:00:03.420908 AIOMgr:     C:\Users\Student\VirtualBox VMs\qwe\qwe.vdi
00:00:03.421006 Changing the VM state from 'POWERING_ON' to 'RUNNING'
00:00:03.421033 Console: Machine state changed to 'Running'
00:00:03.424719 VMMDev: Guest Log: BIOS: VirtualBox 7.2.18
00:00:03.424812 PCI: Setting up resources and interrupts
00:00:03.425042 PIT: mode=2 count=0x10000 (65536) - 18.20 Hz (ch=0)
00:00:03.437254 Display::i_handleDisplayResize: uScreenId=0 pvVRAM=0000000000000000 w=720 h=400 bpp=0 cbLine=0x0 flags=0x0 origin=0,0
00:00:03.438044 VMMDev: Guest Log: CPUID EDX: 0x178bfbff
00:00:03.438123 PIIX3 ATA: Ctl#0: RESET, DevSel=0 AIOIf=0 CmdIf0=0x00 (-1 usec ago) CmdIf1=0x00 (-1 usec ago)
00:00:03.438158 PIIX3 ATA: Ctl#0: finished processing RESET
00:00:03.438965 AHCI#0: Reset the HBA
00:00:03.438999 VD#0: Cancelling all active requests
00:00:03.439051 AHCI#0: Port 0 reset
00:00:03.439087 VD#0: Cancelling all active requests
00:00:03.439658 VMMDev: Guest Log: BIOS: AHCI 0-P#0: PCHS=16383/16/63 LCHS=1024/255/63 0x0000000003200000 sectors
00:00:03.442324 PIT: mode=2 count=0x48d3 (18643) - 64.00 Hz (ch=0)
00:00:03.457747 Display::i_handleDisplayResize: uScreenId=0 pvVRAM=00000207ca290000 w=640 h=480 bpp=32 cbLine=0xA00 flags=0x0 origin=0,0
00:00:03.602254 GUI: UIMachineLogicNormal::sltCheckForRequestedVisualStateType: Requested-state=1, Machine-state=6
00:00:03.795938 VMMDev: Guest Log: Key pressed: 0039
00:00:04.003899 VMMDev: Guest Log: Key pressed: 0039
00:00:04.047882 PIT: mode=2 count=0x10000 (65536) - 18.20 Hz (ch=0)
00:00:04.048094 VMMDev: Guest Log: BIOS: Boot : bseqnr=1, bootseq=0132
00:00:04.056748 VMMDev: Guest Log: BIOS: Booting from Hard Disk...
00:00:04.102821 Display::i_handleDisplayResize: uScreenId=0 pvVRAM=0000000000000000 w=720 h=400 bpp=0 cbLine=0x0 flags=0x0 origin=0,0
00:00:04.268222 Display::i_handleDisplayResize: uScreenId=0 pvVRAM=00000207ca290000 w=640 h=480 bpp=32 cbLine=0xA00 flags=0x0 origin=0,0
00:00:04.981718 Display::i_handleDisplayResize: uScreenId=0 pvVRAM=0000000000000000 w=720 h=400 bpp=0 cbLine=0x0 flags=0x0 origin=0,0
00:00:05.153105 GIM: KVM: VCPU  0: Enabled system-time struct. at 0x000000006f403000 - u32TscScale=0x9b71a465 i8TscShift=-1 uVersion=2 fFlags=0x1 uTsc=0x153e60869 uVirtNanoTS=0x673194f3 TscKHz=3293792
00:00:05.153144 TM: Switching TSC mode from 'Dynamic' to 'RealTSCOffset'
00:00:05.183199 GIM: KVM: Enabled wall-clock struct. at 0x000000006f402000 - u32Sec=1790331165 u32Nano=415134036 uVersion=2
00:00:05.218257 PIT: mode=2 count=0x4a9 (1193) - 1000.15 Hz (ch=0)
00:00:05.218672 APIC0: Switched mode to x2APIC
00:00:05.221770 IEM: rdmsr(0x87) -> #GP(0)
00:00:05.309474 GUI: UIMediumEnumerator: Medium-enumeration finished!
00:00:05.367968 PIT: mode=0 count=0x10000 (65536) - 18.20 Hz (ch=0)
00:00:05.511602 OHCI: Software reset
00:00:05.563894 PIIX3 ATA: Ctl#0: RESET, DevSel=0 AIOIf=0 CmdIf0=0xa1 (-1 usec ago) CmdIf1=0x00 (-1 usec ago)
00:00:05.563974 PIIX3 ATA: Ctl#0: finished processing RESET
00:00:05.569139 OHCI: USB Reset
00:00:05.619759 OHCI: Software reset
00:00:05.619865 OHCI: USB Operational
00:00:05.624020 EHCI: Hardware reset
00:00:05.624722 EHCI: USB Operational
00:00:05.661135 EHCI: USB Suspended
00:00:06.754960 GCMInterceptedIOPortRead: Unknown vmware hypervisor call: rcx=0xa (cmd), rbx=0x0 (len/whatever), rsi=0x1 (input), rdi=0xffff8d2501303a00 (input), rdx=0x5658 (flags + chid) at 0010:ffffffffc06745dd
00:00:06.774476 AHCI#0: Reset the HBA
00:00:06.774505 VD#0: Cancelling all active requests
00:00:06.778769 AHCI#0: Port 0 reset
00:00:06.780144 VD#0: Cancelling all active requests
00:00:07.202621 AIOMgr: Async flushes not supported
00:00:09.104847 NAT: Link up
00:00:10.748713 VMMDev: Guest Log: vboxguest: host-version: 7.2.18r175117 0x8000000f
00:00:10.748755 VMMDev: Guest Additions information report: Version 6.0.0 r127566 '6.0.0'
00:00:10.748779 VMMDev: Guest Additions information report: Interface = 0x00010004 osType = 0x00053100 (Linux >= 2.6, 64-bit)
00:00:10.748870 VMMDev: Guest Additions capability report: (0x0 -> 0x0) seamless: no, hostWindowMapping: no, graphics: no
00:00:10.748949 VMMDev: vmmDevReqHandler_HeartbeatConfigure: No change (fHeartbeatActive=false)
00:00:10.748964 VMMDev: Heartbeat flatline timer set to trigger after 4 000 000 000 ns
00:00:10.748987 GUI: UISession::sltAdditionsChange: GA state doesn't really changed, still notifying listeners.
00:00:10.749005 GUI: UIMachineLogicNormal::sltCheckForRequestedVisualStateType: Requested-state=1, Machine-state=6
00:00:10.749018 GUI: UISession::sltAdditionsChange: GA state doesn't really changed, still notifying listeners.
00:00:10.749023 GUI: UIMachineLogicNormal::sltCheckForRequestedVisualStateType: Requested-state=1, Machine-state=6
00:00:10.749259 VMMDev: Guest Log: vbg_heartbeat_init: Setting up heartbeat to trigger every 2000 milliseconds
00:00:10.749355 GUI: UISession::sltAdditionsChange: GA state really changed, notifying listeners.
00:00:10.752082 GUI: UIMachineViewNormal::adjustGuestScreenSize: Adjust guest-screen size if necessary
00:00:10.752111 GUI: UIMachineLogicNormal::sltCheckForRequestedVisualStateType: Requested-state=1, Machine-state=6
00:00:11.605880 ip6_icmp: MTU is too small to hold RDNSS options! Behavior may be unexpected.
00:00:11.929219 Enabling different vbva mode
00:00:12.061661 VMSVGA: 3D disabled, but command 1115 will be processed
00:00:12.061766 VMSVGA: 3D disabled, but command 1115 will be processed
00:00:12.061849 VMSVGA: 3D disabled, but command 1115 will be processed
00:00:12.061861 VMSVGA: 3D disabled, but command 1115 will be processed
00:00:12.061885 VMSVGA: 3D disabled, but command 1115 will be processed
00:00:12.061890 VMSVGA: 3D disabled, but command 1135 will be processed
00:00:12.061936 VMSVGA: 3D disabled, but command 1097 will be processed
00:00:12.061961 VMSVGA: 3D disabled, but command 1099 will be processed
00:00:12.061983 Display::i_handleDisplayResize: uScreenId=0 pvVRAM=0000000000000000 w=1280 h=800 bpp=32 cbLine=0x1400 flags=0x1 origin=0,0
00:00:12.101594 AC97: Reset
00:00:12.101619 AC97: Mixer reset (EAID=0x809, EACS=0x9)
00:00:12.101625 AC97: Record select to left=mic, right=mic
00:00:12.101629 Audio Mixer: MUTING master volume of 'AC'97 Mixer' -- channel volumes: ff ff ff ff ff ff ff ff ff ff ff ff
00:00:12.101634 Audio Mixer: MUTING sink 'AC'97 Mixer/Line In' -- channel volumes: 00 00 00 00 00 00 00 00 00 00 00 00
00:00:12.101638 Audio Mixer: MUTING sink 'AC'97 Mixer/Microphone In' -- channel volumes: 00 00 00 00 00 00 00 00 00 00 00 00
00:00:12.101642 Audio Mixer: MUTING sink 'AC'97 Mixer/PCM Output' -- channel volumes: 00 00 00 00 00 00 00 00 00 00 00 00
00:00:12.101646 Audio Mixer: MUTING sink 'AC'97 Mixer/PCM Output' -- channel volumes: 00 00 00 00 00 00 00 00 00 00 00 00
00:00:12.101649 Audio Mixer: MUTING sink 'AC'97 Mixer/Line In' -- channel volumes: 00 00 00 00 00 00 00 00 00 00 00 00
00:00:12.101653 Audio Mixer: MUTING sink 'AC'97 Mixer/Line In' -- channel volumes: 00 00 00 00 00 00 00 00 00 00 00 00
00:00:12.101656 Audio Mixer: MUTING sink 'AC'97 Mixer/Microphone In' -- channel volumes: 00 00 00 00 00 00 00 00 00 00 00 00
00:00:12.101728 Audio Mixer: MUTING sink 'AC'97 Mixer/Line In' -- channel volumes: 00 00 00 00 00 00 00 00 00 00 00 00
00:00:12.101733 Audio Mixer: MUTING sink 'AC'97 Mixer/Line In' -- channel volumes: 00 00 00 00 00 00 00 00 00 00 00 00
00:00:12.101753 Audio Mixer: MUTING sink 'AC'97 Mixer/Line In' -- channel volumes: 00 00 00 00 00 00 00 00 00 00 00 00
00:00:12.101757 Audio Mixer: MUTING sink 'AC'97 Mixer/Line In' -- channel volumes: 00 00 00 00 00 00 00 00 00 00 00 00
00:00:12.101781 AC97: Reset
00:00:12.101785 AC97: Mixer reset (EAID=0x809, EACS=0x9)
00:00:12.101788 AC97: Record select to left=mic, right=mic
00:00:12.101791 Audio Mixer: MUTING master volume of 'AC'97 Mixer' -- channel volumes: ff ff ff ff ff ff ff ff ff ff ff ff
00:00:12.101794 Audio Mixer: MUTING sink 'AC'97 Mixer/Line In' -- channel volumes: 00 00 00 00 00 00 00 00 00 00 00 00
00:00:12.101798 Audio Mixer: MUTING sink 'AC'97 Mixer/Microphone In' -- channel volumes: 00 00 00 00 00 00 00 00 00 00 00 00
00:00:12.101801 Audio Mixer: MUTING sink 'AC'97 Mixer/PCM Output' -- channel volumes: 00 00 00 00 00 00 00 00 00 00 00 00
00:00:12.101804 Audio Mixer: MUTING sink 'AC'97 Mixer/PCM Output' -- channel volumes: 00 00 00 00 00 00 00 00 00 00 00 00
00:00:12.101808 Audio Mixer: MUTING sink 'AC'97 Mixer/Line In' -- channel volumes: 00 00 00 00 00 00 00 00 00 00 00 00
00:00:12.101811 Audio Mixer: MUTING sink 'AC'97 Mixer/Line In' -- channel volumes: 00 00 00 00 00 00 00 00 00 00 00 00
00:00:12.101815 Audio Mixer: MUTING sink 'AC'97 Mixer/Microphone In' -- channel volumes: 00 00 00 00 00 00 00 00 00 00 00 00
00:00:12.102347 Audio Mixer: Setting master volume of 'AC'97 Mixer' -- channel volumes: ff ff ff ff ff ff ff ff ff ff ff ff
00:00:12.102355 Audio Mixer: MUTING sink 'AC'97 Mixer/Line In' -- channel volumes: 00 00 00 00 00 00 00 00 00 00 00 00
00:00:12.102364 Audio Mixer: MUTING sink 'AC'97 Mixer/Microphone In' -- channel volumes: 00 00 00 00 00 00 00 00 00 00 00 00
00:00:12.102369 Audio Mixer: MUTING sink 'AC'97 Mixer/PCM Output' -- channel volumes: 00 00 00 00 00 00 00 00 00 00 00 00
00:00:12.102388 Audio Mixer: MUTING master volume of 'AC'97 Mixer' -- channel volumes: ff ff ff ff ff ff ff ff ff ff ff ff
00:00:12.102393 Audio Mixer: MUTING sink 'AC'97 Mixer/Line In' -- channel volumes: 00 00 00 00 00 00 00 00 00 00 00 00
00:00:12.102396 Audio Mixer: MUTING sink 'AC'97 Mixer/Microphone In' -- channel volumes: 00 00 00 00 00 00 00 00 00 00 00 00
00:00:12.102399 Audio Mixer: MUTING sink 'AC'97 Mixer/PCM Output' -- channel volumes: 00 00 00 00 00 00 00 00 00 00 00 00
00:00:12.102442 Audio Mixer: MUTING master volume of 'AC'97 Mixer' -- channel volumes: ff ff ff ff ff ff ff ff ff ff ff ff
00:00:12.102448 Audio Mixer: MUTING sink 'AC'97 Mixer/Line In' -- channel volumes: 00 00 00 00 00 00 00 00 00 00 00 00
00:00:12.102451 Audio Mixer: MUTING sink 'AC'97 Mixer/Microphone In' -- channel volumes: 00 00 00 00 00 00 00 00 00 00 00 00
00:00:12.102455 Audio Mixer: MUTING sink 'AC'97 Mixer/PCM Output' -- channel volumes: 00 00 00 00 00 00 00 00 00 00 00 00
00:00:12.102486 Audio Mixer: MUTING master volume of 'AC'97 Mixer' -- channel volumes: ff ff ff ff ff ff ff ff ff ff ff ff
00:00:12.102491 Audio Mixer: MUTING sink 'AC'97 Mixer/Line In' -- channel volumes: 00 00 00 00 00 00 00 00 00 00 00 00
00:00:12.102494 Audio Mixer: MUTING sink 'AC'97 Mixer/Microphone In' -- channel volumes: 00 00 00 00 00 00 00 00 00 00 00 00
00:00:12.102498 Audio Mixer: MUTING sink 'AC'97 Mixer/PCM Output' -- channel volumes: 00 00 00 00 00 00 00 00 00 00 00 00
00:00:12.102508 Audio Mixer: MUTING master volume of 'AC'97 Mixer' -- channel volumes: 83 83 83 83 83 83 83 83 83 83 83 83
00:00:12.102512 Audio Mixer: MUTING sink 'AC'97 Mixer/Line In' -- channel volumes: 00 00 00 00 00 00 00 00 00 00 00 00
00:00:12.102516 Audio Mixer: MUTING sink 'AC'97 Mixer/Microphone In' -- channel volumes: 00 00 00 00 00 00 00 00 00 00 00 00
00:00:12.102519 Audio Mixer: MUTING sink 'AC'97 Mixer/PCM Output' -- channel volumes: 00 00 00 00 00 00 00 00 00 00 00 00
00:00:12.102536 Audio Mixer: MUTING master volume of 'AC'97 Mixer' -- channel volumes: bf bf bf bf bf bf bf bf bf bf bf bf
00:00:12.102540 Audio Mixer: MUTING sink 'AC'97 Mixer/Line In' -- channel volumes: 00 00 00 00 00 00 00 00 00 00 00 00
00:00:12.102543 Audio Mixer: MUTING sink 'AC'97 Mixer/Microphone In' -- channel volumes: 00 00 00 00 00 00 00 00 00 00 00 00
00:00:12.102547 Audio Mixer: MUTING sink 'AC'97 Mixer/PCM Output' -- channel volumes: 00 00 00 00 00 00 00 00 00 00 00 00
00:00:12.102569 Audio Mixer: MUTING master volume of 'AC'97 Mixer' -- channel volumes: 83 83 83 83 83 83 83 83 83 83 83 83
00:00:12.102573 Audio Mixer: MUTING sink 'AC'97 Mixer/Line In' -- channel volumes: 00 00 00 00 00 00 00 00 00 00 00 00
00:00:12.102577 Audio Mixer: MUTING sink 'AC'97 Mixer/Microphone In' -- channel volumes: 00 00 00 00 00 00 00 00 00 00 00 00
00:00:12.102580 Audio Mixer: MUTING sink 'AC'97 Mixer/PCM Output' -- channel volumes: 00 00 00 00 00 00 00 00 00 00 00 00
00:00:12.102965 Audio Mixer: MUTING sink 'AC'97 Mixer/PCM Output' -- channel volumes: 00 00 00 00 00 00 00 00 00 00 00 00
00:00:12.103001 Audio Mixer: MUTING sink 'AC'97 Mixer/Line In' -- channel volumes: 00 00 00 00 00 00 00 00 00 00 00 00
00:00:12.103007 Audio Mixer: MUTING sink 'AC'97 Mixer/Line In' -- channel volumes: 00 00 00 00 00 00 00 00 00 00 00 00
00:00:12.103020 Audio Mixer: MUTING sink 'AC'97 Mixer/Line In' -- channel volumes: 00 00 00 00 00 00 00 00 00 00 00 00
00:00:12.103025 Audio Mixer: MUTING sink 'AC'97 Mixer/Line In' -- channel volumes: 00 00 00 00 00 00 00 00 00 00 00 00
00:00:12.103038 Audio Mixer: MUTING sink 'AC'97 Mixer/Line In' -- channel volumes: 00 00 00 00 00 00 00 00 00 00 00 00
00:00:12.103043 Audio Mixer: MUTING sink 'AC'97 Mixer/Line In' -- channel volumes: 00 00 00 00 00 00 00 00 00 00 00 00
00:00:12.103060 Audio Mixer: MUTING sink 'AC'97 Mixer/Line In' -- channel volumes: 00 00 00 00 00 00 00 00 00 00 00 00
00:00:12.103065 Audio Mixer: MUTING sink 'AC'97 Mixer/Line In' -- channel volumes: 00 00 00 00 00 00 00 00 00 00 00 00
00:00:12.103077 AC97: Record select to left=mic, right=mic
00:00:12.103087 Audio Mixer: MUTING sink 'AC'97 Mixer/Line In' -- channel volumes: 00 00 00 00 00 00 00 00 00 00 00 00
00:00:12.103091 Audio Mixer: MUTING sink 'AC'97 Mixer/Line In' -- channel volumes: 00 00 00 00 00 00 00 00 00 00 00 00
00:00:12.383577 GUI: UIMediumEnumerator: Medium-enumeration finished!
00:00:12.847270 drvNATAsyncIoThread: Wakeup socket read error in poll loop: 10040
00:02:08.405797 GUI: UIMediumEnumerator: Medium-enumeration finished!
00:04:20.783083 GUI: UIMediumEnumerator: Medium-enumeration finished!
00:05:48.267731 ip6_icmp: MTU is too small to hold RDNSS options! Behavior may be unexpected.
00:09:14.587774 ip6_icmp: MTU is too small to hold RDNSS options! Behavior may be unexpected.
00:14:38.709077 ip6_icmp: MTU is too small to hold RDNSS options! Behavior may be unexpected.
00:20:24.239006 ip6_icmp: MTU is too small to hold RDNSS options! Behavior may be unexpected.
00:24:39.907657 ip6_icmp: MTU is too small to hold RDNSS options! Behavior may be unexpected.
00:29:58.167769 ip6_icmp: MTU is too small to hold RDNSS options! Behavior may be unexpected.
00:34:37.793779 ip6_icmp: MTU is too small to hold RDNSS options! Behavior may be unexpected.
00:39:22.048048 ip6_icmp: MTU is too small to hold RDNSS options! Behavior may be unexpected.
00:44:07.369915 ip6_icmp: MTU is too small to hold RDNSS options! Behavior may be unexpected.
00:49:21.344279 ip6_icmp: MTU is too small to hold RDNSS options! Behavior may be unexpected.
00:49:30.741478 GUI: UIMediumEnumerator: Medium-enumeration started...
00:49:31.378508 GUI: UIMediumEnumerator: Medium-enumeration finished!
00:49:50.453757 GUI: UIMediumEnumerator: Medium-enumeration finished!
00:52:50.152272 GUI: Request to close active machine-window.
00:52:50.154619 Changing the VM state from 'RUNNING' to 'SUSPENDING'
00:52:50.169101 AIOMgr: Endpoint for file 'C:\Users\Student\VirtualBox VMs\qwe\qwe.vdi' (flags 000c0781) created successfully
00:52:50.172804 PDMR3Suspend: 18 152 611 ns run time
00:52:50.172824 Changing the VM state from 'SUSPENDING' to 'SUSPENDED'
00:52:50.172838 Console: Machine state changed to 'Paused'
00:52:51.687501 GUI: Request for close-action to save VM state.
00:52:51.687537 GUI: Saving VM state..
00:52:51.690751 Console: Machine state changed to 'Saving'
00:52:51.691595 Changing the VM state from 'SUSPENDED' to 'SAVING'
00:52:51.710064 GUI: UIMediumEnumerator: Medium-enumeration finished!
00:52:54.355823 E1000#0: Interrupt attempts: 2376
00:52:54.355845 E1000#0: Interrupts raised : 1866
00:52:54.355853 E1000#0: Interrupts lowered: 15
00:52:54.355862 E1000#0: ICR outside ISR   : 0
00:52:54.355870 E1000#0: IMS raised ints   : 73
00:52:54.355881 E1000#0: Interrupts skipped: 359
00:52:54.355889 E1000#0: Masked interrupts : 151
00:52:54.355897 E1000#0: Early interrupts  : 0
00:52:54.355906 E1000#0: Late interrupts   : 22
00:52:54.355915 E1000#0: Lost interrupts   : 0
00:52:54.355923 E1000#0: Interrupts by RX  : 303
00:52:54.355931 E1000#0: Interrupts by TX  : 271
00:52:54.355940 E1000#0: Interrupts by ICS : 1546
00:52:54.355949 E1000#0: Interrupts by RDTR: 0
00:52:54.355957 E1000#0: Interrupts by RDMT: 0
00:52:54.355965 E1000#0: Interrupts by TXQE: 0
00:52:54.355973 E1000#0: TX int delay asked: 0
00:52:54.355978 E1000#0: TX delayed:         0
00:52:54.355986 E1000#0: TX delay expired:   0
00:52:54.355994 E1000#0: TX no report asked: 247
00:52:54.356003 E1000#0: TX abs timer expd : 0
00:52:54.356011 E1000#0: TX int timer expd : 0
00:52:54.356019 E1000#0: RX abs timer expd : 0
00:52:54.356026 E1000#0: RX int timer expd : 0
00:52:54.356034 E1000#0: TX CTX descriptors: 239
00:52:54.356043 E1000#0: TX DAT descriptors: 247
00:52:54.356052 E1000#0: TX LEG descriptors: 32
00:52:54.356067 E1000#0: Received frames   : 303
00:52:54.356079 E1000#0: Transmitted frames: 271
00:52:54.356089 E1000#0: TX frames up to 1514: 271
00:52:54.356097 E1000#0: TX frames up to 2962: 0
00:52:54.356103 E1000#0: TX frames up to 4410: 0
00:52:54.356108 E1000#0: TX frames up to 5858: 0
00:52:54.356112 E1000#0: TX frames up to 7306: 0
00:52:54.356117 E1000#0: TX frames up to 8754: 0
00:52:54.356122 E1000#0: TX frames up to 16384: 0
00:52:54.356127 E1000#0: TX frames up to 32768: 0
00:52:54.356131 E1000#0: Larger TX frames    : 0
00:52:54.356136 E1000#0: Max TX Delay        : 0
00:52:54.356152 E1000#0: Interrupt attempts: 2376
00:52:54.356158 E1000#0: Interrupts raised : 1866
00:52:54.356162 E1000#0: Interrupts lowered: 15
00:52:54.356167 E1000#0: ICR outside ISR   : 0
00:52:54.356172 E1000#0: IMS raised ints   : 73
00:52:54.356176 E1000#0: Interrupts skipped: 359
00:52:54.356181 E1000#0: Masked interrupts : 151
00:52:54.356185 E1000#0: Early interrupts  : 0
00:52:54.356190 E1000#0: Late interrupts   : 22
00:52:54.356194 E1000#0: Lost interrupts   : 0
00:52:54.356199 E1000#0: Interrupts by RX  : 303
00:52:54.356204 E1000#0: Interrupts by TX  : 271
00:52:54.356208 E1000#0: Interrupts by ICS : 1546
00:52:54.356213 E1000#0: Interrupts by RDTR: 0
00:52:54.356217 E1000#0: Interrupts by RDMT: 0
00:52:54.356222 E1000#0: Interrupts by TXQE: 0
00:52:54.356227 E1000#0: TX int delay asked: 0
00:52:54.356231 E1000#0: TX delayed:         0
00:52:54.356236 E1000#0: TX delay expired:   0
00:52:54.356240 E1000#0: TX no report asked: 247
00:52:54.356245 E1000#0: TX abs timer expd : 0
00:52:54.356250 E1000#0: TX int timer expd : 0
00:52:54.356254 E1000#0: RX abs timer expd : 0
00:52:54.356259 E1000#0: RX int timer expd : 0
00:52:54.356263 E1000#0: TX CTX descriptors: 239
00:52:54.356268 E1000#0: TX DAT descriptors: 247
00:52:54.356272 E1000#0: TX LEG descriptors: 32
00:52:54.356277 E1000#0: Received frames   : 303
00:52:54.356282 E1000#0: Transmitted frames: 271
00:52:54.356287 E1000#0: TX frames up to 1514: 271
00:52:54.356291 E1000#0: TX frames up to 2962: 0
00:52:54.356296 E1000#0: TX frames up to 4410: 0
00:52:54.356300 E1000#0: TX frames up to 5858: 0
00:52:54.356305 E1000#0: TX frames up to 7306: 0
00:52:54.356309 E1000#0: TX frames up to 8754: 0
00:52:54.356314 E1000#0: TX frames up to 16384: 0
00:52:54.356319 E1000#0: TX frames up to 32768: 0
00:52:54.356323 E1000#0: Larger TX frames    : 0
00:52:54.356328 E1000#0: Max TX Delay        : 0
00:52:54.389459 SSM: Footer at 0x1ff3242b (536028203), 35 directory entries.
00:52:54.389797 SSM: Successfully saved the VM state to '<remote-machine>'
00:52:54.389817 Changing the VM state from 'SAVING' to 'SUSPENDED'
00:52:54.389846 Console::powerDown(): A request to power off the VM has been issued (mMachineState=Saving, InUninit=0)
00:52:54.390009 Changing the VM state from 'SUSPENDED' to 'POWERING_OFF'
00:52:54.390035 ****************** Guest state at power off for VCpu 0 ******************
00:52:54.390042 Guest CPUM (VCPU 0) state: 
00:52:54.390059 rax=0000000000000000 rbx=0000000000000001 rcx=0000000000000000 rdx=0000000000000000
00:52:54.390062 rsi=0000000000000000 rdi=0000000000000000 r8 =ffffffff8dc134c0 r9 =0000000000000000
00:52:54.390064 r10=0000000000000000 r11=0000000000000000 r12=ffffffff8dc134c0 r13=0000000000000000
00:52:54.390066 r14=ffffffff8e62f480 r15=0000000000000000
00:52:54.390067 rip=ffffffff8c9245d2 rsp=ffffffff8dc03df0 rbp=ffffffff8dc03df0 iopl=0  iopl=0 nv up ei pl zr na po nc
00:52:54.390069 cs={0010 base=0000000000000000 limit=ffffffff flags=0000a09b}
00:52:54.390070 ds={0000 base=0000000000000000 limit=00000000 flags=00000000}
00:52:54.390071 es={0000 base=0000000000000000 limit=00000000 flags=00000000}
00:52:54.390072 fs={0000 base=0000000000000000 limit=00000000 flags=00000000}
00:52:54.390073 gs={0000 base=ffff8d25ef5ff000 limit=00000000 flags=00000000}
00:52:54.390074 ss={0018 base=0000000000000000 limit=ffffffff flags=0000c093}
00:52:54.390075 cr0=0000000080050033 cr2=00007a01969b2010 cr3=000000000ae5b000 cr4=00000000000506f0
00:52:54.390077 dr0=0000000000000000 dr1=0000000000000000 dr2=0000000000000000 dr3=0000000000000000
00:52:54.390078 dr4=0000000000000000 dr5=0000000000000000 dr6=00000000ffff0ff0 dr7=0000000000000400
00:52:54.390080 gdtr=fffffe00403e5000:007f  idtr=fffffe0000000000:0fff  eflags=00000246
00:52:54.390085 ldtr={0000 base=00000000 limit=00000000 flags=00000000}
00:52:54.390087 tr  ={0040 base=fffffe00403e7000 limit=00004087 flags=0000008b}
00:52:54.390088 SysEnter={cs=0010 eip=000000008b201970 esp=00000000403e7000}
00:52:54.390090 xcr=0000000000000007 xcr1=0000000000000000 xss=0000000000000000 (fXStateMask=0000000000000007)
00:52:54.390092 FCW=037f FSW=0000 FTW=0000 FOP=0000 MXCSR=00001f80 MXCSR_MASK=0002ffff
00:52:54.390094 FPUIP=00000000 CS=0000 Rsrvd1=0000  FPUDP=00000000 DS=0000 Rsvrd2=0000
00:52:54.390096 ST(0)=FPR0={0000'00000000'00000000} t0 +0.0000000000000000000000 * 2 ^ -16383 (*)
00:52:54.390098 ST(1)=FPR1={0000'00000000'00000000} t0 +0.0000000000000000000000 * 2 ^ -16383 (*)
00:52:54.390101 ST(2)=FPR2={0000'00000000'00000000} t0 +0.0000000000000000000000 * 2 ^ -16383 (*)
00:52:54.390103 ST(3)=FPR3={0000'00000000'00000000} t0 +0.0000000000000000000000 * 2 ^ -16383 (*)
00:52:54.390105 ST(4)=FPR4={0000'00000000'00000000} t0 +0.0000000000000000000000 * 2 ^ -16383 (*)
00:52:54.390107 ST(5)=FPR5={0000'00000000'00000000} t0 +0.0000000000000000000000 * 2 ^ -16383 (*)
00:52:54.390109 ST(6)=FPR6={0000'00000000'00000000} t0 +0.0000000000000000000000 * 2 ^ -16383 (*)
00:52:54.390110 ST(7)=FPR7={0000'00000000'00000000} t0 +0.0000000000000000000000 * 2 ^ -16383 (*)
00:52:54.390112 YMM0 =00000000'00000000'00000000'00000000'00000000'00000000'00000000'00000000
00:52:54.390115 YMM1 =00000000'00000000'00000000'00000000'00000000'00000000'ff000000'00000000
00:52:54.390117 YMM2 =00000000'00000000'00000000'00000000'6e2f646d'65747379'732f6e75'722f0001
00:52:54.390119 YMM3 =00000000'00000000'00000000'00000000'00000000'000000ff'00000000'000000ff
00:52:54.390121 YMM4 =00000000'00000000'00000000'00000000'00000000'00000000'00000000'00000000
00:52:54.390123 YMM5 =00000000'00000000'00000000'00000000'0000631c'fc3aa0d0'0000631c'fc3baf50
00:52:54.390125 YMM6 =00000000'00000000'00000000'00000000'00000000'00000000'00007926'5ba12ac8
00:52:54.390127 YMM7 =00000000'00000000'00000000'00000000'00000000'00000000'00000000'00000000
00:52:54.390129 YMM8 =00000000'00000000'00000000'00000000'00000000'00000000'00000000'00000002
00:52:54.390131 YMM9 =00000000'00000000'00000000'00000000'00000000'00000000'00000000'00000001
00:52:54.390133 YMM10=00000000'00000000'00000000'00000000'00000000'00000000'00000000'00000000
00:52:54.390136 YMM11=00000000'00000000'00000000'00000000'00000000'00000000'00000000'00000000
00:52:54.390138 YMM12=00000000'00000000'00000000'00000000'00000000'00000000'00000000'00000000
00:52:54.390140 YMM13=00000000'00000000'00000000'00000000'00000000'00000000'00000000'00000000
00:52:54.390141 YMM14=00000000'00000000'00000000'00000000'00000000'00000000'00000000'00000000
00:52:54.390144 YMM15=00000000'00000000'00000000'00000000'00000000'00000000'00000000'00000000
00:52:54.390146 EFER         =0000000000000d01
00:52:54.390147 PAT          =0407050600070106
00:52:54.390148 STAR         =0023001000000000
00:52:54.390149 CSTAR        =ffffffff8b201a30
00:52:54.390149 LSTAR        =ffffffff8b200080
00:52:54.390150 SFMASK       =0000000000257fd5
00:52:54.390151 KERNELGSBASE =0000000000000000
00:52:54.390152 MTRR_CAP          =0000000000000510
00:52:54.390152 MTRR_DEF_TYPE     =0000000000000c00
00:52:54.390153 MTRR_FIX64K_00000 =0606060606060606
00:52:54.390153 MTRR_FIX16K_80000 =0606060606060606
00:52:54.390154 MTRR_FIX16K_A0000 =0000000000000000
00:52:54.390154 MTRR_FIX4K_C0000  =0505050505050505
00:52:54.390155 MTRR_FIX4K_C8000  =0505050505050505
00:52:54.390156 MTRR_FIX4K_D0000  =0505050505050505
00:52:54.390156 MTRR_FIX4K_D8000  =0505050505050505
00:52:54.390157 MTRR_FIX4K_E0000  =0505050505050505
00:52:54.390157 MTRR_FIX4K_E8000  =0505050505050505
00:52:54.390158 MTRR_FIX4K_F0000  =0505050505050505
00:52:54.390158 MTRR_FIX4K_F8000  =0505050505050505
00:52:54.390159 MTRR_PHYSBASE[ 0] =0000000000000006 First=0000000000000000      0 MB [WB]
00:52:54.390161 MTRR_PHYSMASK[ 0] =0000ffff80000800 Last =000000007fffffff   2047 MB [2048 MB]
00:52:54.390163 MTRR_PHYSBASE[ 1] =00000000e0000001
00:52:54.390164 MTRR_PHYSMASK[ 1] =0000ffffff000000
00:52:54.390165 MTRR_PHYSBASE[ 2] =0000000000000000
00:52:54.390165 MTRR_PHYSMASK[ 2] =0000000000000000
00:52:54.390166 MTRR_PHYSBASE[ 3] =0000000000000000
00:52:54.390167 MTRR_PHYSMASK[ 3] =0000000000000000
00:52:54.390168 MTRR_PHYSBASE[ 4] =0000000000000000
00:52:54.390168 MTRR_PHYSMASK[ 4] =0000000000000000
00:52:54.390169 MTRR_PHYSBASE[ 5] =0000000000000000
00:52:54.390170 MTRR_PHYSMASK[ 5] =0000000000000000
00:52:54.390170 MTRR_PHYSBASE[ 6] =0000000000000000
00:52:54.390171 MTRR_PHYSMASK[ 6] =0000000000000000
00:52:54.390171 MTRR_PHYSBASE[ 7] =0000000000000000
00:52:54.390172 MTRR_PHYSMASK[ 7] =0000000000000000
00:52:54.390173 MTRR_PHYSBASE[ 8] =0000000000000000
00:52:54.390173 MTRR_PHYSMASK[ 8] =0000000000000000
00:52:54.390174 MTRR_PHYSBASE[ 9] =0000000000000000
00:52:54.390175 MTRR_PHYSMASK[ 9] =0000000000000000
00:52:54.390176 MTRR_PHYSBASE[10] =0000000000000000
00:52:54.390176 MTRR_PHYSMASK[10] =0000000000000000
00:52:54.390177 MTRR_PHYSBASE[11] =0000000000000000
00:52:54.390178 MTRR_PHYSMASK[11] =0000000000000000
00:52:54.390178 MTRR_PHYSBASE[12] =0000000000000000
00:52:54.390179 MTRR_PHYSMASK[12] =0000000000000000
00:52:54.390179 MTRR_PHYSBASE[13] =0000000000000000
00:52:54.390180 MTRR_PHYSMASK[13] =0000000000000000
00:52:54.390181 MTRR_PHYSBASE[14] =0000000000000000
00:52:54.390181 MTRR_PHYSMASK[14] =0000000000000000
00:52:54.390182 MTRR_PHYSBASE[15] =0000000000000000
00:52:54.390183 MTRR_PHYSMASK[15] =0000000000000000
00:52:54.390185 ***
00:52:54.390194 VCPU[0] hardware virtualization state:
00:52:54.390195 fSavedInhibit                = 0x0
00:52:54.390196 In nested-guest hwvirt mode  = false
00:52:54.390198 Hwvirt state disabled.
00:52:54.390199 ***
00:52:54.390205 Guest paging mode (VCPU #0):  AMD64+NX (changed 11030 times), A20 enabled (changed 2 times)
00:52:54.390207 Guest SLAT mode (VCPU #0): Direct
00:52:54.390208 Shadow paging mode (VCPU #0): Nested-AMD64
00:52:54.390210 Host paging mode:             AMD64+G+NX
00:52:54.390211 ***
00:52:54.390213 Active Timers (pVM=00000207c8ba0000)
00:52:54.390214 pTimerR3         offNext  offPrev  offSched Clock               Time             Expire HzHint State                     Description
00:52:54.390219 00000207c9870180 00000007 ffffffff ffffffff Real             9217311            9213082      0 2-ACTIVE                  VGA Refresh
00:52:54.390223 00000207c9870380 ffffffff 00000003 ffffffff Real             9217311            9213351      0 2-ACTIVE                  CPU Load Timer
00:52:54.390227 00000207cbad0280 ffffffff ffffffff ffffffff Virt       3166751876422      3170732704070      0 2-ACTIVE                  Heartbeat flatlined
00:52:54.390230 00000207c9ba0080 00000004 ffffffff ffffffff VrSy       3166732698278      3166733686358   1012 2-ACTIVE                  APIC Timer 0
00:52:54.390233 00000207c9ba0200 00000009 00000001 ffffffff VrSy       3166732698278      3166990000000      0 2-ACTIVE                  MC146818 RTC Second
00:52:54.390237 00000207c9ba0480 ffffffff 00000004 ffffffff VrSy       3166732698278      3599592095646      0 2-ACTIVE                  ACPI PM
00:52:54.390241 ***
00:52:54.390244 Guest GDT (GCAddr=fffffe00403e5000 limit=7f):
00:52:54.390261 0008 - 0000ffff 00cf9b00 - base=00000000 limit=ffffffff dpl=0 CodeER Accessed Present Page 32-bit 
00:52:54.390263 0010 - 0000ffff 00af9b00 - base=00000000 limit=ffffffff dpl=0 CodeER Accessed Present Page 16-bit 
00:52:54.390265 0018 - 0000ffff 00cf9300 - base=00000000 limit=ffffffff dpl=0 DataRW Accessed Present Page 32-bit 
00:52:54.390267 0020 - 0000ffff 00cffb00 - base=00000000 limit=ffffffff dpl=3 CodeER Accessed Present Page 32-bit 
00:52:54.390269 0028 - 0000ffff 00cff300 - base=00000000 limit=ffffffff dpl=3 DataRW Accessed Present Page 32-bit 
00:52:54.390270 0030 - 0000ffff 00affb00 - base=00000000 limit=ffffffff dpl=3 CodeER Accessed Present Page 16-bit 
00:52:54.390273 0040 - 70004087 40008b3e - base=403e7000 limit=00004087 dpl=0 TSS32Busy Present 16-bit 
00:52:54.390277 0078 - 00000000 0040f500 - base=00000000 limit=00000000 dpl=3 DataDownRO Accessed Present 32-bit 
00:52:54.390279 ************** End of Guest state at power off ***************
00:52:54.390358 Display::i_handleDisplayResize: uScreenId=0 pvVRAM=0000000000000000 w=1280 h=800 bpp=0 cbLine=0x0 flags=0x2 origin=0,0
00:52:54.390391 ERROR [COM]: aRC=E_ACCESSDENIED (0x80070005) aIID={6ac83d89-6ee7-4e33-8ae6-b257b2e81be8} aComponent={ConsoleWrap} aText={The virtual machine is being powered down}, preserve=false aResultDetail=0
00:52:54.390742 VMSVGA: cleaned output target[0] 1(0x1): 1280x800 format 1
00:52:54.391742 PDMR3PowerOff: 1 428 712 ns run time
00:52:54.391762 Changing the VM state from 'POWERING_OFF' to 'OFF'
00:52:54.401239 Changing the VM state from 'OFF' to 'DESTROYING'
00:52:54.401296 ************************* Statistics *************************
00:52:54.401311 /CPUM/MSR-Totals/Reads                          9700 times
00:52:54.401318 /CPUM/MSR-Totals/ReadsRaisingGP                    0 times
00:52:54.401325 /CPUM/MSR-Totals/ReadsUnknown                      1 times
00:52:54.401331 /CPUM/MSR-Totals/Writes                      8653794 times
00:52:54.401337 /CPUM/MSR-Totals/WritesRaisingGP                   0 times
00:52:54.401341 /CPUM/MSR-Totals/WritesToIgnoredBits               1 times
00:52:54.401345 /CPUM/MSR-Totals/WritesUnknown                     0 times
00:52:54.401348 /CPUM/cpu0/GuestFpuLoad                      7587031 calls
00:52:54.401353 /Devices/8237A/DmaRun                              0 ticks/call (           0 ticks,       0 calls, max         0, min      -1)
00:52:54.401357 /Devices/IDE0/ATA0/Unit0/AtapiDMA                  5 times
00:52:54.401360 /Devices/IDE0/ATA0/Unit0/AtapiPIO               1606 times
00:52:54.401364 /Devices/IDE0/ATA0/Unit0/DMA                       0 times
00:52:54.401367 /Devices/IDE0/ATA0/Unit0/PIO                       0 times
00:52:54.401371 /Devices/IDE0/ATA0/Unit0/ReadBytes                 0 bytes
00:52:54.401374 /Devices/IDE0/ATA0/Unit0/StatusYields           6171 ticks/call (        6171 ticks,       1 calls, max      6171, min    6171)
00:52:54.401380 /Devices/IDE0/ATA0/Unit0/WrittenBytes              0 bytes
00:52:54.401386 /Devices/IDE0/ATA0/Unit1/AtapiDMA                  0 times
00:52:54.401391 /Devices/IDE0/ATA0/Unit1/AtapiPIO                  0 times
00:52:54.401396 /Devices/IDE0/ATA0/Unit1/DMA                       0 times
00:52:54.401401 /Devices/IDE0/ATA0/Unit1/PIO                       0 times
00:52:54.401406 /Devices/IDE0/ATA0/Unit1/ReadBytes                 0 bytes
00:52:54.401416 /Devices/IDE0/ATA0/Unit1/StatusYields              0 ticks/call (           0 ticks,       0 calls, max         0, min      -1)
00:52:54.401421 /Devices/IDE0/ATA0/Unit1/WrittenBytes              0 bytes
00:52:54.401426 /Devices/IDE0/ATA1/Unit0/AtapiDMA                  0 times
00:52:54.401431 /Devices/IDE0/ATA1/Unit0/AtapiPIO                  0 times
00:52:54.401434 /Devices/IDE0/ATA1/Unit0/DMA                       0 times
00:52:54.401437 /Devices/IDE0/ATA1/Unit0/PIO                       0 times
00:52:54.401440 /Devices/IDE0/ATA1/Unit0/ReadBytes                 0 bytes
00:52:54.401443 /Devices/IDE0/ATA1/Unit0/StatusYields              0 ticks/call (           0 ticks,       0 calls, max         0, min      -1)
00:52:54.401447 /Devices/IDE0/ATA1/Unit0/WrittenBytes              0 bytes
00:52:54.401450 /Devices/IDE0/ATA1/Unit1/AtapiDMA                  0 times
00:52:54.401454 /Devices/IDE0/ATA1/Unit1/AtapiPIO                  0 times
00:52:54.401457 /Devices/IDE0/ATA1/Unit1/DMA                       0 times
00:52:54.401460 /Devices/IDE0/ATA1/Unit1/PIO                       0 times
00:52:54.401467 /Devices/IDE0/ATA1/Unit1/ReadBytes                 0 bytes
00:52:54.401472 /Devices/IDE0/ATA1/Unit1/StatusYields              0 ticks/call (           0 ticks,       0 calls, max         0, min      -1)
00:52:54.401476 /Devices/IDE0/ATA1/Unit1/WrittenBytes              0 bytes
00:52:54.401479 /Devices/VMMDev/BalloonChunks                      0 count
00:52:54.401482 /Devices/VMMDev/FastIrqAckR3                       0 count
00:52:54.401485 /Devices/VMMDev/FastIrqAckRZ                       0 count
00:52:54.401488 /Devices/VMMDev/HGCM-Kernel/BudgetAvailable 570337109 bytes
00:52:54.401492 /Devices/VMMDev/HGCM-Kernel/BudgetConfig   570337109 bytes
00:52:54.401495 /Devices/VMMDev/HGCM-Kernel/BudgetOverruns         0 bytes
00:52:54.401498 /Devices/VMMDev/HGCM-Kernel/MessageHeapUsage         0 bytes/call (           0 bytes,       0 calls, max         0, min      -1)
00:52:54.401501 /Devices/VMMDev/HGCM-Root/BudgetAvailable  570337109 bytes
00:52:54.401504 /Devices/VMMDev/HGCM-Root/BudgetConfig     570337109 bytes
00:52:54.401507 /Devices/VMMDev/HGCM-Root/BudgetOverruns           0 bytes
00:52:54.401510 /Devices/VMMDev/HGCM-Root/MessageHeapUsage         0 bytes/call (           0 bytes,       0 calls, max         0, min      -1)
00:52:54.401513 /Devices/VMMDev/HGCM-User/BudgetAvailable  570337109 bytes
00:52:54.401516 /Devices/VMMDev/HGCM-User/BudgetConfig     570337109 bytes
00:52:54.401519 /Devices/VMMDev/HGCM-User/BudgetOverruns           0 bytes
00:52:54.401523 /Devices/VMMDev/HGCM-User/MessageHeapUsage         0 bytes/call (           0 bytes,       0 calls, max         0, min      -1)
00:52:54.401526 /Devices/VMMDev/LargeReqBufAllocs                  0 count
00:52:54.401529 /Devices/VMMDev/SlowIrqAck                         0 count
00:52:54.401532 /Devices/apic/0                              4334709 times
00:52:54.401538 /Devices/apic/0/Vectors/21                      3248 times
00:52:54.401541 /Devices/apic/0/Vectors/23                        28 times
00:52:54.401544 /Devices/apic/0/Vectors/24                      1851 times
00:52:54.401548 /Devices/apic/0/Vectors/25                       158 times
00:52:54.401551 /Devices/apic/0/Vectors/26                      4221 times
00:52:54.401554 /Devices/apic/0/Vectors/28                      7435 times
00:52:54.401558 /Devices/apic/0/Vectors/30                       150 times
00:52:54.401576 /Devices/apic/0/Vectors/ec                   4317377 times
00:52:54.401581 /Devices/apic/0/Vectors/f6                       241 times
00:52:54.401586 /Devices/e1000#0/ReceiveBytes                 397506 bytes
00:52:54.401591 /Devices/e1000#0/TransmitBytes                 19298 bytes
00:52:54.401596 /Devices/e1000#0/iStatIntLost                      0 ns
00:52:54.401601 /Devices/e1000#0/iStatIntLostOne                   0 ns
00:52:54.401604 /Devices/e1000#0/u64ArmedAt                        0 ns
00:52:54.401607 /Devices/e1000#0/uStatDescCtx                    239 ns
00:52:54.401613 /Devices/e1000#0/uStatDescDat                    247 ns
00:52:54.401618 /Devices/e1000#0/uStatDescLeg                     32 ns
00:52:54.401623 /Devices/e1000#0/uStatInt                       1866 ns
00:52:54.401628 /Devices/e1000#0/uStatIntEarly                     0 ns
00:52:54.401632 /Devices/e1000#0/uStatIntICS                    1546 ns
00:52:54.401635 /Devices/e1000#0/uStatIntIMS                      73 ns
00:52:54.401640 /Devices/e1000#0/uStatIntLate                     22 ns
00:52:54.401645 /Devices/e1000#0/uStatIntLower                    15 ns
00:52:54.401650 /Devices/e1000#0/uStatIntMasked                  151 ns
00:52:54.401656 /Devices/e1000#0/uStatIntRDTR                      0 ns
00:52:54.401661 /Devices/e1000#0/uStatIntRXDMT0                    0 ns
00:52:54.401665 /Devices/e1000#0/uStatIntRx                      303 ns
00:52:54.401670 /Devices/e1000#0/uStatIntSkip                    359 ns
00:52:54.401675 /Devices/e1000#0/uStatIntTXQE                      0 ns
00:52:54.401680 /Devices/e1000#0/uStatIntTry                    2376 ns
00:52:54.401687 /Devices/e1000#0/uStatIntTx                      271 ns
00:52:54.401691 /Devices/e1000#0/uStatMaxTxDelay                   0 ns
00:52:54.401694 /Devices/e1000#0/uStatNoIntICR                     0 ns
00:52:54.401697 /Devices/e1000#0/uStatRAD                          0 ns
00:52:54.401700 /Devices/e1000#0/uStatRID                          0 ns
00:52:54.401703 /Devices/e1000#0/uStatRxFrm                      303 ns
00:52:54.401706 /Devices/e1000#0/uStatTAD                          0 ns
00:52:54.401710 /Devices/e1000#0/uStatTID                          0 ns
00:52:54.401715 /Devices/e1000#0/uStatTx1514                     271 ns
00:52:54.401720 /Devices/e1000#0/uStatTx16384                      0 ns
00:52:54.401725 /Devices/e1000#0/uStatTx2962                       0 ns
00:52:54.401728 /Devices/e1000#0/uStatTx32768                      0 ns
00:52:54.401733 /Devices/e1000#0/uStatTx4410                       0 ns
00:52:54.401739 /Devices/e1000#0/uStatTx5858                       0 ns
00:52:54.401744 /Devices/e1000#0/uStatTx7306                       0 ns
00:52:54.401750 /Devices/e1000#0/uStatTx8754                       0 ns
00:52:54.401755 /Devices/e1000#0/uStatTxDelayExp                   0 ns
00:52:54.401760 /Devices/e1000#0/uStatTxDelayed                    0 ns
00:52:54.401764 /Devices/e1000#0/uStatTxFrm                      271 ns
00:52:54.401769 /Devices/e1000#0/uStatTxIDE                        0 ns
00:52:54.401776 /Devices/e1000#0/uStatTxLarge                      0 ns
00:52:54.401781 /Devices/e1000#0/uStatTxNoRS                     247 ns
00:52:54.401789 /Devices/ichac97/Stream0/ReSetUp-Change           90 ns/call (         810 ns,       9 calls, max       140, min      80)
00:52:54.401795 /Devices/ichac97/Stream0/Reset                  8267 ns/call (        8267 ns,       1 calls, max      8267, min    8267)
00:52:54.401801 /Devices/ichac97/Stream0/WriteBdBar                1 times
00:52:54.401805 /Devices/ichac97/Stream0/WriteCr                   2 times
00:52:54.401809 /Devices/ichac97/Stream0/reg-CR                    0 
00:52:54.401812 /Devices/ichac97/Stream0/reg-SR                    1 
00:52:54.401818 /Devices/ichac97/Stream1/ReSetUp-Change          532 ns/call (        4793 ns,       9 calls, max      4053, min      80)
00:52:54.401824 /Devices/ichac97/Stream1/Reset                   200 ns/call (         200 ns,       1 calls, max       200, min     200)
00:52:54.401829 /Devices/ichac97/Stream1/WriteBdBar                1 times
00:52:54.401834 /Devices/ichac97/Stream1/WriteCr                   2 times
00:52:54.401840 /Devices/ichac97/Stream1/reg-CR                    0 
00:52:54.401845 /Devices/ichac97/Stream1/reg-SR                    1 
00:52:54.401851 /Devices/ichac97/Stream2/ReSetUp-Change           98 ns/call (         882 ns,       9 calls, max       141, min      90)
00:52:54.401856 /Devices/ichac97/Stream2/Reset                    40 ns/call (          40 ns,       1 calls, max        40, min      40)
00:52:54.401860 /Devices/ichac97/Stream2/WriteBdBar                1 times
00:52:54.401863 /Devices/ichac97/Stream2/WriteCr                   2 times
00:52:54.401866 /Devices/ichac97/Stream2/reg-CR                    0 
00:52:54.401869 /Devices/ichac97/Stream2/reg-SR                    1 
00:52:54.401872 /Devices/ichac97/UnimplementedNabmReads            0 times
00:52:54.401875 /Devices/ichac97/UnimplementedNabmWrites           0 times
00:52:54.401878 /Devices/ichac97/UnimplementedNamReads             0 times
00:52:54.401882 /Devices/ichac97/UnimplementedNamWrites           57 times
00:52:54.401933 /Devices/mc146818/Irq                              0 times
00:52:54.401941 /Devices/mc146818/IrqClear                         0 times
00:52:54.401946 /Devices/mc146818/PiActive                         0 ticks/call (           0 ticks,       0 calls, max         0, min      -1)
00:52:54.401952 /Devices/mc146818/PieFlip                          0 times
00:52:54.401955 /Devices/mc146818/TimerCB                          0 times
00:52:54.401958 /Devices/vga/HgmsiMdaCgaAccesses                   0 times
00:52:54.401965 /Devices/vga/VMSVGA/Cmd/3dActivateSurface          0 times
00:52:54.401972 /Devices/vga/VMSVGA/Cmd/3dBeginQuery               0 times
00:52:54.401977 /Devices/vga/VMSVGA/Cmd/3dBlitSurfaceToScreenProf         0 ticks/call (           0 ticks,       0 calls, max         0, min      -1)
00:52:54.401982 /Devices/vga/VMSVGA/Cmd/3dClear                    0 times
00:52:54.401987 /Devices/vga/VMSVGA/Cmd/3dContextDefine            0 times
00:52:54.401992 /Devices/vga/VMSVGA/Cmd/3dContextDestroy           0 times
00:52:54.401998 /Devices/vga/VMSVGA/Cmd/3dDeactivateSurface         0 times
00:52:54.402003 /Devices/vga/VMSVGA/Cmd/3dDrawPrimitives           0 times
00:52:54.402006 /Devices/vga/VMSVGA/Cmd/3dEndQuery                 0 times
00:52:54.402009 /Devices/vga/VMSVGA/Cmd/3dGenerateMipmaps          0 times
00:52:54.402012 /Devices/vga/VMSVGA/Cmd/3dPresent                  0 times
00:52:54.402015 /Devices/vga/VMSVGA/Cmd/3dPresentReadBack          0 times
00:52:54.402018 /Devices/vga/VMSVGA/Cmd/3dSetClipPlane             0 times
00:52:54.402021 /Devices/vga/VMSVGA/Cmd/3dSetLightData             0 times
00:52:54.402024 /Devices/vga/VMSVGA/Cmd/3dSetLightEnable           0 times
00:52:54.402027 /Devices/vga/VMSVGA/Cmd/3dSetMaterial              0 times
00:52:54.402031 /Devices/vga/VMSVGA/Cmd/3dSetRenderState           0 times
00:52:54.402036 /Devices/vga/VMSVGA/Cmd/3dSetRenderTarget          0 times
00:52:54.402041 /Devices/vga/VMSVGA/Cmd/3dSetScissorRect           0 times
00:52:54.402044 /Devices/vga/VMSVGA/Cmd/3dSetShader                0 times
00:52:54.402048 /Devices/vga/VMSVGA/Cmd/3dSetShaderConst           0 times
00:52:54.402053 /Devices/vga/VMSVGA/Cmd/3dSetTextureState          0 times
00:52:54.402058 /Devices/vga/VMSVGA/Cmd/3dSetTransform             0 times
00:52:54.402063 /Devices/vga/VMSVGA/Cmd/3dSetViewPort              0 times
00:52:54.402068 /Devices/vga/VMSVGA/Cmd/3dSetZRange                0 times
00:52:54.402072 /Devices/vga/VMSVGA/Cmd/3dShaderDefine             0 times
00:52:54.402077 /Devices/vga/VMSVGA/Cmd/3dShaderDestroy            0 times
00:52:54.402081 /Devices/vga/VMSVGA/Cmd/3dSurfaceCopy              0 times
00:52:54.402085 /Devices/vga/VMSVGA/Cmd/3dSurfaceDefine            0 times
00:52:54.402089 /Devices/vga/VMSVGA/Cmd/3dSurfaceDefineV2          0 times
00:52:54.402093 /Devices/vga/VMSVGA/Cmd/3dSurfaceDestroy           0 times
00:52:54.402098 /Devices/vga/VMSVGA/Cmd/3dSurfaceDma               0 times
00:52:54.402104 /Devices/vga/VMSVGA/Cmd/3dSurfaceScreen            0 times
00:52:54.402109 /Devices/vga/VMSVGA/Cmd/3dSurfaceStretchBlt         0 times
00:52:54.402113 /Devices/vga/VMSVGA/Cmd/3dWaitForQuery             0 times
00:52:54.402117 /Devices/vga/VMSVGA/Cmd/AnnotationCopy             0 times
00:52:54.402122 /Devices/vga/VMSVGA/Cmd/AnnotationFill             0 times
00:52:54.402127 /Devices/vga/VMSVGA/Cmd/BlitGmrFbToScreen          0 times
00:52:54.402131 /Devices/vga/VMSVGA/Cmd/BlitScreentoGmrFb          0 times
00:52:54.402136 /Devices/vga/VMSVGA/Cmd/DefineAlphaCursor          0 times
00:52:54.402141 /Devices/vga/VMSVGA/Cmd/DefineCursor               0 times
00:52:54.402146 /Devices/vga/VMSVGA/Cmd/DefineGmr2                 0 times
00:52:54.402150 /Devices/vga/VMSVGA/Cmd/DefineGmr2/Free            0 times
00:52:54.402154 /Devices/vga/VMSVGA/Cmd/DefineGmr2/Modify          0 times
00:52:54.402159 /Devices/vga/VMSVGA/Cmd/DefineGmrFb                0 times
00:52:54.402164 /Devices/vga/VMSVGA/Cmd/DefineScreen               0 times
00:52:54.402169 /Devices/vga/VMSVGA/Cmd/DestroyScreen              0 times
00:52:54.402174 /Devices/vga/VMSVGA/Cmd/DisplayCursor              0 times
00:52:54.402178 /Devices/vga/VMSVGA/Cmd/Escape                     0 times
00:52:54.402182 /Devices/vga/VMSVGA/Cmd/Fence                  17274 times
00:52:54.402187 /Devices/vga/VMSVGA/Cmd/InvalidCmd                 0 times
00:52:54.402192 /Devices/vga/VMSVGA/Cmd/MoveCursor                 0 times
00:52:54.402196 /Devices/vga/VMSVGA/Cmd/RectCopy                   0 times
00:52:54.402271 /Devices/vga/VMSVGA/Cmd/RectFill                   0 times
00:52:54.402280 /Devices/vga/VMSVGA/Cmd/RectRopCopy                0 times
00:52:54.402285 /Devices/vga/VMSVGA/Cmd/RemapGmr2                  0 times
00:52:54.402290 /Devices/vga/VMSVGA/Cmd/RemapGmr2/Modify           0 times
00:52:54.402295 /Devices/vga/VMSVGA/Cmd/Update                     0 times
00:52:54.402299 /Devices/vga/VMSVGA/Cmd/UpdateVerbose              0 times
00:52:54.402302 /Devices/vga/VMSVGA/EmtDelayOnBusyFifo             0 ticks/call (           0 ticks,       0 calls, max         0, min      -1)
00:52:54.402305 /Devices/vga/VMSVGA/FifoCommands                   0 times
00:52:54.402308 /Devices/vga/VMSVGA/FifoCursorFetchAgain           0 times
00:52:54.402312 /Devices/vga/VMSVGA/FifoCursorNoChange             0 times
00:52:54.402317 /Devices/vga/VMSVGA/FifoCursorPosition             0 times
00:52:54.402322 /Devices/vga/VMSVGA/FifoCursorVisiblity            0 times
00:52:54.402326 /Devices/vga/VMSVGA/FifoErrors                     0 times
00:52:54.402330 /Devices/vga/VMSVGA/FifoExtendedSleep      1405382133 ticks/call ( 28107642675 ticks,      20 calls, max 28010591802, min   19767)
00:52:54.402336 /Devices/vga/VMSVGA/FifoStalls                     0 ticks/call (           0 ticks,       0 calls, max         0, min      -1)
00:52:54.402341 /Devices/vga/VMSVGA/FifoTodoTimeout                2 times
00:52:54.402345 /Devices/vga/VMSVGA/FifoTodoWoken              17270 times
00:52:54.402350 /Devices/vga/VMSVGA/FifoUnknownCommands            0 times
00:52:54.402354 /Devices/vga/VMSVGA/FifoWatchdogWakeUps       157757 times
00:52:54.402358 /Devices/vga/VMSVGA/Gbo/CONTEXT/cPages             1 pages
00:52:54.402362 /Devices/vga/VMSVGA/Gbo/CONTEXT/cSegs              1 count
00:52:54.402367 /Devices/vga/VMSVGA/Gbo/CONTEXT/cb              4096 bytes
00:52:54.402373 /Devices/vga/VMSVGA/Gbo/MOB/cPages               208 pages
00:52:54.402379 /Devices/vga/VMSVGA/Gbo/MOB/cSegs                  1 count
00:52:54.402384 /Devices/vga/VMSVGA/Gbo/MOB/cb                851968 bytes
00:52:54.402392 /Devices/vga/VMSVGA/Gbo/SCREENTARGET/cPages         1 pages
00:52:54.402398 /Devices/vga/VMSVGA/Gbo/SCREENTARGET/cSegs         1 count
00:52:54.402403 /Devices/vga/VMSVGA/Gbo/SCREENTARGET/cb         4096 bytes
00:52:54.402408 /Devices/vga/VMSVGA/Gbo/SHADER/cPages             79 pages
00:52:54.402412 /Devices/vga/VMSVGA/Gbo/SHADER/cSegs               2 count
00:52:54.402417 /Devices/vga/VMSVGA/Gbo/SHADER/cb             323584 bytes
00:52:54.402422 /Devices/vga/VMSVGA/Gbo/SURFACE/cPages           512 pages
00:52:54.402427 /Devices/vga/VMSVGA/Gbo/SURFACE/cSegs              2 count
00:52:54.402432 /Devices/vga/VMSVGA/Gbo/SURFACE/cb           2097152 bytes
00:52:54.402437 /Devices/vga/VMSVGA/Reg/BitsPerPixelRead           0 times
00:52:54.402441 /Devices/vga/VMSVGA/Reg/BitsPerPixelWrite          0 times
00:52:54.402446 /Devices/vga/VMSVGA/Reg/BlueMaskRead               0 times
00:52:54.402451 /Devices/vga/VMSVGA/Reg/BusyRead                   0 times
00:52:54.402456 /Devices/vga/VMSVGA/Reg/BusyWrite                  0 times
00:52:54.402461 /Devices/vga/VMSVGA/Reg/BytesPerLineRead           0 times
00:52:54.402466 /Devices/vga/VMSVGA/Reg/CapabilitesRead            1 times
00:52:54.402471 /Devices/vga/VMSVGA/Reg/CmdPrependHighRead         0 times
00:52:54.402475 /Devices/vga/VMSVGA/Reg/CmdPrependHighWrite         0 times
00:52:54.402480 /Devices/vga/VMSVGA/Reg/CmdPrependLowRead          0 times
00:52:54.402486 /Devices/vga/VMSVGA/Reg/CmdPrependLowWrite         0 times
00:52:54.402491 /Devices/vga/VMSVGA/Reg/CommandHighRead            0 times
00:52:54.402496 /Devices/vga/VMSVGA/Reg/CommandHighWrite       17275 times
00:52:54.402501 /Devices/vga/VMSVGA/Reg/CommandLowRead             0 times
00:52:54.402505 /Devices/vga/VMSVGA/Reg/CommandLowWrite        17275 times
00:52:54.402509 /Devices/vga/VMSVGA/Reg/ConfigDoneRead             1 times
00:52:54.402514 /Devices/vga/VMSVGA/Reg/ConfigDoneWrite            1 times
00:52:54.402520 /Devices/vga/VMSVGA/Reg/CursorIdRead               0 times
00:52:54.402526 /Devices/vga/VMSVGA/Reg/CursorIdWrite              0 times
00:52:54.402531 /Devices/vga/VMSVGA/Reg/CursorMobIdWrite           0 times
00:52:54.402535 /Devices/vga/VMSVGA/Reg/CursorOnRead               0 times
00:52:54.402538 /Devices/vga/VMSVGA/Reg/CursorOnWrite              0 times
00:52:54.402542 /Devices/vga/VMSVGA/Reg/CursorXRead                0 times
00:52:54.402548 /Devices/vga/VMSVGA/Reg/CursorXWrite               0 times
00:52:54.402553 /Devices/vga/VMSVGA/Reg/CursorYRead                0 times
00:52:54.402556 /Devices/vga/VMSVGA/Reg/CursorYWrite               0 times
00:52:54.402559 /Devices/vga/VMSVGA/Reg/DepthRead                  0 times
00:52:54.402563 /Devices/vga/VMSVGA/Reg/DepthWrite                 0 times
00:52:54.402568 /Devices/vga/VMSVGA/Reg/DevCapRead               264 times
00:52:54.402573 /Devices/vga/VMSVGA/Reg/DevCapWrite              264 times
00:52:54.402576 /Devices/vga/VMSVGA/Reg/DisplayHeightRead          0 times
00:52:54.402581 /Devices/vga/VMSVGA/Reg/DisplayHeightWrite         0 times
00:52:54.402586 /Devices/vga/VMSVGA/Reg/DisplayIdRead              0 times
00:52:54.402591 /Devices/vga/VMSVGA/Reg/DisplayIdWrite             0 times
00:52:54.402596 /Devices/vga/VMSVGA/Reg/DisplayIsPrimaryRead         0 times
00:52:54.402601 /Devices/vga/VMSVGA/Reg/DisplayIsPrimaryWrite         0 times
00:52:54.402606 /Devices/vga/VMSVGA/Reg/DisplayPositionXRead         0 times
00:52:54.402609 /Devices/vga/VMSVGA/Reg/DisplayPositionXWrite         0 times
00:52:54.402613 /Devices/vga/VMSVGA/Reg/DisplayPositionYRead         0 times
00:52:54.402618 /Devices/vga/VMSVGA/Reg/DisplayPositionYWrite         0 times
00:52:54.402623 /Devices/vga/VMSVGA/Reg/DisplayWidthRead           0 times
00:52:54.402627 /Devices/vga/VMSVGA/Reg/DisplayWidthWrite          0 times
00:52:54.402631 /Devices/vga/VMSVGA/Reg/EnableRead                 1 times
00:52:54.402636 /Devices/vga/VMSVGA/Reg/EnableWrite                4 times
00:52:54.402639 /Devices/vga/VMSVGA/Reg/FbOffsetRead               0 times
00:52:54.402644 /Devices/vga/VMSVGA/Reg/FbSizeRead                 0 times
00:52:54.402650 /Devices/vga/VMSVGA/Reg/FbStartRead                0 times
00:52:54.402655 /Devices/vga/VMSVGA/Reg/GBMemSizeRead              1 times
00:52:54.402659 /Devices/vga/VMSVGA/Reg/GmrDescriptorWrite         0 times
00:52:54.402663 /Devices/vga/VMSVGA/Reg/GmrDescriptorWrite/Errors         0 times
00:52:54.402668 /Devices/vga/VMSVGA/Reg/GmrDescriptorWrite/Free         0 times
00:52:54.402672 /Devices/vga/VMSVGA/Reg/GmrIdRead                  0 times
00:52:54.402675 /Devices/vga/VMSVGA/Reg/GmrIdWrite                 0 times
00:52:54.402678 /Devices/vga/VMSVGA/Reg/GmrMaxDescriptorLengthRead         0 times
00:52:54.402683 /Devices/vga/VMSVGA/Reg/GmrMaxIdsRead              1 times
00:52:54.402688 /Devices/vga/VMSVGA/Reg/GmrsMaxPagesRead           1 times
00:52:54.402692 /Devices/vga/VMSVGA/Reg/GreenMaskRead              0 times
00:52:54.402695 /Devices/vga/VMSVGA/Reg/GuestIdRead                0 times
00:52:54.402698 /Devices/vga/VMSVGA/Reg/GuestIdWrite               0 times
00:52:54.402703 /Devices/vga/VMSVGA/Reg/HeightRead                 2 times
00:52:54.402708 /Devices/vga/VMSVGA/Reg/HeightWrite                0 times
00:52:54.402713 /Devices/vga/VMSVGA/Reg/HostBitsPerPixelRead         0 times
00:52:54.402718 /Devices/vga/VMSVGA/Reg/IdRead                     1 times
00:52:54.402723 /Devices/vga/VMSVGA/Reg/IdWrite                    1 times
00:52:54.402728 /Devices/vga/VMSVGA/Reg/IrqMaskRead                0 times
00:52:54.402733 /Devices/vga/VMSVGA/Reg/IrqMaskWrite               1 times
00:52:54.402738 /Devices/vga/VMSVGA/Reg/MaxHeightRead              1 times
00:52:54.402743 /Devices/vga/VMSVGA/Reg/MaxPrimBBMemRead           1 times
00:52:54.402747 /Devices/vga/VMSVGA/Reg/MaxWidthRead               1 times
00:52:54.402751 /Devices/vga/VMSVGA/Reg/MemRegsRead                1 times
00:52:54.402757 /Devices/vga/VMSVGA/Reg/MemSizeRead                1 times
00:52:54.402764 /Devices/vga/VMSVGA/Reg/MemStartRead               0 times
00:52:54.402769 /Devices/vga/VMSVGA/Reg/MemorySizeRead             1 times
00:52:54.402774 /Devices/vga/VMSVGA/Reg/MobMaxSizeRead             1 times
00:52:54.402779 /Devices/vga/VMSVGA/Reg/NumDisplaysRead            8 times
00:52:54.402785 /Devices/vga/VMSVGA/Reg/NumDisplaysWrite           0 times
00:52:54.402788 /Devices/vga/VMSVGA/Reg/NumGuestDisplaysRead         0 times
00:52:54.402791 /Devices/vga/VMSVGA/Reg/NumGuestDisplaysWrite         0 times
00:52:54.402794 /Devices/vga/VMSVGA/Reg/PaletteRead                0 times
00:52:54.402799 /Devices/vga/VMSVGA/Reg/PaletteWrite               0 times
00:52:54.402803 /Devices/vga/VMSVGA/Reg/PitchLockRead              0 times
00:52:54.402809 /Devices/vga/VMSVGA/Reg/PitchLockWrite             0 times
00:52:54.402813 /Devices/vga/VMSVGA/Reg/PseudoColorWrite           0 times
00:52:54.402817 /Devices/vga/VMSVGA/Reg/PsuedoColorRead            0 times
00:52:54.402822 /Devices/vga/VMSVGA/Reg/ReadOnlyWrite              0 times
00:52:54.402827 /Devices/vga/VMSVGA/Reg/RedMaskRead                0 times
00:52:54.402831 /Devices/vga/VMSVGA/Reg/ScratchRead                0 times
00:52:54.402835 /Devices/vga/VMSVGA/Reg/ScratchSizeRead            0 times
00:52:54.402840 /Devices/vga/VMSVGA/Reg/ScratchWrite               0 times
00:52:54.402844 /Devices/vga/VMSVGA/Reg/ScrnTgtMaxHeightRead         1 times
00:52:54.402847 /Devices/vga/VMSVGA/Reg/ScrnTgtMaxWidthRead         1 times
00:52:54.402852 /Devices/vga/VMSVGA/Reg/SyncRead                   0 times
00:52:54.402857 /Devices/vga/VMSVGA/Reg/SyncWrite                  0 times
00:52:54.402861 /Devices/vga/VMSVGA/Reg/TopRead                    0 times
00:52:54.402864 /Devices/vga/VMSVGA/Reg/TopWrite                   0 times
00:52:54.402867 /Devices/vga/VMSVGA/Reg/TracesRead                 1 times
00:52:54.402870 /Devices/vga/VMSVGA/Reg/TracesWrite                1 times
00:52:54.402874 /Devices/vga/VMSVGA/Reg/UnknownRead                0 times
00:52:54.402879 /Devices/vga/VMSVGA/Reg/UnknownWrite               0 times
00:52:54.402884 /Devices/vga/VMSVGA/Reg/VramSizeRead               1 times
00:52:54.402889 /Devices/vga/VMSVGA/Reg/WidthRead                  2 times
00:52:54.402892 /Devices/vga/VMSVGA/Reg/WidthWrite                 0 times
00:52:54.402897 /Devices/vga/VMSVGA/Reg/WriteOnlyRead              0 times
00:52:54.402902 /Drivers/AUDIO-0/TotalStreamsCreated               0 count
00:52:54.402907 /Drivers/AUDIO-1/TotalStreamsCreated               0 count
00:52:54.402912 /Drivers/AUDIO-2/TotalStreamsCreated               0 count
00:52:54.402921 /EM/CPU0/ExitHashing/Used                          0 times
00:52:54.402926 /EM/CPU0/ExitOpt/Exec                              0 ticks/call (           0 ticks,       0 calls, max         0, min      -1)
00:52:54.402930 /EM/CPU0/ExitOpt/ExecInstructions                  0 times
00:52:54.402935 /EM/CPU0/ExitOpt/ExecRetReasonForcedFlag           0 times
00:52:54.402940 /EM/CPU0/ExitOpt/ExecRetReasonHostInterrupt         0 times
00:52:54.402945 /EM/CPU0/ExitOpt/ExecRetReasonLongJump             0 times
00:52:54.402951 /EM/CPU0/ExitOpt/ExecRetReasonMaxDistance          0 times
00:52:54.402956 /EM/CPU0/ExitOpt/ExecRetReasonMaxInstructions         0 times
00:52:54.402959 /EM/CPU0/ExitOpt/ExecRetReasonNormal               0 times
00:52:54.402964 /EM/CPU0/ExitOpt/ExecRetReasonTimer                0 times
00:52:54.402969 /EM/CPU0/ExitOpt/ExecSavedExit                     0 times
00:52:54.402974 /EM/CPU0/ExitOpt/Probe                             0 ticks/call (           0 ticks,       0 calls, max         0, min      -1)
00:52:54.402978 /EM/CPU0/ExitOpt/ProbeInstructions                 0 times
00:52:54.402983 /EM/CPU0/ExitOpt/ProbedExecWithMax                 0 times
00:52:54.402987 /EM/CPU0/ExitOpt/ProbedNormal                      0 times
00:52:54.402992 /EM/CPU0/ExitOpt/ProbedToRing3                     0 times
00:52:54.402999 /GMM/ChunkTlbHits                              33488 times
00:52:54.403005 /GMM/ChunkTlbMisses                              886 times
00:52:54.403016 /GMM/VM/Allocated/cBasePages                  268831 pages
00:52:54.403022 /GMM/VM/Allocated/cFixedPages                      0 pages
00:52:54.403028 /GMM/VM/Allocated/cShadowPages                     0 pages
00:52:54.403034 /GMM/VM/Reserved/cBasePages                   524391 pages
00:52:54.403039 /GMM/VM/Reserved/cFixedPages                    5636 pages
00:52:54.403045 /GMM/VM/Reserved/cShadowPages                      1 pages
00:52:54.403050 /GMM/VM/cBalloonedPages                            0 pages
00:52:54.403055 /GMM/VM/cMaxBalloonedPages                         0 pages
00:52:54.403060 /GMM/VM/cPrivatePages                         268831 pages
00:52:54.403065 /GMM/VM/cReqActuallyBalloonedPages                 0 pages
00:52:54.403069 /GMM/VM/cReqBalloonedPages                         0 pages
00:52:54.403074 /GMM/VM/cReqDeflatePages                           0 pages
00:52:54.403079 /GMM/VM/cShareableModules                          0 count
00:52:54.403083 /GMM/VM/cSharedPages                               0 pages
00:52:54.403088 /GMM/VM/enmPolicy                                  1 
00:52:54.403094 /GMM/VM/enmPriority                                2 
00:52:54.403099 /GMM/VM/fBallooningEnabled                 false    
00:52:54.403105 /GMM/VM/fMayAllocate                       true     
00:52:54.403110 /GMM/VM/fSharedPagingEnabled               false    
00:52:54.403115 /GMM/cAllocatedPages                          268831 pages
00:52:54.403120 /GMM/cBalloonedPages                               0 pages
00:52:54.403124 /GMM/cChunks                                     526 count
00:52:54.403128 /GMM/cDuplicatePages                               0 pages
00:52:54.403134 /GMM/cFreedChunks                                  0 count
00:52:54.403139 /GMM/cLeftBehindSharedPages                        0 pages
00:52:54.403143 /GMM/cMaxPages                             4294967295 pages
00:52:54.403148 /GMM/cOverCommittedPages                           0 pages
00:52:54.403153 /GMM/cReservedPages                           530028 pages
00:52:54.403158 /GMM/cShareableModules                             0 count
00:52:54.403162 /GMM/cSharedPages                                  0 pages
00:52:54.403168 /GMM/idFreeGeneration                      4611686018427387775 
00:52:54.403333 /GVMM/EMTs                                         1 count
00:52:54.403343 /GVMM/HostCPUs                                    12 count
00:52:54.403348 /GVMM/HostCpus/0                                   0 
00:52:54.403353 /GVMM/HostCpus/0/CurTimerHz                        0 Hz
00:52:54.403358 /GVMM/HostCpus/0/DesiredHz                         0 Hz
00:52:54.403364 /GVMM/HostCpus/0/PPTChanges                        0 times
00:52:54.403369 /GVMM/HostCpus/0/PPTStarts                         1 times
00:52:54.403394 /GVMM/HostCpus/0/idxCpuSet                         0 
00:52:54.403399 /GVMM/HostCpus/1                                   1 
00:52:54.403403 /GVMM/HostCpus/1/CurTimerHz                        0 Hz
00:52:54.403407 /GVMM/HostCpus/1/DesiredHz                         0 Hz
00:52:54.403412 /GVMM/HostCpus/1/PPTChanges                        0 times
00:52:54.403417 /GVMM/HostCpus/1/PPTStarts                         4 times
00:52:54.403420 /GVMM/HostCpus/1/idxCpuSet                         1 
00:52:54.403424 /GVMM/HostCpus/10                                 10 
00:52:54.403429 /GVMM/HostCpus/10/CurTimerHz                       0 Hz
00:52:54.403434 /GVMM/HostCpus/10/DesiredHz                        0 Hz
00:52:54.403437 /GVMM/HostCpus/10/PPTChanges                       0 times
00:52:54.403441 /GVMM/HostCpus/10/PPTStarts                      313 times
00:52:54.403444 /GVMM/HostCpus/10/idxCpuSet                       10 
00:52:54.403449 /GVMM/HostCpus/11                                 11 
00:52:54.403455 /GVMM/HostCpus/11/CurTimerHz                       0 Hz
00:52:54.403461 /GVMM/HostCpus/11/DesiredHz                        0 Hz
00:52:54.403466 /GVMM/HostCpus/11/PPTChanges                       0 times
00:52:54.403469 /GVMM/HostCpus/11/PPTStarts                      297 times
00:52:54.403472 /GVMM/HostCpus/11/idxCpuSet                       11 
00:52:54.403475 /GVMM/HostCpus/2                                   2 
00:52:54.403478 /GVMM/HostCpus/2/CurTimerHz                        0 Hz
00:52:54.403481 /GVMM/HostCpus/2/DesiredHz                         0 Hz
00:52:54.403484 /GVMM/HostCpus/2/PPTChanges                        0 times
00:52:54.403488 /GVMM/HostCpus/2/PPTStarts                       201 times
00:52:54.403493 /GVMM/HostCpus/2/idxCpuSet                         2 
00:52:54.403498 /GVMM/HostCpus/3                                   3 
00:52:54.403502 /GVMM/HostCpus/3/CurTimerHz                        0 Hz
00:52:54.403507 /GVMM/HostCpus/3/DesiredHz                         0 Hz
00:52:54.403512 /GVMM/HostCpus/3/PPTChanges                        0 times
00:52:54.403517 /GVMM/HostCpus/3/PPTStarts                       174 times
00:52:54.403522 /GVMM/HostCpus/3/idxCpuSet                         3 
00:52:54.403527 /GVMM/HostCpus/4                                   4 
00:52:54.403532 /GVMM/HostCpus/4/CurTimerHz                        0 Hz
00:52:54.403537 /GVMM/HostCpus/4/DesiredHz                         0 Hz
00:52:54.403542 /GVMM/HostCpus/4/PPTChanges                        0 times
00:52:54.403546 /GVMM/HostCpus/4/PPTStarts                       175 times
00:52:54.403551 /GVMM/HostCpus/4/idxCpuSet                         4 
00:52:54.403557 /GVMM/HostCpus/5                                   5 
00:52:54.403562 /GVMM/HostCpus/5/CurTimerHz                        0 Hz
00:52:54.403567 /GVMM/HostCpus/5/DesiredHz                         0 Hz
00:52:54.403572 /GVMM/HostCpus/5/PPTChanges                        0 times
00:52:54.403577 /GVMM/HostCpus/5/PPTStarts                       182 times
00:52:54.403582 /GVMM/HostCpus/5/idxCpuSet                         5 
00:52:54.403588 /GVMM/HostCpus/6                                   6 
00:52:54.403592 /GVMM/HostCpus/6/CurTimerHz                        0 Hz
00:52:54.403597 /GVMM/HostCpus/6/DesiredHz                         0 Hz
00:52:54.403602 /GVMM/HostCpus/6/PPTChanges                        0 times
00:52:54.403606 /GVMM/HostCpus/6/PPTStarts                        69 times
00:52:54.403611 /GVMM/HostCpus/6/idxCpuSet                         6 
00:52:54.403616 /GVMM/HostCpus/7                                   7 
00:52:54.403619 /GVMM/HostCpus/7/CurTimerHz                        0 Hz
00:52:54.403622 /GVMM/HostCpus/7/DesiredHz                         0 Hz
00:52:54.403626 /GVMM/HostCpus/7/PPTChanges                        0 times
00:52:54.403630 /GVMM/HostCpus/7/PPTStarts                        68 times
00:52:54.403635 /GVMM/HostCpus/7/idxCpuSet                         7 
00:52:54.403639 /GVMM/HostCpus/8                                   8 
00:52:54.403644 /GVMM/HostCpus/8/CurTimerHz                        0 Hz
00:52:54.403649 /GVMM/HostCpus/8/DesiredHz                         0 Hz
00:52:54.403654 /GVMM/HostCpus/8/PPTChanges                        0 times
00:52:54.403658 /GVMM/HostCpus/8/PPTStarts                         2 times
00:52:54.403663 /GVMM/HostCpus/8/idxCpuSet                         8 
00:52:54.403668 /GVMM/HostCpus/9                                   9 
00:52:54.403672 /GVMM/HostCpus/9/CurTimerHz                        0 Hz
00:52:54.403677 /GVMM/HostCpus/9/DesiredHz                         0 Hz
00:52:54.403682 /GVMM/HostCpus/9/PPTChanges                        0 times
00:52:54.403687 /GVMM/HostCpus/9/PPTStarts                         3 times
00:52:54.403693 /GVMM/HostCpus/9/idxCpuSet                         9 
00:52:54.403698 /GVMM/Sum/HaltBlocking                       3006090 calls
00:52:54.403703 /GVMM/Sum/HaltCalls                        126177401 calls
00:52:54.403707 /GVMM/Sum/HaltNotBlocking                  123171311 calls
00:52:54.403712 /GVMM/Sum/HaltTimeouts                       2999546 calls
00:52:54.403719 /GVMM/Sum/HaltWakeUps                              0 calls
00:52:54.403726 /GVMM/Sum/PokeCalls                             4783 calls
00:52:54.403732 /GVMM/Sum/PokeNotBusy                            498 calls
00:52:54.403737 /GVMM/Sum/PollCalls                           391801 calls
00:52:54.403742 /GVMM/Sum/PollHalts                                0 calls
00:52:54.403747 /GVMM/Sum/PollWakeUps                              0 calls
00:52:54.403752 /GVMM/Sum/WakeUpCalls                           7970 calls
00:52:54.403758 /GVMM/Sum/WakeUpNotHalted                       1861 calls
00:52:54.403763 /GVMM/Sum/WakeUpWakeUps                            0 calls
00:52:54.403767 /GVMM/VCpus/0/Start                                0 ticks/call (           0 ticks,       0 calls, max         0, min       0)
00:52:54.403771 /GVMM/VCpus/0/Stop                                 0 ticks/call (           0 ticks,       0 calls, max         0, min       0)
00:52:54.403776 /GVMM/VCpus/0/cWakeUpTimerCanceled                 0 times
00:52:54.403782 /GVMM/VCpus/0/cWakeUpTimerHits                     0 times
00:52:54.403787 /GVMM/VCpus/0/cWakeUpTimerMisses                   0 times
00:52:54.403793 /GVMM/VCpus/0/cWakeUpTimerSameCpu                  0 times
00:52:54.403798 /GVMM/VM/HaltBlocking                        3006090 calls
00:52:54.403804 /GVMM/VM/HaltCalls                         126177401 calls
00:52:54.403809 /GVMM/VM/HaltNotBlocking                   123171311 calls
00:52:54.403812 /GVMM/VM/HaltTimeouts                        2999546 calls
00:52:54.403815 /GVMM/VM/HaltWakeUps                               0 calls
00:52:54.403819 /GVMM/VM/PokeCalls                              4783 calls
00:52:54.403822 /GVMM/VM/PokeNotBusy                             498 calls
00:52:54.403825 /GVMM/VM/PollCalls                            391801 calls
00:52:54.403830 /GVMM/VM/PollHalts                                 0 calls
00:52:54.403835 /GVMM/VM/PollWakeUps                               0 calls
00:52:54.403841 /GVMM/VM/WakeUpCalls                            7970 calls
00:52:54.403846 /GVMM/VM/WakeUpNotHalted                        1861 calls
00:52:54.403851 /GVMM/VM/WakeUpWakeUps                             0 calls
00:52:54.403856 /GVMM/VMs                                          1 count
00:52:54.403863 /HGCM/FailedPageListLocking                        0 count
00:52:54.403869 /HGCM/LargeCmdAllocs                               0 count
00:52:54.403874 /HGCM/MsgArrival                                   0 ticks/call (           0 ticks,       0 calls, max         0, min      -1)
00:52:54.403879 /HGCM/MsgCompletion                                0 ticks/call (           0 ticks,       0 calls, max         0, min      -1)
00:52:54.403882 /HGCM/MsgTotal                                     0 ticks/call (           0 ticks,       0 calls, max         0, min      -1)
00:52:54.403885 /HM/CPU0/Exit/HostNmiInGC                          0 times
00:52:54.403889 /HM/CPU0/Exit/HostNmiInGCIpi                       0 times
00:52:54.403892 /HM/CPU0/Exit/PreemptTimer                         0 times
00:52:54.403894 /HM/CPU0/Exit/Trap/Gst/#AC                         0 times
00:52:54.403898 /HM/CPU0/ImportGuestStateFallback                  0 times
00:52:54.403901 /HM/CPU0/ReadToTransientFallback                   0 times
00:52:54.403906 /HM/CPU0/Switch/Preempting                      2622 times
00:52:54.403914 /IEM/CPU0/Exceptions/0d                            1 times
00:52:54.403937 /IEM/CPU0/Tlb/Code/InvlPg                          0 
00:52:54.403944 /IEM/CPU0/Tlb/Code/InvlPg/LargeGlobal              0 
00:52:54.403947 /IEM/CPU0/Tlb/Code/InvlPg/LargeNonGlobal           0 
00:52:54.403952 /IEM/CPU0/Tlb/Code/LargePageGlobalCurLoads         0 count
00:52:54.403956 /IEM/CPU0/Tlb/Code/LargePageGlobalFirstTag ffffffffffffffff count
00:52:54.403962 /IEM/CPU0/Tlb/Code/LargePageGlobalLastTag          0 count
00:52:54.403967 /IEM/CPU0/Tlb/Code/LargePageNonGlobalCurLoads         0 count
00:52:54.403972 /IEM/CPU0/Tlb/Code/LargePageNonGlobalFirstTag ffffffffffffffff count
00:52:54.403978 /IEM/CPU0/Tlb/Code/LargePageNonGlobalLastTag         0 count
00:52:54.403983 /IEM/CPU0/Tlb/Code/Misses                          0 count
00:52:54.403989 /IEM/CPU0/Tlb/Code/Misses/GlobalLoads              0 count
00:52:54.403994 /IEM/CPU0/Tlb/Code/PhysicalRevision        fffffffffffce000 
00:52:54.404000 /IEM/CPU0/Tlb/Code/PhysicalRevisionFlushes         0 
00:52:54.404004 /IEM/CPU0/Tlb/Code/PhysicalRevisionRollovers         0 
00:52:54.404010 /IEM/CPU0/Tlb/Code/RevisionGlobal          fffff38000000000 
00:52:54.404014 /IEM/CPU0/Tlb/Code/RevisionGlobalFlushes           0 
00:52:54.404020 /IEM/CPU0/Tlb/Code/RevisionNonGlobal       fffff38000000000 
00:52:54.404023 /IEM/CPU0/Tlb/Code/RevisionNonGlobalFlushes         0 
00:52:54.404026 /IEM/CPU0/Tlb/Code/RevisionRollovers               0 
00:52:54.404029 /IEM/CPU0/Tlb/Code/SlowReads                       0 count
00:52:54.404032 /IEM/CPU0/Tlb/Data/InvlPg                          0 
00:52:54.404036 /IEM/CPU0/Tlb/Data/InvlPg/LargeGlobal              0 
00:52:54.404041 /IEM/CPU0/Tlb/Data/InvlPg/LargeNonGlobal           0 
00:52:54.404046 /IEM/CPU0/Tlb/Data/LargePageGlobalCurLoads         0 count
00:52:54.404049 /IEM/CPU0/Tlb/Data/LargePageGlobalFirstTag ffffffffffffffff count
00:52:54.404053 /IEM/CPU0/Tlb/Data/LargePageGlobalLastTag          0 count
00:52:54.404058 /IEM/CPU0/Tlb/Data/LargePageNonGlobalCurLoads         0 count
00:52:54.404063 /IEM/CPU0/Tlb/Data/LargePageNonGlobalFirstTag ffffffffffffffff count
00:52:54.404068 /IEM/CPU0/Tlb/Data/LargePageNonGlobalLastTag         0 count
00:52:54.404074 /IEM/CPU0/Tlb/Data/Misses                          0 count
00:52:54.404079 /IEM/CPU0/Tlb/Data/Misses/Core                     0 count
00:52:54.404084 /IEM/CPU0/Tlb/Data/Misses/Core/GlobalLoads         0 count
00:52:54.404089 /IEM/CPU0/Tlb/Data/Misses/Safe                     0 count
00:52:54.404093 /IEM/CPU0/Tlb/Data/Misses/Safe/Reads               0 count
00:52:54.404096 /IEM/CPU0/Tlb/Data/Misses/Safe/SubPartHits         0 count
00:52:54.404099 /IEM/CPU0/Tlb/Data/Misses/Safe/SubPartMisses         0 count
00:52:54.404103 /IEM/CPU0/Tlb/Data/Misses/Safe/SubPartMisses/GlobalLoads         0 count
00:52:54.404108 /IEM/CPU0/Tlb/Data/Misses/Safe/Writes              0 count
00:52:54.404113 /IEM/CPU0/Tlb/Data/PhysicalRevision        fffffffffffce000 
00:52:54.404117 /IEM/CPU0/Tlb/Data/PhysicalRevisionFlushes         0 
00:52:54.404122 /IEM/CPU0/Tlb/Data/PhysicalRevisionRollovers         0 
00:52:54.404127 /IEM/CPU0/Tlb/Data/RevisionGlobal          fffff38000000000 
00:52:54.404131 /IEM/CPU0/Tlb/Data/RevisionGlobalFlushes           0 
00:52:54.404135 /IEM/CPU0/Tlb/Data/RevisionNonGlobal       fffff38000000000 
00:52:54.404139 /IEM/CPU0/Tlb/Data/RevisionNonGlobalFlushes         0 
00:52:54.404143 /IEM/CPU0/Tlb/Data/RevisionRollovers               0 
00:52:54.404147 /IEM/CPU0/cInstructions                       264369 count
00:52:54.404153 /IEM/CPU0/cLongJumps                            1611 bytes
00:52:54.404158 /IEM/CPU0/cMisalignedAtomics                       0 count
00:52:54.404164 /IEM/CPU0/cPendingCommit                           0 count
00:52:54.404168 /IEM/CPU0/cPotentialExits                      13482 count
00:52:54.404173 /IEM/CPU0/cRetAspectNotImplemented                 0 count
00:52:54.404177 /IEM/CPU0/cRetErrStatuses                          0 count
00:52:54.404180 /IEM/CPU0/cRetInfStatuses                    4304025 count
00:52:54.404183 /IEM/CPU0/cRetInstrNotImplemented                  0 count
00:52:54.404187 /IOM/MmioMappingsStale                             0 ticks/call
00:52:54.404193 /IOM/MmioTooDeepRecursion                          0 times
00:52:54.404198 /PDM/BlkCache/cbCached                             0 bytes
00:52:54.404203 /PDM/BlkCache/cbCachedFru                          0 bytes
00:52:54.404208 /PDM/BlkCache/cbCachedMruIn                        0 bytes
00:52:54.404212 /PDM/BlkCache/cbCachedMruOut                       0 bytes
00:52:54.404216 /PDM/BlkCache/cbMax                          5242880 bytes
00:52:54.404221 /PDM/CritSects/00-AbortedEnters                    0 times
00:52:54.404224 /PDM/CritSects/00-EntersWhileAborting              0 times
00:52:54.404227 /PDM/CritSects/00-Non-interruptible-Waits-VINF_SUCCESS         0 times
00:52:54.404230 /PDM/CritSects/00-QueuedLeaves                     0 times
00:52:54.404233 /PDM/CritSects/00-VERR_INTERRUPTED                 0 times
00:52:54.404235 /PDM/CritSects/00-VERR_TIMEOUT                     0 times
00:52:54.404239 /PDM/CritSects/8237A#0Auto/ContentionR3            0 times
00:52:54.404242 /PDM/CritSects/8237A#0Auto/ContentionR3Wait         0 ticks/time (           0 ticks,       0 times, max         0, min      -1)
00:52:54.404245 /PDM/CritSects/8237A#0Auto/ContentionRZLock         0 times
00:52:54.404251 /PDM/CritSects/8237A#0Auto/ContentionRZLockBusy         0 times
00:52:54.404255 /PDM/CritSects/8237A#0Auto/ContentionRZUnlock         0 times
00:52:54.404258 /PDM/CritSects/8237A#0Auto/ContentionRZWait         0 ticks/time (           0 ticks,       0 times, max         0, min      -1)
00:52:54.404262 /PDM/CritSects/AC'97/ContentionR3                  0 times
00:52:54.404265 /PDM/CritSects/AC'97/ContentionR3Wait              0 ticks/time (           0 ticks,       0 times, max         0, min      -1)
00:52:54.404271 /PDM/CritSects/AC'97/ContentionRZLock              0 times
00:52:54.404275 /PDM/CritSects/AC'97/ContentionRZLockBusy          0 times
00:52:54.404279 /PDM/CritSects/AC'97/ContentionRZUnlock            0 times
00:52:54.404285 /PDM/CritSects/AC'97/ContentionRZWait              0 ticks/time (           0 ticks,       0 times, max         0, min      -1)
00:52:54.404289 /PDM/CritSects/AHCI#0/ContentionR3                 8 times
00:52:54.404293 /PDM/CritSects/AHCI#0/ContentionR3Wait         17832 ticks/time (      142659 ticks,       8 times, max     52272, min    5544)
00:52:54.404299 /PDM/CritSects/AHCI#0/ContentionRZLock             7 times
00:52:54.404303 /PDM/CritSects/AHCI#0/ContentionRZLockBusy         0 times
00:52:54.404306 /PDM/CritSects/AHCI#0/ContentionRZUnlock           0 times
00:52:54.404309 /PDM/CritSects/AHCI#0/ContentionRZWait         38897 ticks/time (      272283 ticks,       7 times, max     78210, min   21747)
00:52:54.404314 /PDM/CritSects/ATA#0-Ctl/ContentionR3              1 times
00:52:54.404319 /PDM/CritSects/ATA#0-Ctl/ContentionR3Wait     569843 ticks/time (      569843 ticks,       1 times, max    569843, min  569843)
00:52:54.404325 /PDM/CritSects/ATA#0-Ctl/ContentionRZLock          4 times
00:52:54.404330 /PDM/CritSects/ATA#0-Ctl/ContentionRZLockBusy         0 times
00:52:54.404335 /PDM/CritSects/ATA#0-Ctl/ContentionRZUnlock         0 times
00:52:54.404340 /PDM/CritSects/ATA#0-Ctl/ContentionRZWait      54480 ticks/time (      217922 ticks,       4 times, max     75240, min   18612)
00:52:54.404345 /PDM/CritSects/ATA#0-Req/ContentionR3              0 times
00:52:54.404350 /PDM/CritSects/ATA#0-Req/ContentionR3Wait          0 ticks/time (           0 ticks,       0 times, max         0, min      -1)
00:52:54.404355 /PDM/CritSects/ATA#0-Req/ContentionRZLock          0 times
00:52:54.404360 /PDM/CritSects/ATA#0-Req/ContentionRZLockBusy         0 times
00:52:54.404366 /PDM/CritSects/ATA#0-Req/ContentionRZUnlock         0 times
00:52:54.404370 /PDM/CritSects/ATA#0-Req/ContentionRZWait          0 ticks/time (           0 ticks,       0 times, max         0, min      -1)
00:52:54.404376 /PDM/CritSects/ATA#1-Ctl/ContentionR3              0 times
00:52:54.404379 /PDM/CritSects/ATA#1-Ctl/ContentionR3Wait          0 ticks/time (           0 ticks,       0 times, max         0, min      -1)
00:52:54.404384 /PDM/CritSects/ATA#1-Ctl/ContentionRZLock          0 times
00:52:54.404389 /PDM/CritSects/ATA#1-Ctl/ContentionRZLockBusy         0 times
00:52:54.404393 /PDM/CritSects/ATA#1-Ctl/ContentionRZUnlock         0 times
00:52:54.404397 /PDM/CritSects/ATA#1-Ctl/ContentionRZWait          0 ticks/time (           0 ticks,       0 times, max         0, min      -1)
00:52:54.404404 /PDM/CritSects/ATA#1-Req/ContentionR3              0 times
00:52:54.404411 /PDM/CritSects/ATA#1-Req/ContentionR3Wait          0 ticks/time (           0 ticks,       0 times, max         0, min      -1)
00:52:54.404415 /PDM/CritSects/ATA#1-Req/ContentionRZLock          0 times
00:52:54.404419 /PDM/CritSects/ATA#1-Req/ContentionRZLockBusy         0 times
00:52:54.404424 /PDM/CritSects/ATA#1-Req/ContentionRZUnlock         0 times
00:52:54.404428 /PDM/CritSects/ATA#1-Req/ContentionRZWait          0 ticks/time (           0 ticks,       0 times, max         0, min      -1)
00:52:54.404434 /PDM/CritSects/E1000#0/ContentionR3                7 times
00:52:54.404439 /PDM/CritSects/E1000#0/ContentionR3Wait        30336 ticks/time (      212355 ticks,       7 times, max     42404, min    6831)
00:52:54.404445 /PDM/CritSects/E1000#0/ContentionRZLock            1 times
00:52:54.404450 /PDM/CritSects/E1000#0/ContentionRZLockBusy         0 times
00:52:54.404455 /PDM/CritSects/E1000#0/ContentionRZUnlock          0 times
00:52:54.404460 /PDM/CritSects/E1000#0/ContentionRZWait        28875 ticks/time (       28875 ticks,       1 times, max     28875, min   28875)
00:52:54.404465 /PDM/CritSects/E1000#0RX/ContentionR3              0 times
00:52:54.404468 /PDM/CritSects/E1000#0RX/ContentionR3Wait          0 ticks/time (           0 ticks,       0 times, max         0, min      -1)
00:52:54.404474 /PDM/CritSects/E1000#0RX/ContentionRZLock          0 times
00:52:54.404479 /PDM/CritSects/E1000#0RX/ContentionRZLockBusy         0 times
00:52:54.404484 /PDM/CritSects/E1000#0RX/ContentionRZUnlock         0 times
00:52:54.404488 /PDM/CritSects/E1000#0RX/ContentionRZWait          0 ticks/time (           0 ticks,       0 times, max         0, min      -1)
00:52:54.404493 /PDM/CritSects/E1000#0TX/ContentionR3              0 times
00:52:54.404499 /PDM/CritSects/E1000#0TX/ContentionR3Wait          0 ticks/time (           0 ticks,       0 times, max         0, min      -1)
00:52:54.404503 /PDM/CritSects/E1000#0TX/ContentionRZLock          0 times
00:52:54.404508 /PDM/CritSects/E1000#0TX/ContentionRZLockBusy         0 times
00:52:54.404512 /PDM/CritSects/E1000#0TX/ContentionRZUnlock         0 times
00:52:54.404518 /PDM/CritSects/E1000#0TX/ContentionRZWait          0 ticks/time (           0 ticks,       0 times, max         0, min      -1)
00:52:54.404523 /PDM/CritSects/EHCI#0Irq/ContentionR3              0 times
00:52:54.404528 /PDM/CritSects/EHCI#0Irq/ContentionR3Wait          0 ticks/time (           0 ticks,       0 times, max         0, min      -1)
00:52:54.404533 /PDM/CritSects/EHCI#0Irq/ContentionRZLock          0 times
00:52:54.404538 /PDM/CritSects/EHCI#0Irq/ContentionRZLockBusy         0 times
00:52:54.404542 /PDM/CritSects/EHCI#0Irq/ContentionRZUnlock         0 times
00:52:54.404547 /PDM/CritSects/EHCI#0Irq/ContentionRZWait          0 ticks/time (           0 ticks,       0 times, max         0, min      -1)
00:52:54.404552 /PDM/CritSects/GIMDev#0Auto/ContentionR3           0 times
00:52:54.404556 /PDM/CritSects/GIMDev#0Auto/ContentionR3Wait         0 ticks/time (           0 ticks,       0 times, max         0, min      -1)
00:52:54.404561 /PDM/CritSects/GIMDev#0Auto/ContentionRZLock         0 times
00:52:54.404566 /PDM/CritSects/GIMDev#0Auto/ContentionRZLockBusy         0 times
00:52:54.404570 /PDM/CritSects/GIMDev#0Auto/ContentionRZUnlock         0 times
00:52:54.404576 /PDM/CritSects/GIMDev#0Auto/ContentionRZWait         0 ticks/time (           0 ticks,       0 times, max         0, min      -1)
00:52:54.404581 /PDM/CritSects/NOP/ContentionR3                    0 times
00:52:54.404586 /PDM/CritSects/NOP/ContentionR3Wait                0 ticks/time (           0 ticks,       0 times, max         0, min      -1)
00:52:54.404591 /PDM/CritSects/NOP/ContentionRZLock                0 times
00:52:54.404595 /PDM/CritSects/NOP/ContentionRZLockBusy            0 times
00:52:54.404600 /PDM/CritSects/NOP/ContentionRZUnlock              0 times
00:52:54.404607 /PDM/CritSects/NOP/ContentionRZWait                0 ticks/time (           0 ticks,       0 times, max         0, min      -1)
00:52:54.404615 /PDM/CritSects/OHCI#0Irq/ContentionR3              0 times
00:52:54.404620 /PDM/CritSects/OHCI#0Irq/ContentionR3Wait          0 ticks/time (           0 ticks,       0 times, max         0, min      -1)
00:52:54.404624 /PDM/CritSects/OHCI#0Irq/ContentionRZLock          0 times
00:52:54.404627 /PDM/CritSects/OHCI#0Irq/ContentionRZLockBusy         0 times
00:52:54.404633 /PDM/CritSects/OHCI#0Irq/ContentionRZUnlock         0 times
00:52:54.404637 /PDM/CritSects/OHCI#0Irq/ContentionRZWait          0 ticks/time (           0 ticks,       0 times, max         0, min      -1)
00:52:54.404642 /PDM/CritSects/PDM/ContentionR3                    1 times
00:52:54.404647 /PDM/CritSects/PDM/ContentionR3Wait            11847 ticks/time (       11847 ticks,       1 times, max     11847, min   11847)
00:52:54.404653 /PDM/CritSects/PDM/ContentionRZLock                0 times
00:52:54.404659 /PDM/CritSects/PDM/ContentionRZLockBusy            0 times
00:52:54.404664 /PDM/CritSects/PDM/ContentionRZUnlock              0 times
00:52:54.404668 /PDM/CritSects/PDM/ContentionRZWait                0 ticks/time (           0 ticks,       0 times, max         0, min      -1)
00:52:54.404672 /PDM/CritSects/PGM/ContentionR3                 1961 times
00:52:54.404675 /PDM/CritSects/PGM/ContentionR3Wait           229324 ticks/time (   449704650 ticks,    1961 times, max  20290786, min    3795)
00:52:54.404681 /PDM/CritSects/PGM/ContentionRZLock              944 times
00:52:54.404686 /PDM/CritSects/PGM/ContentionRZLockBusy            0 times
00:52:54.404691 /PDM/CritSects/PGM/ContentionRZUnlock              0 times
00:52:54.404695 /PDM/CritSects/PGM/ContentionRZWait            50974 ticks/time (    48120127 ticks,     944 times, max    431409, min    1881)
00:52:54.404702 /PDM/CritSects/TM VirtualSync Lock/ContentionR3         0 times
00:52:54.404707 /PDM/CritSects/TM VirtualSync Lock/ContentionR3Wait         0 ticks/time (           0 ticks,       0 times, max         0, min      -1)
00:52:54.404712 /PDM/CritSects/TM VirtualSync Lock/ContentionRZLock         0 times
00:52:54.404715 /PDM/CritSects/TM VirtualSync Lock/ContentionRZLockBusy         0 times
00:52:54.404718 /PDM/CritSects/TM VirtualSync Lock/ContentionRZUnlock         0 times
00:52:54.404722 /PDM/CritSects/TM VirtualSync Lock/ContentionRZWait         0 ticks/time (           0 ticks,       0 times, max         0, min      -1)
00:52:54.404727 /PDM/CritSects/TM real queue timer lock/ContentionR3         0 times
00:52:54.404732 /PDM/CritSects/TM real queue timer lock/ContentionR3Wait         0 ticks/time (           0 ticks,       0 times, max         0, min      -1)
00:52:54.404738 /PDM/CritSects/TM real queue timer lock/ContentionRZLock         0 times
00:52:54.404742 /PDM/CritSects/TM real queue timer lock/ContentionRZLockBusy         0 times
00:52:54.404746 /PDM/CritSects/TM real queue timer lock/ContentionRZUnlock         0 times
00:52:54.404750 /PDM/CritSects/TM real queue timer lock/ContentionRZWait         0 ticks/time (           0 ticks,       0 times, max         0, min      -1)
00:52:54.404756 /PDM/CritSects/TM tsc queue timer lock/ContentionR3         0 times
00:52:54.404760 /PDM/CritSects/TM tsc queue timer lock/ContentionR3Wait         0 ticks/time (           0 ticks,       0 times, max         0, min      -1)
00:52:54.404765 /PDM/CritSects/TM tsc queue timer lock/ContentionRZLock         0 times
00:52:54.404769 /PDM/CritSects/TM tsc queue timer lock/ContentionRZLockBusy         0 times
00:52:54.404775 /PDM/CritSects/TM tsc queue timer lock/ContentionRZUnlock         0 times
00:52:54.404778 /PDM/CritSects/TM tsc queue timer lock/ContentionRZWait         0 ticks/time (           0 ticks,       0 times, max         0, min      -1)
00:52:54.404782 /PDM/CritSects/TM virtual queue timer lock/ContentionR3         0 times
00:52:54.404787 /PDM/CritSects/TM virtual queue timer lock/ContentionR3Wait         0 ticks/time (           0 ticks,       0 times, max         0, min      -1)
00:52:54.404793 /PDM/CritSects/TM virtual queue timer lock/ContentionRZLock         0 times
00:52:54.404799 /PDM/CritSects/TM virtual queue timer lock/ContentionRZLockBusy         0 times
00:52:54.404805 /PDM/CritSects/TM virtual queue timer lock/ContentionRZUnlock         0 times
00:52:54.404810 /PDM/CritSects/TM virtual queue timer lock/ContentionRZWait         0 ticks/time (           0 ticks,       0 times, max         0, min      -1)
00:52:54.404815 /PDM/CritSects/TM virtual_sync queue timer lock/ContentionR3         0 times
00:52:54.404821 /PDM/CritSects/TM virtual_sync queue timer lock/ContentionR3Wait         0 ticks/time (           0 ticks,       0 times, max         0, min      -1)
00:52:54.404827 /PDM/CritSects/TM virtual_sync queue timer lock/ContentionRZLock         0 times
00:52:54.404832 /PDM/CritSects/TM virtual_sync queue timer lock/ContentionRZLockBusy         0 times
00:52:54.404836 /PDM/CritSects/TM virtual_sync queue timer lock/ContentionRZUnlock         0 times
00:52:54.404840 /PDM/CritSects/TM virtual_sync queue timer lock/ContentionRZWait         0 ticks/time (           0 ticks,       0 times, max         0, min      -1)
00:52:54.404846 /PDM/CritSects/VGA#0/ContentionR3                  5 times
00:52:54.404851 /PDM/CritSects/VGA#0/ContentionR3Wait          38834 ticks/time (      194171 ticks,       5 times, max     47091, min   25443)
00:52:54.404857 /PDM/CritSects/VGA#0/ContentionRZLock              0 times
00:52:54.404862 /PDM/CritSects/VGA#0/ContentionRZLockBusy          0 times
00:52:54.404867 /PDM/CritSects/VGA#0/ContentionRZUnlock            0 times
00:52:54.404870 /PDM/CritSects/VGA#0/ContentionRZWait              0 ticks/time (           0 ticks,       0 times, max         0, min      -1)
00:52:54.404874 /PDM/CritSects/VGA#0_IRQ/ContentionR3              0 times
00:52:54.404878 /PDM/CritSects/VGA#0_IRQ/ContentionR3Wait          0 ticks/time (           0 ticks,       0 times, max         0, min      -1)
00:52:54.404883 /PDM/CritSects/VGA#0_IRQ/ContentionRZLock          0 times
00:52:54.404888 /PDM/CritSects/VGA#0_IRQ/ContentionRZLockBusy         0 times
00:52:54.404891 /PDM/CritSects/VGA#0_IRQ/ContentionRZUnlock         0 times
00:52:54.404894 /PDM/CritSects/VGA#0_IRQ/ContentionRZWait          0 ticks/time (           0 ticks,       0 times, max         0, min      -1)
00:52:54.404899 /PDM/CritSects/VMMDev#0/ContentionR3               0 times
00:52:54.404904 /PDM/CritSects/VMMDev#0/ContentionR3Wait           0 ticks/time (           0 ticks,       0 times, max         0, min      -1)
00:52:54.404908 /PDM/CritSects/VMMDev#0/ContentionRZLock           0 times
00:52:54.404911 /PDM/CritSects/VMMDev#0/ContentionRZLockBusy         0 times
00:52:54.404914 /PDM/CritSects/VMMDev#0/ContentionRZUnlock         0 times
00:52:54.404918 /PDM/CritSects/VMMDev#0/ContentionRZWait           0 ticks/time (           0 ticks,       0 times, max         0, min      -1)
00:52:54.404924 /PDM/CritSects/acpi#0/ContentionR3                 0 times
00:52:54.404929 /PDM/CritSects/acpi#0/ContentionR3Wait             0 ticks/time (           0 ticks,       0 times, max         0, min      -1)
00:52:54.404935 /PDM/CritSects/acpi#0/ContentionRZLock             0 times
00:52:54.404940 /PDM/CritSects/acpi#0/ContentionRZLockBusy         0 times
00:52:54.404945 /PDM/CritSects/acpi#0/ContentionRZUnlock           0 times
00:52:54.404948 /PDM/CritSects/acpi#0/ContentionRZWait             0 ticks/time (           0 ticks,       0 times, max         0, min      -1)
00:52:54.404953 /PDM/CritSects/mc146818#0Auto/ContentionR3         0 times
00:52:54.404958 /PDM/CritSects/mc146818#0Auto/ContentionR3Wait         0 ticks/time (           0 ticks,       0 times, max         0, min      -1)
00:52:54.404963 /PDM/CritSects/mc146818#0Auto/ContentionRZLock         0 times
00:52:54.404968 /PDM/CritSects/mc146818#0Auto/ContentionRZLockBusy         0 times
00:52:54.404973 /PDM/CritSects/mc146818#0Auto/ContentionRZUnlock         0 times
00:52:54.404977 /PDM/CritSects/mc146818#0Auto/ContentionRZWait         0 ticks/time (           0 ticks,       0 times, max         0, min      -1)
00:52:54.404983 /PDM/CritSects/pcarch#0Auto/ContentionR3           0 times
00:52:54.404988 /PDM/CritSects/pcarch#0Auto/ContentionR3Wait         0 ticks/time (           0 ticks,       0 times, max         0, min      -1)
00:52:54.404993 /PDM/CritSects/pcarch#0Auto/ContentionRZLock         0 times
00:52:54.404998 /PDM/CritSects/pcarch#0Auto/ContentionRZLockBusy         0 times
00:52:54.405003 /PDM/CritSects/pcarch#0Auto/ContentionRZUnlock         0 times
00:52:54.405007 /PDM/CritSects/pcarch#0Auto/ContentionRZWait         0 ticks/time (           0 ticks,       0 times, max         0, min      -1)
00:52:54.405012 /PDM/CritSects/pcbios#0Auto/ContentionR3           0 times
00:52:54.405017 /PDM/CritSects/pcbios#0Auto/ContentionR3Wait         0 ticks/time (           0 ticks,       0 times, max         0, min      -1)
00:52:54.405020 /PDM/CritSects/pcbios#0Auto/ContentionRZLock         0 times
00:52:54.405025 /PDM/CritSects/pcbios#0Auto/ContentionRZLockBusy         0 times
00:52:54.405030 /PDM/CritSects/pcbios#0Auto/ContentionRZUnlock         0 times
00:52:54.405034 /PDM/CritSects/pcbios#0Auto/ContentionRZWait         0 ticks/time (           0 ticks,       0 times, max         0, min      -1)
00:52:54.405038 /PDM/CritSects/pckbd#0Auto/ContentionR3            0 times
00:52:54.405042 /PDM/CritSects/pckbd#0Auto/ContentionR3Wait         0 ticks/time (           0 ticks,       0 times, max         0, min      -1)
00:52:54.405047 /PDM/CritSects/pckbd#0Auto/ContentionRZLock         0 times
00:52:54.405051 /PDM/CritSects/pckbd#0Auto/ContentionRZLockBusy         0 times
00:52:54.405056 /PDM/CritSects/pckbd#0Auto/ContentionRZUnlock         0 times
00:52:54.405060 /PDM/CritSects/pckbd#0Auto/ContentionRZWait         0 ticks/time (           0 ticks,       0 times, max         0, min      -1)
00:52:54.405064 /PDM/CritSects/pit#0/ContentionR3                  0 times
00:52:54.405068 /PDM/CritSects/pit#0/ContentionR3Wait              0 ticks/time (           0 ticks,       0 times, max         0, min      -1)
00:52:54.405075 /PDM/CritSects/pit#0/ContentionRZLock              0 times
00:52:54.405080 /PDM/CritSects/pit#0/ContentionRZLockBusy          0 times
00:52:54.405084 /PDM/CritSects/pit#0/ContentionRZUnlock            0 times
00:52:54.405089 /PDM/CritSects/pit#0/ContentionRZWait              0 ticks/time (           0 ticks,       0 times, max         0, min      -1)
00:52:54.405094 /PDM/CritSects/usb-ehci#0Auto/ContentionR3         0 times
00:52:54.405097 /PDM/CritSects/usb-ehci#0Auto/ContentionR3Wait         0 ticks/time (           0 ticks,       0 times, max         0, min      -1)
00:52:54.405100 /PDM/CritSects/usb-ehci#0Auto/ContentionRZLock         0 times
00:52:54.405103 /PDM/CritSects/usb-ehci#0Auto/ContentionRZLockBusy         0 times
00:52:54.405106 /PDM/CritSects/usb-ehci#0Auto/ContentionRZUnlock         0 times
00:52:54.405109 /PDM/CritSects/usb-ehci#0Auto/ContentionRZWait         0 ticks/time (           0 ticks,       0 times, max         0, min      -1)
00:52:54.405112 /PDM/CritSects/usb-ohci#0Auto/ContentionR3         0 times
00:52:54.405116 /PDM/CritSects/usb-ohci#0Auto/ContentionR3Wait         0 ticks/time (           0 ticks,       0 times, max         0, min      -1)
00:52:54.405121 /PDM/CritSects/usb-ohci#0Auto/ContentionRZLock         0 times
00:52:54.405126 /PDM/CritSects/usb-ohci#0Auto/ContentionRZLockBusy         0 times
00:52:54.405131 /PDM/CritSects/usb-ohci#0Auto/ContentionRZUnlock         0 times
00:52:54.405136 /PDM/CritSects/usb-ohci#0Auto/ContentionRZWait         0 ticks/time (           0 ticks,       0 times, max         0, min      -1)
00:52:54.405141 /PDM/CritSectsRw/00-EnterSharedWhileAborting         0 times
00:52:54.405146 /PDM/CritSectsRw/00-Excl-Non-interruptible-Waits-VINF_SUCCESS         0 times
00:52:54.405150 /PDM/CritSectsRw/00-Excl-VERR_INTERRUPTED          0 times
00:52:54.405213 /PDM/CritSectsRw/00-Excl-VERR_TIMEOUT              0 times
00:52:54.405224 /PDM/CritSectsRw/00-Shared-Non-interruptible-Waits-VINF_SUCCESS         0 times
00:52:54.405229 /PDM/CritSectsRw/00-Shared-VERR_INTERRUPTED         0 times
00:52:54.405232 /PDM/CritSectsRw/00-Shared-VERR_TIMEOUT            0 times
00:52:54.405235 /PDM/CritSectsRw/IOM Lock/ContentionR3EnterExcl         0 times
00:52:54.405239 /PDM/CritSectsRw/IOM Lock/ContentionR3EnterShared         0 times
00:52:54.405244 /PDM/CritSectsRw/IOM Lock/ContentionR3LeaveExcl         0 times
00:52:54.405249 /PDM/CritSectsRw/IOM Lock/ContentionRZEnterExcl         0 times
00:52:54.405255 /PDM/CritSectsRw/IOM Lock/ContentionRZEnterShared         0 times
00:52:54.405259 /PDM/CritSectsRw/IOM Lock/ContentionRZLeaveExcl         0 times
00:52:54.405264 /PDM/CritSectsRw/IOM Lock/ContentionRZLeaveShared         0 times
00:52:54.405268 /PDM/CritSectsRw/IOM Lock/R3EnterExcl            105 times
00:52:54.405272 /PDM/CritSectsRw/IOM Lock/R3EnterShared      3188358 times
00:52:54.405277 /PDM/CritSectsRw/IOM Lock/RZEnterExcl              0 times
00:52:54.405281 /PDM/CritSectsRw/IOM Lock/RZEnterShared      4416430 times
00:52:54.405285 /PDM/CritSectsRw/TM real queue alloc lock/ContentionR3EnterExcl         0 times
00:52:54.405291 /PDM/CritSectsRw/TM real queue alloc lock/ContentionR3EnterShared         0 times
00:52:54.405296 /PDM/CritSectsRw/TM real queue alloc lock/ContentionR3LeaveExcl         0 times
00:52:54.405301 /PDM/CritSectsRw/TM real queue alloc lock/ContentionRZEnterExcl         0 times
00:52:54.405306 /PDM/CritSectsRw/TM real queue alloc lock/ContentionRZEnterShared         0 times
00:52:54.405309 /PDM/CritSectsRw/TM real queue alloc lock/ContentionRZLeaveExcl         0 times
00:52:54.405312 /PDM/CritSectsRw/TM real queue alloc lock/ContentionRZLeaveShared         0 times
00:52:54.405317 /PDM/CritSectsRw/TM real queue alloc lock/R3EnterExcl         8 times
00:52:54.405323 /PDM/CritSectsRw/TM real queue alloc lock/R3EnterShared         1 times
00:52:54.405328 /PDM/CritSectsRw/TM real queue alloc lock/RZEnterExcl         0 times
00:52:54.405333 /PDM/CritSectsRw/TM real queue alloc lock/RZEnterShared         0 times
00:52:54.405442 /PDM/CritSectsRw/TM tsc queue alloc lock/ContentionR3EnterExcl         0 times
00:52:54.405454 /PDM/CritSectsRw/TM tsc queue alloc lock/ContentionR3EnterShared         0 times
00:52:54.405459 /PDM/CritSectsRw/TM tsc queue alloc lock/ContentionR3LeaveExcl         0 times
00:52:54.405464 /PDM/CritSectsRw/TM tsc queue alloc lock/ContentionRZEnterExcl         0 times
00:52:54.405469 /PDM/CritSectsRw/TM tsc queue alloc lock/ContentionRZEnterShared         0 times
00:52:54.405474 /PDM/CritSectsRw/TM tsc queue alloc lock/ContentionRZLeaveExcl         0 times
00:52:54.405478 /PDM/CritSectsRw/TM tsc queue alloc lock/ContentionRZLeaveShared         0 times
00:52:54.405484 /PDM/CritSectsRw/TM tsc queue alloc lock/R3EnterExcl         0 times
00:52:54.405488 /PDM/CritSectsRw/TM tsc queue alloc lock/R3EnterShared         1 times
00:52:54.405493 /PDM/CritSectsRw/TM tsc queue alloc lock/RZEnterExcl         0 times
00:52:54.405499 /PDM/CritSectsRw/TM tsc queue alloc lock/RZEnterShared         0 times
00:52:54.405504 /PDM/CritSectsRw/TM virtual queue alloc lock/ContentionR3EnterExcl         0 times
00:52:54.405510 /PDM/CritSectsRw/TM virtual queue alloc lock/ContentionR3EnterShared         0 times
00:52:54.405515 /PDM/CritSectsRw/TM virtual queue alloc lock/ContentionR3LeaveExcl         0 times
00:52:54.405520 /PDM/CritSectsRw/TM virtual queue alloc lock/ContentionRZEnterExcl         0 times
00:52:54.405523 /PDM/CritSectsRw/TM virtual queue alloc lock/ContentionRZEnterShared         0 times
00:52:54.405528 /PDM/CritSectsRw/TM virtual queue alloc lock/ContentionRZLeaveExcl         0 times
00:52:54.405533 /PDM/CritSectsRw/TM virtual queue alloc lock/ContentionRZLeaveShared         0 times
00:52:54.405536 /PDM/CritSectsRw/TM virtual queue alloc lock/R3EnterExcl        11 times
00:52:54.405539 /PDM/CritSectsRw/TM virtual queue alloc lock/R3EnterShared         1 times
00:52:54.405547 /PDM/CritSectsRw/TM virtual queue alloc lock/RZEnterExcl         0 times
00:52:54.405555 /PDM/CritSectsRw/TM virtual queue alloc lock/RZEnterShared         0 times
00:52:54.405560 /PDM/CritSectsRw/TM virtual_sync queue alloc lock/ContentionR3EnterExcl         0 times
00:52:54.405563 /PDM/CritSectsRw/TM virtual_sync queue alloc lock/ContentionR3EnterShared         0 times
00:52:54.405566 /PDM/CritSectsRw/TM virtual_sync queue alloc lock/ContentionR3LeaveExcl         0 times
00:52:54.405569 /PDM/CritSectsRw/TM virtual_sync queue alloc lock/ContentionRZEnterExcl         0 times
00:52:54.405572 /PDM/CritSectsRw/TM virtual_sync queue alloc lock/ContentionRZEnterShared         0 times
00:52:54.405575 /PDM/CritSectsRw/TM virtual_sync queue alloc lock/ContentionRZLeaveExcl         0 times
00:52:54.405578 /PDM/CritSectsRw/TM virtual_sync queue alloc lock/ContentionRZLeaveShared         0 times
00:52:54.405581 /PDM/CritSectsRw/TM virtual_sync queue alloc lock/R3EnterExcl         9 times
00:52:54.405586 /PDM/CritSectsRw/TM virtual_sync queue alloc lock/R3EnterShared         1 times
00:52:54.405591 /PDM/CritSectsRw/TM virtual_sync queue alloc lock/RZEnterExcl         0 times
00:52:54.405595 /PDM/CritSectsRw/TM virtual_sync queue alloc lock/RZEnterShared         0 times
00:52:54.405598 /PDM/Queue/DevHlp/AllocFailures                    0 times
00:52:54.405601 /PDM/Queue/DevHlp/Flush                            0 calls
00:52:54.405607 /PDM/Queue/DevHlp/FlushLeftovers                   0 times
00:52:54.405612 /PDM/Queue/DevHlp/Insert                           0 calls
00:52:54.405616 /PDM/Queue/DevHlp/cItems                           8 count
00:52:54.405621 /PDM/Queue/DevHlp/cbItem                          56 bytes
00:52:54.405626 /PDM/Queue/DevHlp/rcOkay                           0 
00:52:54.405630 /PDM/Queue/Keyboard/AllocFailures                  0 times
00:52:54.405635 /PDM/Queue/Keyboard/Flush                          0 calls
00:52:54.405640 /PDM/Queue/Keyboard/FlushLeftovers                 0 times
00:52:54.405644 /PDM/Queue/Keyboard/Insert                      3606 calls
00:52:54.405649 /PDM/Queue/Keyboard/cItems                        64 count
00:52:54.405654 /PDM/Queue/Keyboard/cbItem                        16 bytes
00:52:54.405660 /PDM/Queue/Keyboard/rcOkay                         0 
00:52:54.405665 /PDM/Queue/Mouse/AllocFailures                     0 times
00:52:54.405671 /PDM/Queue/Mouse/Flush                             0 calls
00:52:54.405677 /PDM/Queue/Mouse/FlushLeftovers                    0 times
00:52:54.405684 /PDM/Queue/Mouse/Insert                            0 calls
00:52:54.405688 /PDM/Queue/Mouse/cItems                          128 count
00:52:54.405692 /PDM/Queue/Mouse/cbItem                           32 bytes
00:52:54.405697 /PDM/Queue/Mouse/rcOkay                            0 
00:52:54.405702 /PDM/Queue/Mouse_1/AllocFailures                   0 times
00:52:54.405707 /PDM/Queue/Mouse_1/Flush                           0 calls
00:52:54.405712 /PDM/Queue/Mouse_1/FlushLeftovers                  0 times
00:52:54.405717 /PDM/Queue/Mouse_1/Insert                       2734 calls
00:52:54.405722 /PDM/Queue/Mouse_1/cItems                        128 count
00:52:54.405764 /PDM/Queue/Mouse_1/cbItem                         32 bytes
00:52:54.405771 /PDM/Queue/Mouse_1/rcOkay                          0 
00:52:54.405777 /PDM/Tasks/000-E1000-Xmit-retriggered             38 times
00:52:54.405782 /PDM/Tasks/000-E1000-Xmit-runs                   234 times
00:52:54.405788 /PGM/CPU0/R3/Page/MapTlbMisses                    24 times
00:52:54.405793 /PGM/CPU0/R3/RamRange/TlbLocking                   6 times
00:52:54.405799 /PGM/CPU0/R3/RamRange/TlbMisses                    6 times
00:52:54.405804 /PGM/CPU0/RZ/Page/MapTlbMisses                     0 times
00:52:54.405810 /PGM/CPU0/RZ/RamRange/TlbLocking                  27 times
00:52:54.405814 /PGM/CPU0/RZ/RamRange/TlbMisses                   27 times
00:52:54.405822 /PGM/CPU0/cA20Changes                              2 times
00:52:54.405827 /PGM/CPU0/cGuestModeChanges                    11030 times
00:52:54.405833 /PGM/ChunkR3Map/Mapped                           526 count
00:52:54.405839 /PGM/ChunkR3Map/Unmapped                           0 count
00:52:54.405845 /PGM/ChunkR3Map/c                                526 count
00:52:54.405850 /PGM/ChunkR3Map/cMax                       4294967295 count
00:52:54.405855 /PGM/LargePage/Alloc                           34953 ns/call (    25830975 ns,     739 calls, max    200990, min       1)
00:52:54.405862 /PGM/LargePage/AllocFailed                       432 times
00:52:54.405867 /PGM/LargePage/Overflow                            0 times
00:52:54.405870 /PGM/LargePage/Recheck                             0 times
00:52:54.405875 /PGM/LargePage/Refused                             2 times
00:52:54.405880 /PGM/LargePage/Reused                              0 times
00:52:54.405885 /PGM/LargePage/TlbFlush                            0 times
00:52:54.405889 /PGM/LargePage/ZeroEvict                           0 times
00:52:54.405896 /PGM/Mmio2QueryAndResetDirtyBitmap                 0 ticks/call (           0 ticks,       0 calls, max         0, min      -1)
00:52:54.405901 /PGM/Page/cAllPages                           529969 count
00:52:54.405906 /PGM/Page/cBalloonedPages                          0 count
00:52:54.405911 /PGM/Page/cHandyPages                             56 count
00:52:54.405914 /PGM/Page/cLargePages                            307 count
00:52:54.405919 /PGM/Page/cLargePagesDisabled                      0 count
00:52:54.405925 /PGM/Page/cMonitoredPages                          0 count
00:52:54.405928 /PGM/Page/cPrivatePages                       274411 count
00:52:54.405931 /PGM/Page/cPureMmioPages                          70 count
00:52:54.405936 /PGM/Page/cReadLockedPages                         0 count
00:52:54.405941 /PGM/Page/cReusedSharedPages                       0 count
00:52:54.405945 /PGM/Page/cSharedPages                             0 count
00:52:54.405948 /PGM/Page/cWriteLockedPages                     1801 count
00:52:54.405951 /PGM/Page/cWrittenToPages                          0 count
00:52:54.405955 /PGM/Page/cZeroPages                          255488 count
00:52:54.405961 /PGM/PhysHandlerTree/ErrorsAllocatorR3             0 times
00:52:54.405966 /PGM/PhysHandlerTree/ErrorsTree                    0 times
00:52:54.405969 /PGM/PhysHandlerTree/Inserts                      19 times
00:52:54.405974 /PGM/PhysHandlerTree/MaxHandlers                6144 times
00:52:54.405980 /PGM/PhysHandlerTree/RebalancingOperations         8 times
00:52:54.405985 /PGM/PhysHandlerTree/Removals                      6 times
00:52:54.405990 /PGM/Pool/Grow                               7991610 ticks/call (     7991610 ticks,       1 calls, max   7991610, min 7991610)
00:52:54.405996 /PGM/ShMod/Check                                   0 ticks/call (           0 ticks,       0 calls, max         0, min      -1)
00:52:54.406002 /PROF/CPU0/EM/Capped                               0 ticks/call (           0 ticks,       0 calls, max         0, min      -1)
00:52:54.406008 /PROF/CPU0/EM/ForcedActions                  4498509 times
00:52:54.406013 /PROF/CPU0/EM/HMExec                         1227203 ticks/call (9324064409934 ticks, 7597813 calls, max 118478523, min    5412)
00:52:54.406018 /PROF/CPU0/EM/HMExecuteCalled                4321143 times
00:52:54.406024 /PROF/CPU0/EM/Halted                         4301391 times
00:52:54.406029 /PROF/CPU0/EM/NEMExec                              0 ticks/call (           0 ticks,       0 calls, max         0, min      -1)
00:52:54.406035 /PROF/CPU0/EM/NEMExecuteCalled                     0 times
00:52:54.406040 /PROF/CPU0/EM/REMTotal                             0 times
00:52:54.406045 /PROF/CPU0/EM/RecordedExits                 22082612 times
00:52:54.406051 /PROF/CPU0/EM/Total                        10430623733498 ticks/call (10430623733498 ticks,       1 calls, max 10430623733498, min 10430623733498)
00:52:54.406057 /PROF/CPU0/VM/Halt/Block                        1455 ns/call (178334581601 ns, 122495260 calls, max  13897914, min       1)
00:52:54.406063 /PROF/CPU0/VM/Halt/BlockInsomnia                1423 ns/call (172820669419 ns, 121390631 calls, max  13897914, min       1)
00:52:54.406069 /PROF/CPU0/VM/Halt/BlockOnTime                  2740 ns/call (  3014015133 ns, 1099621 calls, max   3772682, min       1)
00:52:54.406075 /PROF/CPU0/VM/Halt/BlockOverslept             267302 ns/call (  1338650199 ns,    5008 calls, max   1464084, min   50090)
00:52:54.406079 /PROF/CPU0/VM/Halt/R0HaltBlock                733721 ns/call (2701663543730 ns, 3682136 calls, max  18834095, min       2)
00:52:54.406084 /PROF/CPU0/VM/Halt/R0HaltBlockInsomnia        541992 ns/call (1109857806499 ns, 2047735 calls, max  17859374, min       2)
00:52:54.406090 /PROF/CPU0/VM/Halt/R0HaltBlockOnTime          948420 ns/call (567747294859 ns,  598624 calls, max  15230357, min     320)
00:52:54.406096 /PROF/CPU0/VM/Halt/R0HaltBlockOverslept       142686 ns/call (147790912174 ns, 1035777 calls, max  17868136, min   50001)
00:52:54.406101 /PROF/CPU0/VM/Halt/R0HaltExec                   1421 times
00:52:54.406107 /PROF/CPU0/VM/Halt/R0HaltExec/FromBlock          810 times
00:52:54.406112 /PROF/CPU0/VM/Halt/R0HaltExec/FromSpin            33 times
00:52:54.406117 /PROF/CPU0/VM/Halt/R0HaltHistoryCounter      4300931 times
00:52:54.406123 /PROF/CPU0/VM/Halt/R0HaltHistorySucceeded          0 times
00:52:54.406128 /PROF/CPU0/VM/Halt/R0HaltHistoryToRing3          134 times
00:52:54.406134 /PROF/CPU0/VM/Halt/R0HaltToR3                4299510 times
00:52:54.406139 /PROF/CPU0/VM/Halt/R0HaltToR3/FromSpin             0 times
00:52:54.406145 /PROF/CPU0/VM/Halt/R0HaltToR3/Other                0 times
00:52:54.406150 /PROF/CPU0/VM/Halt/R0HaltToR3/PendingFF       154520 times
00:52:54.406153 /PROF/CPU0/VM/Halt/R0HaltToR3/PostWaitNoInt   3676143 times
00:52:54.406158 /PROF/CPU0/VM/Halt/R0HaltToR3/PostWaitPendingFF      5183 times
00:52:54.406163 /PROF/CPU0/VM/Halt/R0HaltToR3/SmallDelta      463664 times
00:52:54.406169 /PROF/CPU0/VM/Halt/Timers                        304 ns/call ( 88005836748 ns, 288596850 calls, max  26398157, min       2)
00:52:54.406175 /PROF/CPU0/VM/Halt/Yield                        2579 ns/call (  1010458334 ns,  391801 calls, max    246348, min       1)
00:52:54.406180 /Public/NetAdapter/0/BytesReceived            397506 bytes
00:52:54.406186 /Public/NetAdapter/0/BytesTransmitted          19298 bytes
00:52:54.406191 /Public/NetAdapter/0/e1000                         0 
00:52:54.406196 /Public/Storage/AHCI0/Port0/BytesRead      664151552 bytes
00:52:54.406201 /Public/Storage/AHCI0/Port0/BytesWritten   136397824 bytes
00:52:54.406206 /Public/Storage/AHCI0/Port0/QueryBufAttempts         0 count
00:52:54.406211 /Public/Storage/AHCI0/Port0/QueryBufSuccess         0 count
00:52:54.406215 /Public/Storage/AHCI0/Port0/ReqsFlush            254 count
00:52:54.406220 /Public/Storage/AHCI0/Port0/ReqsRead           11285 count
00:52:54.406225 /Public/Storage/AHCI0/Port0/ReqsSubmitted      13642 count
00:52:54.406230 /Public/Storage/AHCI0/Port0/ReqsSucceeded      13642 count
00:52:54.406235 /Public/Storage/AHCI0/Port0/ReqsWrite           2103 count
00:52:54.406238 /Public/Storage/PIIX3IDE0/Port0/QueryBufAttempts         0 count
00:52:54.406243 /Public/Storage/PIIX3IDE0/Port0/QueryBufSuccess         0 count
00:52:54.406250 /SELM/LoadHidSel/GstReadErrors                     0 times
00:52:54.406255 /SELM/LoadHidSel/NoGoodGuest                       0 times
00:52:54.406261 /TM/CPU/00/cNsExecuting                    62817967691 ns
00:52:54.406266 /TM/CPU/00/cNsHalted                       325639090174 ns
00:52:54.406272 /TM/CPU/00/cNsOther                        2778294820038 ns
00:52:54.406277 /TM/CPU/00/cNsTotal                        3166751877903 ns
00:52:54.406283 /TM/CPU/00/cPeriodsExecuting                22082611 count
00:52:54.406286 /TM/CPU/00/cPeriodsHalted                    4146685 count
00:52:54.406293 /TM/CPU/00/pctExecuting                            1 %
00:52:54.406300 /TM/CPU/00/pctHalted                              10 %
00:52:54.406306 /TM/CPU/00/pctOther                               87 %
00:52:54.406312 /TM/CPU/pctExecuting                               1 %
00:52:54.406318 /TM/CPU/pctHalted                                 10 %
00:52:54.406327 /TM/CPU/pctOther                                  87 %
00:52:54.406333 /TM/MaxHzHint                                      0 Hz
00:52:54.406337 /TM/MaxHzHint/real                                 0 Hz
00:52:54.406340 /TM/MaxHzHint/tsc                                  0 Hz
00:52:54.406345 /TM/MaxHzHint/virtual                              0 Hz
00:52:54.406350 /TM/MaxHzHint/virtual_sync                         0 Hz
00:52:54.406355 /TM/PIT/Handler                                    0 ticks/call (           0 ticks,       0 calls, max         0, min      -1)
00:52:54.406359 /TM/PIT/Irq                                        0 times
00:52:54.406365 /TM/R3/1nsSteps                              7135063 times
00:52:54.406369 /TM/TSC/offCPU0                            19935174397839 ticks
00:52:54.406373 /TM/VirtualSync/CurrentOffset                    427 ns
00:52:54.406377 /TRPM/ForwardRaw/IRQ/21                           64 times
00:52:54.406382 /TRPM/ForwardRaw/IRQ/23                            3 times
00:52:54.406388 /TRPM/ForwardRaw/IRQ/24                          116 times
00:52:54.406393 /TRPM/ForwardRaw/IRQ/26                         3804 times
00:52:54.406398 /TRPM/ForwardRaw/IRQ/28                         2567 times
00:52:54.406402 /TRPM/ForwardRaw/IRQ/30                           58 times
00:52:54.406421 /TRPM/ForwardRaw/IRQ/EC                      4314489 times
00:52:54.406429 /TRPM/ForwardRaw/TRAP/08                          38 times
00:52:54.406435 /TRPM/ForwardRaw/TRAP/09                           3 times
00:52:54.406442 /VMM/EmtHashCollisions/Emt00                       0 times
00:52:54.406447 /VMM/LogFlush/00-Flushes                           0 times
00:52:54.406452 /VMM/LogFlush/00-NoWakups                          0 times
00:52:54.406457 /VMM/LogFlush/CPU0/Rel/cbBuf                    4096 bytes
00:52:54.406463 /VUSB/0/cUrbsInPool                                0 count
00:52:54.406469 /VUSB/1/cUrbsInPool                                0 count
00:52:54.406473 ********************* End of statistics **********************
00:52:54.407059 VUSB: Detached 'HidMouse' from port 4294967295 on RootHub#1
00:52:54.408503 E1000#0: Interrupt attempts: 2376
00:52:54.408529 E1000#0: Interrupts raised : 1866
00:52:54.408536 E1000#0: Interrupts lowered: 15
00:52:54.408541 E1000#0: ICR outside ISR   : 0
00:52:54.408546 E1000#0: IMS raised ints   : 73
00:52:54.408551 E1000#0: Interrupts skipped: 359
00:52:54.408556 E1000#0: Masked interrupts : 151
00:52:54.408562 E1000#0: Early interrupts  : 0
00:52:54.408567 E1000#0: Late interrupts   : 22
00:52:54.408570 E1000#0: Lost interrupts   : 0
00:52:54.408574 E1000#0: Interrupts by RX  : 303
00:52:54.408579 E1000#0: Interrupts by TX  : 271
00:52:54.408583 E1000#0: Interrupts by ICS : 1546
00:52:54.408586 E1000#0: Interrupts by RDTR: 0
00:52:54.408589 E1000#0: Interrupts by RDMT: 0
00:52:54.408592 E1000#0: Interrupts by TXQE: 0
00:52:54.408595 E1000#0: TX int delay asked: 0
00:52:54.408598 E1000#0: TX delayed:         0
00:52:54.408602 E1000#0: TX delay expired:   0
00:52:54.408607 E1000#0: TX no report asked: 247
00:52:54.408612 E1000#0: TX abs timer expd : 0
00:52:54.408616 E1000#0: TX int timer expd : 0
00:52:54.408621 E1000#0: RX abs timer expd : 0
00:52:54.408625 E1000#0: RX int timer expd : 0
00:52:54.408629 E1000#0: TX CTX descriptors: 239
00:52:54.408634 E1000#0: TX DAT descriptors: 247
00:52:54.408638 E1000#0: TX LEG descriptors: 32
00:52:54.408641 E1000#0: Received frames   : 303
00:52:54.408644 E1000#0: Transmitted frames: 271
00:52:54.408648 E1000#0: TX frames up to 1514: 271
00:52:54.408651 E1000#0: TX frames up to 2962: 0
00:52:54.408653 E1000#0: TX frames up to 4410: 0
00:52:54.408661 E1000#0: TX frames up to 5858: 0
00:52:54.408669 E1000#0: TX frames up to 7306: 0
00:52:54.408673 E1000#0: TX frames up to 8754: 0
00:52:54.408676 E1000#0: TX frames up to 16384: 0
00:52:54.408679 E1000#0: TX frames up to 32768: 0
00:52:54.408682 E1000#0: Larger TX frames    : 0
00:52:54.408687 E1000#0: Max TX Delay        : 0
00:52:54.409900 GIM: KVM: Resetting MSRs
00:52:54.410844 vmmR3LogFlusher: Terminating (VERR_OBJECT_DESTROYED)
00:52:54.410911 Changing the VM state from 'DESTROYING' to 'TERMINATED'
00:52:54.410931 Console: Machine state changed to 'Saved'
00:52:54.429574 ERROR [COM]: aRC=VBOX_E_FILE_ERROR (0x80bb0004) aIID={6ac83d89-6ee7-4e33-8ae6-b257b2e81be8} aComponent={ConsoleWrap} aText={The saved state file '' is invalid (VERR_PATH_NOT_FOUND). Delete the saved state and try again}, preserve=false aResultDetail=-103
00:52:54.500754 GUI: Request for async QApp quit.
00:52:54.507926 GUI: UICommon: Handling aboutToQuit request..
00:52:55.936746 GUI: UICommon: aboutToQuit request handled!
